created_at,annotation_type,book_key,corpus_row,google_volume_id,canonical_isbn_13,isbn_13,isbn_10,title,author,concept_slug,concept_name,parent_slug,parent_name,strength,strength_label,notes
2026-05-15T02:06:17+00:00,manual,isbn13:9789811084973,1,pn1TDwAAQBAJ,9789811084973,9789811084973,9811084971,Capital Markets Trading and Investment Strategies in China,Xiaojiang Zhang,asset_classes_and_financial_instruments,Asset Classes and Financial Instruments,market_foundations,Market Foundations,0.5,weak,"Description explicitly mentions financial instruments and market participants, but full depth not verified."
2026-05-15T02:12:52+00:00,manual,isbn13:9782808697651,14,s7dTEQAAQBAJ,9782808697651,9782808697651,2808697651,Mastering Value Investing,Peter Benedikt,financial_statement_analysis,Financial Statement Analysis,fundamental_analysis_and_valuation,Fundamental Analysis and Valuation,0.5,weak,Smoke test annotation; metadata suggests financial statement analysis but depth not verified.
2026-05-15T02:38:09+00:00,manual,isbn13:9781101659199,8,teitAAAAQBAJ,9781101659199,9781101659199,110165919X,Technical Analysis of the Financial Markets,John J. Murphy,trend_analysis,Trend Analysis,technical_analysis_and_market_structure,Technical Analysis and Market Structure,1.0,confirmed,"Core technical analysis text; teaches trends, trendlines, and trend identification as major recurring topics."
2026-05-15T02:38:36+00:00,manual,isbn13:9781101659199,8,teitAAAAQBAJ,9781101659199,9781101659199,110165919X,Technical Analysis of the Financial Markets,John J. Murphy,support_and_resistance,Support and Resistance,technical_analysis_and_market_structure,Technical Analysis and Market Structure,1.0,confirmed,"Teaches support, resistance, prior highs/lows, breakouts, and related level-based analysis."
2026-05-15T02:39:05+00:00,manual,isbn13:9781101659199,8,teitAAAAQBAJ,9781101659199,9781101659199,110165919X,Technical Analysis of the Financial Markets,John J. Murphy,chart_patterns_and_price_action,Chart Patterns and Price Action,technical_analysis_and_market_structure,Technical Analysis and Market Structure,1.0,confirmed,Covers major reversal and continuation chart patterns in depth.
2026-05-15T02:40:14+00:00,manual,isbn13:9781101659199,8,teitAAAAQBAJ,9781101659199,9781101659199,110165919X,Technical Analysis of the Financial Markets,John J. Murphy,volume_analysis,Volume Analysis,technical_analysis_and_market_structure,Technical Analysis and Market Structure,1.0,confirmed,Teaches volume and open interest as confirmation tools for price movement.
2026-05-15T02:40:35+00:00,manual,isbn13:9781101659199,8,teitAAAAQBAJ,9781101659199,9781101659199,110165919X,Technical Analysis of the Financial Markets,John J. Murphy,momentum_and_technical_indicators,Momentum and Technical Indicators,technical_analysis_and_market_structure,Technical Analysis and Market Structure,1.0,confirmed,"Covers moving averages, oscillators, and technical indicators as major analytical tools."
2026-05-15T02:40:55+00:00,manual,isbn13:9781101659199,8,teitAAAAQBAJ,9781101659199,9781101659199,110165919X,Technical Analysis of the Financial Markets,John J. Murphy,market_structure_and_regime_identification,Market Structure and Regime Identification,technical_analysis_and_market_structure,Technical Analysis and Market Structure,1.0,confirmed,"Teaches identifying market phases such as trends, reversals, continuations, and major technical conditions."
2026-05-15T02:41:23+00:00,manual,isbn13:9781101659199,8,teitAAAAQBAJ,9781101659199,9781101659199,110165919X,Technical Analysis of the Financial Markets,John J. Murphy,strategy_design_and_rule_definition,Strategy Design and Rule Definition,strategy_systems_and_execution,"Strategy, Systems, and Execution",1.0,confirmed,"Translates technical patterns and indicators into trading methods, applications, and rule-based setups."
2026-05-15T02:56:10+00:00,manual,isbn13:9781118238141,38,OmaeIdd95EQC,9781118238141,9781118238141,1118238141,The Art and Science of Technical Analysis,Adam Grimes,trend_analysis,Trend Analysis,technical_analysis_and_market_structure,Technical Analysis and Market Structure,1.0,confirmed,"Major focus of the book; teaches trends, trend structure, trend continuation, and trend failure."
2026-05-15T02:56:52+00:00,manual,isbn13:9781118238141,38,OmaeIdd95EQC,9781118238141,9781118238141,1118238141,The Art and Science of Technical Analysis,Adam Grimes,support_and_resistance,Support and Resistance,technical_analysis_and_market_structure,Technical Analysis and Market Structure,1.0,confirmed,Teaches support and resistance as core market structure and price action concepts.
2026-05-15T02:57:12+00:00,manual,isbn13:9781118238141,38,OmaeIdd95EQC,9781118238141,9781118238141,1118238141,The Art and Science of Technical Analysis,Adam Grimes,chart_patterns_and_price_action,Chart Patterns and Price Action,technical_analysis_and_market_structure,Technical Analysis and Market Structure,1.0,confirmed,"Central focus; teaches price action, setups, pullbacks, breakouts, and chart behavior."
2026-05-15T02:57:32+00:00,manual,isbn13:9781118238141,38,OmaeIdd95EQC,9781118238141,9781118238141,1118238141,The Art and Science of Technical Analysis,Adam Grimes,momentum_and_technical_indicators,Momentum and Technical Indicators,technical_analysis_and_market_structure,Technical Analysis and Market Structure,1.0,confirmed,Covers momentum concepts and indicator use as part of technical trading analysis.
2026-05-15T02:57:54+00:00,manual,isbn13:9781118238141,38,OmaeIdd95EQC,9781118238141,9781118238141,1118238141,The Art and Science of Technical Analysis,Adam Grimes,market_structure_and_regime_identification,Market Structure and Regime Identification,technical_analysis_and_market_structure,Technical Analysis and Market Structure,1.0,confirmed,"Core theme of the book; teaches market structure, regimes, trends, ranges, and transitions."
2026-05-15T02:58:11+00:00,manual,isbn13:9781118238141,38,OmaeIdd95EQC,9781118238141,9781118238141,1118238141,The Art and Science of Technical Analysis,Adam Grimes,position_sizing,Position Sizing,risk_management,Risk Management,1.0,confirmed,Covers sizing and risk allocation as part of practical trading risk management.
2026-05-15T02:58:32+00:00,manual,isbn13:9781118238141,38,OmaeIdd95EQC,9781118238141,9781118238141,1118238141,The Art and Science of Technical Analysis,Adam Grimes,stop_loss_and_exit_rules,Stop-Loss and Exit Rules,risk_management,Risk Management,1.0,confirmed,"Teaches stop placement, invalidation, and exit logic as part of trade management."
2026-05-15T02:58:57+00:00,manual,isbn13:9781118238141,38,OmaeIdd95EQC,9781118238141,9781118238141,1118238141,The Art and Science of Technical Analysis,Adam Grimes,risk_reward_and_expectancy,Risk-Reward and Expectancy,risk_management,Risk Management,1.0,confirmed,"Covers risk, reward, expectancy, and long-run trade outcome thinking."
2026-05-15T02:59:15+00:00,manual,isbn13:9781118238141,38,OmaeIdd95EQC,9781118238141,9781118238141,1118238141,The Art and Science of Technical Analysis,Adam Grimes,strategy_design_and_rule_definition,Strategy Design and Rule Definition,strategy_systems_and_execution,"Strategy, Systems, and Execution",1.0,confirmed,Turns market structure and price action ideas into defined trading setups and rules.
2026-05-15T02:59:35+00:00,manual,isbn13:9781118238141,38,OmaeIdd95EQC,9781118238141,9781118238141,1118238141,The Art and Science of Technical Analysis,Adam Grimes,trade_planning_and_preparation,Trade Planning and Preparation,strategy_systems_and_execution,"Strategy, Systems, and Execution",1.0,confirmed,"Teaches planning trades around setup, entry, risk, target, and context."
2026-05-15T02:59:51+00:00,manual,isbn13:9781118238141,38,OmaeIdd95EQC,9781118238141,9781118238141,1118238141,The Art and Science of Technical Analysis,Adam Grimes,journaling_and_performance_review,Journaling and Performance Review,strategy_systems_and_execution,"Strategy, Systems, and Execution",1.0,confirmed,Discusses review and improvement of trading performance as part of developing skill.
2026-05-15T03:00:07+00:00,manual,isbn13:9781118238141,38,OmaeIdd95EQC,9781118238141,9781118238141,1118238141,The Art and Science of Technical Analysis,Adam Grimes,cognitive_biases,Cognitive Biases,trading_psychology_and_behavioral_finance,Trading Psychology and Behavioral Finance,1.0,confirmed,Covers trader decision errors and psychological biases that affect market judgment.
2026-05-15T03:00:31+00:00,manual,isbn13:9781118238141,38,OmaeIdd95EQC,9781118238141,9781118238141,1118238141,The Art and Science of Technical Analysis,Adam Grimes,emotional_discipline,Emotional Discipline,trading_psychology_and_behavioral_finance,Trading Psychology and Behavioral Finance,1.0,confirmed,"Covers discipline, emotional control, and psychological consistency in trading."
2026-05-15T03:00:48+00:00,manual,isbn13:9781118238141,38,OmaeIdd95EQC,9781118238141,9781118238141,1118238141,The Art and Science of Technical Analysis,Adam Grimes,probabilistic_thinking_and_uncertainty,Probabilistic Thinking and Uncertainty,trading_psychology_and_behavioral_finance,Trading Psychology and Behavioral Finance,1.0,confirmed,"Emphasizes uncertainty, probabilities, randomness, and thinking in distributions."
2026-05-16T05:34:25+00:00,manual_audit,isbn13:9781101659199,8,teitAAAAQBAJ,9781101659199,9781101659199,110165919X,Technical Analysis of the Financial Markets,John J. Murphy,order_types_and_execution_mechanics,Order Types and Execution Mechanics,market_foundations,Market Foundations,0.5,weak,"Imported from docs/audit_notes.md (v0.1, 2026-05-12)"
2026-05-16T05:34:25+00:00,manual_audit,isbn13:9780062312686,420,Rk13rgEACAAJ,9780062312686,9780062312686,0062312685,The Intelligent Investor,Benjamin Graham,financial_statement_analysis,Financial Statement Analysis,fundamental_analysis_and_valuation,Fundamental Analysis and Valuation,0.5,weak,"Imported from docs/audit_notes.md (v0.1, 2026-05-12)"
2026-05-16T05:34:25+00:00,manual_audit,isbn13:9780062312686,420,Rk13rgEACAAJ,9780062312686,9780062312686,0062312685,The Intelligent Investor,Benjamin Graham,intrinsic_value_estimation,Intrinsic Value Estimation,fundamental_analysis_and_valuation,Fundamental Analysis and Valuation,1.0,confirmed,"Imported from docs/audit_notes.md (v0.1, 2026-05-12)"
2026-05-16T05:34:25+00:00,manual_audit,isbn13:9780062312686,420,Rk13rgEACAAJ,9780062312686,9780062312686,0062312685,The Intelligent Investor,Benjamin Graham,valuation_multiples_and_relative_valuation,Valuation Multiples and Relative Valuation,fundamental_analysis_and_valuation,Fundamental Analysis and Valuation,1.0,confirmed,"Imported from docs/audit_notes.md (v0.1, 2026-05-12)"
2026-05-16T05:34:25+00:00,manual_audit,isbn13:9780062312686,420,Rk13rgEACAAJ,9780062312686,9780062312686,0062312685,The Intelligent Investor,Benjamin Graham,margin_of_safety,Margin of Safety,fundamental_analysis_and_valuation,Fundamental Analysis and Valuation,1.0,confirmed,"Imported from docs/audit_notes.md (v0.1, 2026-05-12)"
2026-05-16T05:34:25+00:00,manual_audit,isbn13:9780062312686,420,Rk13rgEACAAJ,9780062312686,9780062312686,0062312685,The Intelligent Investor,Benjamin Graham,asset_allocation,Asset Allocation,portfolio_construction_and_asset_allocation,Portfolio Construction and Asset Allocation,1.0,confirmed,"Imported from docs/audit_notes.md (v0.1, 2026-05-12)"
2026-05-16T05:34:25+00:00,manual_audit,isbn13:9780062312686,420,Rk13rgEACAAJ,9780062312686,9780062312686,0062312685,The Intelligent Investor,Benjamin Graham,diversification,Diversification,portfolio_construction_and_asset_allocation,Portfolio Construction and Asset Allocation,1.0,confirmed,"Imported from docs/audit_notes.md (v0.1, 2026-05-12)"
2026-05-16T05:34:25+00:00,manual_audit,isbn13:9780062312686,420,Rk13rgEACAAJ,9780062312686,9780062312686,0062312685,The Intelligent Investor,Benjamin Graham,passive_vs_active_portfolio_management,Passive vs Active Portfolio Management,portfolio_construction_and_asset_allocation,Portfolio Construction and Asset Allocation,1.0,confirmed,"Imported from docs/audit_notes.md (v0.1, 2026-05-12)"
2026-05-16T05:34:25+00:00,manual_audit,isbn13:9780062312686,420,Rk13rgEACAAJ,9780062312686,9780062312686,0062312685,The Intelligent Investor,Benjamin Graham,time_horizon_and_goal_based_investing,Time Horizon and Goal-Based Investing,portfolio_construction_and_asset_allocation,Portfolio Construction and Asset Allocation,0.5,weak,"Imported from docs/audit_notes.md (v0.1, 2026-05-12)"
2026-05-16T05:34:25+00:00,manual_audit,isbn13:9780062312686,420,Rk13rgEACAAJ,9780062312686,9780062312686,0062312685,The Intelligent Investor,Benjamin Graham,inflation_and_purchasing_power,Inflation and Purchasing Power,macro_cycles_and_economic_context,"Macro, Cycles, and Economic Context",1.0,confirmed,"Imported from docs/audit_notes.md (v0.1, 2026-05-12)"
2026-05-16T05:34:25+00:00,manual_audit,isbn13:9780062312686,420,Rk13rgEACAAJ,9780062312686,9780062312686,0062312685,The Intelligent Investor,Benjamin Graham,emotional_discipline,Emotional Discipline,trading_psychology_and_behavioral_finance,Trading Psychology and Behavioral Finance,1.0,confirmed,"Imported from docs/audit_notes.md (v0.1, 2026-05-12)"
2026-05-16T05:34:25+00:00,manual_audit,isbn13:9780062312686,420,Rk13rgEACAAJ,9780062312686,9780062312686,0062312685,The Intelligent Investor,Benjamin Graham,process_oriented_decision_making,Process-Oriented Decision Making,trading_psychology_and_behavioral_finance,Trading Psychology and Behavioral Finance,1.0,confirmed,"Imported from docs/audit_notes.md (v0.1, 2026-05-12)"
2026-05-16T05:34:25+00:00,manual_audit,isbn13:9780857197696,421,TnrrDwAAQBAJ,9780857197696,9780857197696,085719769X,The Psychology of Money,Morgan Housel,cognitive_biases,Cognitive Biases,trading_psychology_and_behavioral_finance,Trading Psychology and Behavioral Finance,1.0,confirmed,"Imported from docs/audit_notes.md (v0.1, 2026-05-12)"
2026-05-16T05:34:25+00:00,manual_audit,isbn13:9780857197696,421,TnrrDwAAQBAJ,9780857197696,9780857197696,085719769X,The Psychology of Money,Morgan Housel,emotional_discipline,Emotional Discipline,trading_psychology_and_behavioral_finance,Trading Psychology and Behavioral Finance,1.0,confirmed,"Imported from docs/audit_notes.md (v0.1, 2026-05-12)"
2026-05-16T05:34:25+00:00,manual_audit,isbn13:9780857197696,421,TnrrDwAAQBAJ,9780857197696,9780857197696,085719769X,The Psychology of Money,Morgan Housel,loss_aversion_and_drawdown_psychology,Loss Aversion and Drawdown Psychology,trading_psychology_and_behavioral_finance,Trading Psychology and Behavioral Finance,1.0,confirmed,"Imported from docs/audit_notes.md (v0.1, 2026-05-12)"
2026-05-16T05:34:25+00:00,manual_audit,isbn13:9780857197696,421,TnrrDwAAQBAJ,9780857197696,9780857197696,085719769X,The Psychology of Money,Morgan Housel,probabilistic_thinking_and_uncertainty,Probabilistic Thinking and Uncertainty,trading_psychology_and_behavioral_finance,Trading Psychology and Behavioral Finance,1.0,confirmed,"Imported from docs/audit_notes.md (v0.1, 2026-05-12)"
2026-05-16T05:34:25+00:00,manual_audit,isbn13:9780857197696,421,TnrrDwAAQBAJ,9780857197696,9780857197696,085719769X,The Psychology of Money,Morgan Housel,process_oriented_decision_making,Process-Oriented Decision Making,trading_psychology_and_behavioral_finance,Trading Psychology and Behavioral Finance,1.0,confirmed,"Imported from docs/audit_notes.md (v0.1, 2026-05-12)"
2026-05-16T05:34:25+00:00,manual_audit,isbn13:9780857197696,421,TnrrDwAAQBAJ,9780857197696,9780857197696,085719769X,The Psychology of Money,Morgan Housel,overtrading_and_impulse_control,Overtrading and Impulse Control,trading_psychology_and_behavioral_finance,Trading Psychology and Behavioral Finance,1.0,confirmed,"Imported from docs/audit_notes.md (v0.1, 2026-05-12)"
2026-05-16T05:34:25+00:00,manual_audit,isbn13:9780857197696,421,TnrrDwAAQBAJ,9780857197696,9780857197696,085719769X,The Psychology of Money,Morgan Housel,time_horizon_and_goal_based_investing,Time Horizon and Goal-Based Investing,portfolio_construction_and_asset_allocation,Portfolio Construction and Asset Allocation,1.0,confirmed,"Imported from docs/audit_notes.md (v0.1, 2026-05-12)"
2026-05-16T05:34:25+00:00,manual_audit,isbn13:9781440625411,422,8SL6VVMa9AcC,9781440625411,9781440625411,1440625417,Trading in the Zone,Mark Douglas,emotional_discipline,Emotional Discipline,trading_psychology_and_behavioral_finance,Trading Psychology and Behavioral Finance,1.0,confirmed,"Imported from docs/audit_notes.md (v0.1, 2026-05-12)"
2026-05-16T05:34:25+00:00,manual_audit,isbn13:9781440625411,422,8SL6VVMa9AcC,9781440625411,9781440625411,1440625417,Trading in the Zone,Mark Douglas,cognitive_biases,Cognitive Biases,trading_psychology_and_behavioral_finance,Trading Psychology and Behavioral Finance,1.0,confirmed,"Imported from docs/audit_notes.md (v0.1, 2026-05-12)"
2026-05-16T05:34:25+00:00,manual_audit,isbn13:9781440625411,422,8SL6VVMa9AcC,9781440625411,9781440625411,1440625417,Trading in the Zone,Mark Douglas,loss_aversion_and_drawdown_psychology,Loss Aversion and Drawdown Psychology,trading_psychology_and_behavioral_finance,Trading Psychology and Behavioral Finance,1.0,confirmed,"Imported from docs/audit_notes.md (v0.1, 2026-05-12)"
2026-05-16T05:34:25+00:00,manual_audit,isbn13:9781440625411,422,8SL6VVMa9AcC,9781440625411,9781440625411,1440625417,Trading in the Zone,Mark Douglas,process_oriented_decision_making,Process-Oriented Decision Making,trading_psychology_and_behavioral_finance,Trading Psychology and Behavioral Finance,1.0,confirmed,"Imported from docs/audit_notes.md (v0.1, 2026-05-12)"
2026-05-16T05:34:25+00:00,manual_audit,isbn13:9781440625411,422,8SL6VVMa9AcC,9781440625411,9781440625411,1440625417,Trading in the Zone,Mark Douglas,probabilistic_thinking_and_uncertainty,Probabilistic Thinking and Uncertainty,trading_psychology_and_behavioral_finance,Trading Psychology and Behavioral Finance,1.0,confirmed,"Imported from docs/audit_notes.md (v0.1, 2026-05-12)"
2026-05-16T05:34:25+00:00,manual_audit,isbn13:9780578565651,423,Z9GNzwEACAAJ,9780578565651,9780578565651,057856565X,Big Debt Crises,Ray Dalio,credit_debt_and_financial_crises,"Credit, Debt, and Financial Crises",macro_cycles_and_economic_context,"Macro, Cycles, and Economic Context",1.0,confirmed,"Imported from docs/audit_notes.md (v0.1, 2026-05-12)"
2026-05-16T05:34:25+00:00,manual_audit,isbn13:9780578565651,423,Z9GNzwEACAAJ,9780578565651,9780578565651,057856565X,Big Debt Crises,Ray Dalio,business_cycles_and_market_cycles,Business Cycles and Market Cycles,macro_cycles_and_economic_context,"Macro, Cycles, and Economic Context",1.0,confirmed,"Imported from docs/audit_notes.md (v0.1, 2026-05-12)"
2026-05-16T05:34:25+00:00,manual_audit,isbn13:9780578565651,423,Z9GNzwEACAAJ,9780578565651,9780578565651,057856565X,Big Debt Crises,Ray Dalio,interest_rates_and_monetary_policy,Interest Rates and Monetary Policy,macro_cycles_and_economic_context,"Macro, Cycles, and Economic Context",1.0,confirmed,"Imported from docs/audit_notes.md (v0.1, 2026-05-12)"
2026-05-16T05:34:25+00:00,manual_audit,isbn13:9780578565651,423,Z9GNzwEACAAJ,9780578565651,9780578565651,057856565X,Big Debt Crises,Ray Dalio,inflation_and_purchasing_power,Inflation and Purchasing Power,macro_cycles_and_economic_context,"Macro, Cycles, and Economic Context",1.0,confirmed,"Imported from docs/audit_notes.md (v0.1, 2026-05-12)"
2026-05-16T05:34:25+00:00,manual_audit,isbn13:9780578565651,423,Z9GNzwEACAAJ,9780578565651,9780578565651,057856565X,Big Debt Crises,Ray Dalio,currency_and_global_macro_forces,Currency and Global Macro Forces,macro_cycles_and_economic_context,"Macro, Cycles, and Economic Context",1.0,confirmed,"Imported from docs/audit_notes.md (v0.1, 2026-05-12)"
2026-05-16T05:34:25+00:00,manual_audit,isbn13:9780578565651,423,Z9GNzwEACAAJ,9780578565651,9780578565651,057856565X,Big Debt Crises,Ray Dalio,economic_indicators_and_data_interpretation,Economic Indicators and Data Interpretation,macro_cycles_and_economic_context,"Macro, Cycles, and Economic Context",1.0,confirmed,"Imported from docs/audit_notes.md (v0.1, 2026-05-12)"
2026-05-16T05:34:25+00:00,manual_audit,isbn13:9780199726547,424,t-TQCwAAQBAJ,9780199726547,9780199726547,019972654X,Trading and Exchanges,Larry Harris,market_participants_and_incentives,Market Participants and Incentives,market_foundations,Market Foundations,1.0,confirmed,"Imported from docs/audit_notes.md (v0.1, 2026-05-12)"
2026-05-16T05:34:25+00:00,manual_audit,isbn13:9780199726547,424,t-TQCwAAQBAJ,9780199726547,9780199726547,019972654X,Trading and Exchanges,Larry Harris,exchanges_brokers_and_market_infrastructure,"Exchanges, Brokers, and Market Infrastructure",market_foundations,Market Foundations,1.0,confirmed,"Imported from docs/audit_notes.md (v0.1, 2026-05-12)"
2026-05-16T05:34:25+00:00,manual_audit,isbn13:9780199726547,424,t-TQCwAAQBAJ,9780199726547,9780199726547,019972654X,Trading and Exchanges,Larry Harris,order_types_and_execution_mechanics,Order Types and Execution Mechanics,market_foundations,Market Foundations,1.0,confirmed,"Imported from docs/audit_notes.md (v0.1, 2026-05-12)"
2026-05-16T05:34:25+00:00,manual_audit,isbn13:9780199726547,424,t-TQCwAAQBAJ,9780199726547,9780199726547,019972654X,Trading and Exchanges,Larry Harris,liquidity_and_market_depth,Liquidity and Market Depth,market_foundations,Market Foundations,1.0,confirmed,"Imported from docs/audit_notes.md (v0.1, 2026-05-12)"
2026-05-16T05:34:25+00:00,manual_audit,isbn13:9780199726547,424,t-TQCwAAQBAJ,9780199726547,9780199726547,019972654X,Trading and Exchanges,Larry Harris,price_formation_and_market_efficiency,Price Formation and Market Efficiency,market_foundations,Market Foundations,1.0,confirmed,"Imported from docs/audit_notes.md (v0.1, 2026-05-12)"
2026-05-16T05:34:25+00:00,manual_audit,isbn13:9780199726547,424,t-TQCwAAQBAJ,9780199726547,9780199726547,019972654X,Trading and Exchanges,Larry Harris,execution_quality_and_trade_implementation,Execution Quality and Trade Implementation,strategy_systems_and_execution,"Strategy, Systems, and Execution",1.0,confirmed,"Imported from docs/audit_notes.md (v0.1, 2026-05-12)"
2026-05-16T05:34:25+00:00,manual_audit,isbn13:9780070647626,425,5NAZE-RBJoEC,9780070647626,9780070647626,0070647623,Trade Your Way to Financial Freedom,Van K. Tharp,position_sizing,Position Sizing,risk_management,Risk Management,1.0,confirmed,"Imported from docs/audit_notes.md (v0.1, 2026-05-12)"
2026-05-16T05:34:25+00:00,manual_audit,isbn13:9780070647626,425,5NAZE-RBJoEC,9780070647626,9780070647626,0070647623,Trade Your Way to Financial Freedom,Van K. Tharp,stop_loss_and_exit_rules,Stop-Loss and Exit Rules,risk_management,Risk Management,1.0,confirmed,"Imported from docs/audit_notes.md (v0.1, 2026-05-12)"
2026-05-16T05:34:25+00:00,manual_audit,isbn13:9780070647626,425,5NAZE-RBJoEC,9780070647626,9780070647626,0070647623,Trade Your Way to Financial Freedom,Van K. Tharp,risk_reward_and_expectancy,Risk-Reward and Expectancy,risk_management,Risk Management,1.0,confirmed,"Imported from docs/audit_notes.md (v0.1, 2026-05-12)"
2026-05-16T05:34:25+00:00,manual_audit,isbn13:9780070647626,425,5NAZE-RBJoEC,9780070647626,9780070647626,0070647623,Trade Your Way to Financial Freedom,Van K. Tharp,drawdown_management,Drawdown Management,risk_management,Risk Management,1.0,confirmed,"Imported from docs/audit_notes.md (v0.1, 2026-05-12)"
2026-05-16T05:34:25+00:00,manual_audit,isbn13:9780070647626,425,5NAZE-RBJoEC,9780070647626,9780070647626,0070647623,Trade Your Way to Financial Freedom,Van K. Tharp,strategy_design_and_rule_definition,Strategy Design and Rule Definition,strategy_systems_and_execution,"Strategy, Systems, and Execution",1.0,confirmed,"Imported from docs/audit_notes.md (v0.1, 2026-05-12)"
2026-05-16T05:34:25+00:00,manual_audit,isbn13:9780070647626,425,5NAZE-RBJoEC,9780070647626,9780070647626,0070647623,Trade Your Way to Financial Freedom,Van K. Tharp,backtesting_and_strategy_validation,Backtesting and Strategy Validation,strategy_systems_and_execution,"Strategy, Systems, and Execution",1.0,confirmed,"Imported from docs/audit_notes.md (v0.1, 2026-05-12)"
2026-05-16T05:34:25+00:00,manual_audit,isbn13:9780070647626,425,5NAZE-RBJoEC,9780070647626,9780070647626,0070647623,Trade Your Way to Financial Freedom,Van K. Tharp,trade_planning_and_preparation,Trade Planning and Preparation,strategy_systems_and_execution,"Strategy, Systems, and Execution",1.0,confirmed,"Imported from docs/audit_notes.md (v0.1, 2026-05-12)"
2026-05-16T05:34:25+00:00,manual_audit,isbn13:9780070647626,425,5NAZE-RBJoEC,9780070647626,9780070647626,0070647623,Trade Your Way to Financial Freedom,Van K. Tharp,system_iteration_and_continuous_improvement,System Iteration and Continuous Improvement,strategy_systems_and_execution,"Strategy, Systems, and Execution",1.0,confirmed,"Imported from docs/audit_notes.md (v0.1, 2026-05-12)"
2026-05-16T05:34:25+00:00,manual_audit,isbn13:9780070647626,425,5NAZE-RBJoEC,9780070647626,9780070647626,0070647623,Trade Your Way to Financial Freedom,Van K. Tharp,cognitive_biases,Cognitive Biases,trading_psychology_and_behavioral_finance,Trading Psychology and Behavioral Finance,1.0,confirmed,"Imported from docs/audit_notes.md (v0.1, 2026-05-12)"
2026-05-16T05:34:25+00:00,manual_audit,isbn13:9780070647626,425,5NAZE-RBJoEC,9780070647626,9780070647626,0070647623,Trade Your Way to Financial Freedom,Van K. Tharp,process_oriented_decision_making,Process-Oriented Decision Making,trading_psychology_and_behavioral_finance,Trading Psychology and Behavioral Finance,1.0,confirmed,"Imported from docs/audit_notes.md (v0.1, 2026-05-12)"
2026-05-16T05:34:25+00:00,manual_audit,isbn13:9780471273820,426,mna7CdjGdcYC,9780471273820,9780471273820,0471273821,Come Into My Trading Room,Alexander Elder,emotional_discipline,Emotional Discipline,trading_psychology_and_behavioral_finance,Trading Psychology and Behavioral Finance,1.0,confirmed,"Imported from docs/audit_notes.md (v0.1, 2026-05-12)"
2026-05-16T05:34:25+00:00,manual_audit,isbn13:9780471273820,426,mna7CdjGdcYC,9780471273820,9780471273820,0471273821,Come Into My Trading Room,Alexander Elder,process_oriented_decision_making,Process-Oriented Decision Making,trading_psychology_and_behavioral_finance,Trading Psychology and Behavioral Finance,1.0,confirmed,"Imported from docs/audit_notes.md (v0.1, 2026-05-12)"
2026-05-16T05:34:25+00:00,manual_audit,isbn13:9780471273820,426,mna7CdjGdcYC,9780471273820,9780471273820,0471273821,Come Into My Trading Room,Alexander Elder,trend_analysis,Trend Analysis,technical_analysis_and_market_structure,Technical Analysis and Market Structure,1.0,confirmed,"Imported from docs/audit_notes.md (v0.1, 2026-05-12)"
2026-05-16T05:34:25+00:00,manual_audit,isbn13:9780471273820,426,mna7CdjGdcYC,9780471273820,9780471273820,0471273821,Come Into My Trading Room,Alexander Elder,momentum_and_technical_indicators,Momentum and Technical Indicators,technical_analysis_and_market_structure,Technical Analysis and Market Structure,1.0,confirmed,"Imported from docs/audit_notes.md (v0.1, 2026-05-12)"
2026-05-16T05:34:25+00:00,manual_audit,isbn13:9780471273820,426,mna7CdjGdcYC,9780471273820,9780471273820,0471273821,Come Into My Trading Room,Alexander Elder,market_structure_and_regime_identification,Market Structure and Regime Identification,technical_analysis_and_market_structure,Technical Analysis and Market Structure,1.0,confirmed,"Imported from docs/audit_notes.md (v0.1, 2026-05-12)"
2026-05-16T05:34:25+00:00,manual_audit,isbn13:9780471273820,426,mna7CdjGdcYC,9780471273820,9780471273820,0471273821,Come Into My Trading Room,Alexander Elder,position_sizing,Position Sizing,risk_management,Risk Management,1.0,confirmed,"Imported from docs/audit_notes.md (v0.1, 2026-05-12)"
2026-05-16T05:34:25+00:00,manual_audit,isbn13:9780471273820,426,mna7CdjGdcYC,9780471273820,9780471273820,0471273821,Come Into My Trading Room,Alexander Elder,stop_loss_and_exit_rules,Stop-Loss and Exit Rules,risk_management,Risk Management,1.0,confirmed,"Imported from docs/audit_notes.md (v0.1, 2026-05-12)"
2026-05-16T05:34:25+00:00,manual_audit,isbn13:9780471273820,426,mna7CdjGdcYC,9780471273820,9780471273820,0471273821,Come Into My Trading Room,Alexander Elder,drawdown_management,Drawdown Management,risk_management,Risk Management,1.0,confirmed,"Imported from docs/audit_notes.md (v0.1, 2026-05-12)"
2026-05-16T05:34:25+00:00,manual_audit,isbn13:9780471273820,426,mna7CdjGdcYC,9780471273820,9780471273820,0471273821,Come Into My Trading Room,Alexander Elder,exposure_and_concentration_limits,Exposure and Concentration Limits,risk_management,Risk Management,1.0,confirmed,"Imported from docs/audit_notes.md (v0.1, 2026-05-12)"
2026-05-16T05:34:25+00:00,manual_audit,isbn13:9780471273820,426,mna7CdjGdcYC,9780471273820,9780471273820,0471273821,Come Into My Trading Room,Alexander Elder,strategy_design_and_rule_definition,Strategy Design and Rule Definition,strategy_systems_and_execution,"Strategy, Systems, and Execution",1.0,confirmed,"Imported from docs/audit_notes.md (v0.1, 2026-05-12)"
2026-05-16T05:34:25+00:00,manual_audit,isbn13:9780471273820,426,mna7CdjGdcYC,9780471273820,9780471273820,0471273821,Come Into My Trading Room,Alexander Elder,backtesting_and_strategy_validation,Backtesting and Strategy Validation,strategy_systems_and_execution,"Strategy, Systems, and Execution",1.0,confirmed,"Imported from docs/audit_notes.md (v0.1, 2026-05-12)"
2026-05-16T05:34:25+00:00,manual_audit,isbn13:9780471273820,426,mna7CdjGdcYC,9780471273820,9780471273820,0471273821,Come Into My Trading Room,Alexander Elder,trade_planning_and_preparation,Trade Planning and Preparation,strategy_systems_and_execution,"Strategy, Systems, and Execution",1.0,confirmed,"Imported from docs/audit_notes.md (v0.1, 2026-05-12)"
2026-05-16T05:34:25+00:00,manual_audit,isbn13:9780471273820,426,mna7CdjGdcYC,9780471273820,9780471273820,0471273821,Come Into My Trading Room,Alexander Elder,journaling_and_performance_review,Journaling and Performance Review,strategy_systems_and_execution,"Strategy, Systems, and Execution",1.0,confirmed,"Imported from docs/audit_notes.md (v0.1, 2026-05-12)"
2026-05-16T05:34:25+00:00,manual_audit,isbn13:9781118005576,427,237PaZVtDjMC,9781118005576,9781118005576,1118005570,The New Sell and Sell Short,Alexander Elder,stop_loss_and_exit_rules,Stop-Loss and Exit Rules,risk_management,Risk Management,1.0,confirmed,"Imported from docs/audit_notes.md (v0.1, 2026-05-12)"
2026-05-16T05:34:25+00:00,manual_audit,isbn13:9781118005576,427,237PaZVtDjMC,9781118005576,9781118005576,1118005570,The New Sell and Sell Short,Alexander Elder,risk_reward_and_expectancy,Risk-Reward and Expectancy,risk_management,Risk Management,1.0,confirmed,"Imported from docs/audit_notes.md (v0.1, 2026-05-12)"
2026-05-16T05:34:25+00:00,manual_audit,isbn13:9781118005576,427,237PaZVtDjMC,9781118005576,9781118005576,1118005570,The New Sell and Sell Short,Alexander Elder,drawdown_management,Drawdown Management,risk_management,Risk Management,1.0,confirmed,"Imported from docs/audit_notes.md (v0.1, 2026-05-12)"
2026-05-16T05:34:25+00:00,manual_audit,isbn13:9781118005576,427,237PaZVtDjMC,9781118005576,9781118005576,1118005570,The New Sell and Sell Short,Alexander Elder,trend_analysis,Trend Analysis,technical_analysis_and_market_structure,Technical Analysis and Market Structure,1.0,confirmed,"Imported from docs/audit_notes.md (v0.1, 2026-05-12)"
2026-05-16T05:34:25+00:00,manual_audit,isbn13:9781118005576,427,237PaZVtDjMC,9781118005576,9781118005576,1118005570,The New Sell and Sell Short,Alexander Elder,support_and_resistance,Support and Resistance,technical_analysis_and_market_structure,Technical Analysis and Market Structure,1.0,confirmed,"Imported from docs/audit_notes.md (v0.1, 2026-05-12)"
2026-05-16T05:34:25+00:00,manual_audit,isbn13:9781118005576,427,237PaZVtDjMC,9781118005576,9781118005576,1118005570,The New Sell and Sell Short,Alexander Elder,market_structure_and_regime_identification,Market Structure and Regime Identification,technical_analysis_and_market_structure,Technical Analysis and Market Structure,1.0,confirmed,"Imported from docs/audit_notes.md (v0.1, 2026-05-12)"
2026-05-16T05:34:25+00:00,manual_audit,isbn13:9781118005576,427,237PaZVtDjMC,9781118005576,9781118005576,1118005570,The New Sell and Sell Short,Alexander Elder,strategy_design_and_rule_definition,Strategy Design and Rule Definition,strategy_systems_and_execution,"Strategy, Systems, and Execution",1.0,confirmed,"Imported from docs/audit_notes.md (v0.1, 2026-05-12)"
2026-05-16T05:34:25+00:00,manual_audit,isbn13:9781118005576,427,237PaZVtDjMC,9781118005576,9781118005576,1118005570,The New Sell and Sell Short,Alexander Elder,trade_planning_and_preparation,Trade Planning and Preparation,strategy_systems_and_execution,"Strategy, Systems, and Execution",1.0,confirmed,"Imported from docs/audit_notes.md (v0.1, 2026-05-12)"
2026-05-16T05:34:25+00:00,manual_audit,isbn13:9781118005576,427,237PaZVtDjMC,9781118005576,9781118005576,1118005570,The New Sell and Sell Short,Alexander Elder,emotional_discipline,Emotional Discipline,trading_psychology_and_behavioral_finance,Trading Psychology and Behavioral Finance,1.0,confirmed,"Imported from docs/audit_notes.md (v0.1, 2026-05-12)"
2026-05-16T05:34:25+00:00,manual_audit,google:rSkyvwEACAAJ,428,rSkyvwEACAAJ,,,,Entries & Exits,Alexander Elder,trade_planning_and_preparation,Trade Planning and Preparation,strategy_systems_and_execution,"Strategy, Systems, and Execution",1.0,confirmed,"Imported from docs/audit_notes.md (v0.1, 2026-05-12)"
2026-05-16T05:34:25+00:00,manual_audit,google:rSkyvwEACAAJ,428,rSkyvwEACAAJ,,,,Entries & Exits,Alexander Elder,journaling_and_performance_review,Journaling and Performance Review,strategy_systems_and_execution,"Strategy, Systems, and Execution",1.0,confirmed,"Imported from docs/audit_notes.md (v0.1, 2026-05-12)"
2026-05-16T05:34:25+00:00,manual_audit,google:rSkyvwEACAAJ,428,rSkyvwEACAAJ,,,,Entries & Exits,Alexander Elder,strategy_design_and_rule_definition,Strategy Design and Rule Definition,strategy_systems_and_execution,"Strategy, Systems, and Execution",1.0,confirmed,"Imported from docs/audit_notes.md (v0.1, 2026-05-12)"
2026-05-16T05:34:25+00:00,manual_audit,google:rSkyvwEACAAJ,428,rSkyvwEACAAJ,,,,Entries & Exits,Alexander Elder,execution_quality_and_trade_implementation,Execution Quality and Trade Implementation,strategy_systems_and_execution,"Strategy, Systems, and Execution",0.3,conditional,"Imported from docs/audit_notes.md (v0.1, 2026-05-12)"
2026-05-16T05:34:25+00:00,manual_audit,google:rSkyvwEACAAJ,428,rSkyvwEACAAJ,,,,Entries & Exits,Alexander Elder,process_oriented_decision_making,Process-Oriented Decision Making,trading_psychology_and_behavioral_finance,Trading Psychology and Behavioral Finance,1.0,confirmed,"Imported from docs/audit_notes.md (v0.1, 2026-05-12)"
2026-05-16T05:34:25+00:00,manual_audit,google:rSkyvwEACAAJ,428,rSkyvwEACAAJ,,,,Entries & Exits,Alexander Elder,stop_loss_and_exit_rules,Stop-Loss and Exit Rules,risk_management,Risk Management,1.0,confirmed,"Imported from docs/audit_notes.md (v0.1, 2026-05-12)"
2026-05-16T05:34:25+00:00,manual_audit,isbn13:9781118160589,429,jbD47VkOHAEC,9781118160589,9781118160589,1118160584,Evidence-Based Technical Analysis,David Aronson,backtesting_and_strategy_validation,Backtesting and Strategy Validation,strategy_systems_and_execution,"Strategy, Systems, and Execution",1.0,confirmed,"Imported from docs/audit_notes.md (v0.1, 2026-05-12)"
2026-05-16T05:34:25+00:00,manual_audit,isbn13:9781118160589,429,jbD47VkOHAEC,9781118160589,9781118160589,1118160584,Evidence-Based Technical Analysis,David Aronson,strategy_design_and_rule_definition,Strategy Design and Rule Definition,strategy_systems_and_execution,"Strategy, Systems, and Execution",1.0,confirmed,"Imported from docs/audit_notes.md (v0.1, 2026-05-12)"
2026-05-16T05:34:25+00:00,manual_audit,isbn13:9781118160589,429,jbD47VkOHAEC,9781118160589,9781118160589,1118160584,Evidence-Based Technical Analysis,David Aronson,system_iteration_and_continuous_improvement,System Iteration and Continuous Improvement,strategy_systems_and_execution,"Strategy, Systems, and Execution",1.0,confirmed,"Imported from docs/audit_notes.md (v0.1, 2026-05-12)"
2026-05-16T05:34:25+00:00,manual_audit,isbn13:9781118160589,429,jbD47VkOHAEC,9781118160589,9781118160589,1118160584,Evidence-Based Technical Analysis,David Aronson,process_oriented_decision_making,Process-Oriented Decision Making,trading_psychology_and_behavioral_finance,Trading Psychology and Behavioral Finance,1.0,confirmed,"Imported from docs/audit_notes.md (v0.1, 2026-05-12)"
2026-05-16T05:34:25+00:00,manual_audit,isbn13:9781118160589,429,jbD47VkOHAEC,9781118160589,9781118160589,1118160584,Evidence-Based Technical Analysis,David Aronson,probabilistic_thinking_and_uncertainty,Probabilistic Thinking and Uncertainty,trading_psychology_and_behavioral_finance,Trading Psychology and Behavioral Finance,1.0,confirmed,"Imported from docs/audit_notes.md (v0.1, 2026-05-12)"
2026-05-16T05:34:25+00:00,manual_audit,isbn13:9781118160589,429,jbD47VkOHAEC,9781118160589,9781118160589,1118160584,Evidence-Based Technical Analysis,David Aronson,price_formation_and_market_efficiency,Price Formation and Market Efficiency,market_foundations,Market Foundations,0.5,weak,"Imported from docs/audit_notes.md (v0.1, 2026-05-12)"
2026-05-16T05:34:25+00:00,manual_audit,google:pSUJAQAAMAAJ,430,pSUJAQAAMAAJ,,,,Market Wizards,Jack D. Schwager,emotional_discipline,Emotional Discipline,trading_psychology_and_behavioral_finance,Trading Psychology and Behavioral Finance,1.0,confirmed,"Imported from docs/audit_notes.md (v0.1, 2026-05-12)"
2026-05-16T05:34:25+00:00,manual_audit,google:pSUJAQAAMAAJ,430,pSUJAQAAMAAJ,,,,Market Wizards,Jack D. Schwager,process_oriented_decision_making,Process-Oriented Decision Making,trading_psychology_and_behavioral_finance,Trading Psychology and Behavioral Finance,1.0,confirmed,"Imported from docs/audit_notes.md (v0.1, 2026-05-12)"
2026-05-16T05:34:25+00:00,manual_audit,google:pSUJAQAAMAAJ,430,pSUJAQAAMAAJ,,,,Market Wizards,Jack D. Schwager,probabilistic_thinking_and_uncertainty,Probabilistic Thinking and Uncertainty,trading_psychology_and_behavioral_finance,Trading Psychology and Behavioral Finance,1.0,confirmed,"Imported from docs/audit_notes.md (v0.1, 2026-05-12)"
2026-05-16T05:34:25+00:00,manual_audit,google:pSUJAQAAMAAJ,430,pSUJAQAAMAAJ,,,,Market Wizards,Jack D. Schwager,position_sizing,Position Sizing,risk_management,Risk Management,1.0,confirmed,"Imported from docs/audit_notes.md (v0.1, 2026-05-12)"
2026-05-16T05:34:25+00:00,manual_audit,google:pSUJAQAAMAAJ,430,pSUJAQAAMAAJ,,,,Market Wizards,Jack D. Schwager,stop_loss_and_exit_rules,Stop-Loss and Exit Rules,risk_management,Risk Management,1.0,confirmed,"Imported from docs/audit_notes.md (v0.1, 2026-05-12)"
2026-05-16T05:34:25+00:00,manual_audit,google:pSUJAQAAMAAJ,430,pSUJAQAAMAAJ,,,,Market Wizards,Jack D. Schwager,drawdown_management,Drawdown Management,risk_management,Risk Management,1.0,confirmed,"Imported from docs/audit_notes.md (v0.1, 2026-05-12)"
2026-05-16T05:34:25+00:00,manual_audit,google:pSUJAQAAMAAJ,430,pSUJAQAAMAAJ,,,,Market Wizards,Jack D. Schwager,strategy_design_and_rule_definition,Strategy Design and Rule Definition,strategy_systems_and_execution,"Strategy, Systems, and Execution",1.0,confirmed,"Imported from docs/audit_notes.md (v0.1, 2026-05-12)"
2026-05-16T05:34:25+00:00,manual_audit,google:pSUJAQAAMAAJ,430,pSUJAQAAMAAJ,,,,Market Wizards,Jack D. Schwager,trade_planning_and_preparation,Trade Planning and Preparation,strategy_systems_and_execution,"Strategy, Systems, and Execution",1.0,confirmed,"Imported from docs/audit_notes.md (v0.1, 2026-05-12)"
2026-05-16T05:34:25+00:00,manual_audit,google:pSUJAQAAMAAJ,430,pSUJAQAAMAAJ,,,,Market Wizards,Jack D. Schwager,system_iteration_and_continuous_improvement,System Iteration and Continuous Improvement,strategy_systems_and_execution,"Strategy, Systems, and Execution",1.0,confirmed,"Imported from docs/audit_notes.md (v0.1, 2026-05-12)"
2026-05-16T05:34:25+00:00,manual_audit,isbn13:9780393325355,431,3cioifqOLxkC,9780393325355,9780393325355,0393325350,A Random Walk Down Wall Street,Burton Gordon Malkiel,price_formation_and_market_efficiency,Price Formation and Market Efficiency,market_foundations,Market Foundations,1.0,confirmed,"Imported from docs/audit_notes.md (v0.1, 2026-05-12)"
2026-05-16T05:34:25+00:00,manual_audit,isbn13:9780393325355,431,3cioifqOLxkC,9780393325355,9780393325355,0393325350,A Random Walk Down Wall Street,Burton Gordon Malkiel,passive_vs_active_portfolio_management,Passive vs Active Portfolio Management,portfolio_construction_and_asset_allocation,Portfolio Construction and Asset Allocation,1.0,confirmed,"Imported from docs/audit_notes.md (v0.1, 2026-05-12)"
2026-05-16T05:34:25+00:00,manual_audit,isbn13:9780393325355,431,3cioifqOLxkC,9780393325355,9780393325355,0393325350,A Random Walk Down Wall Street,Burton Gordon Malkiel,diversification,Diversification,portfolio_construction_and_asset_allocation,Portfolio Construction and Asset Allocation,1.0,confirmed,"Imported from docs/audit_notes.md (v0.1, 2026-05-12)"
2026-05-16T05:34:25+00:00,manual_audit,isbn13:9780393325355,431,3cioifqOLxkC,9780393325355,9780393325355,0393325350,A Random Walk Down Wall Street,Burton Gordon Malkiel,asset_allocation,Asset Allocation,portfolio_construction_and_asset_allocation,Portfolio Construction and Asset Allocation,1.0,confirmed,"Imported from docs/audit_notes.md (v0.1, 2026-05-12)"
2026-05-16T05:34:25+00:00,manual_audit,isbn13:9780393325355,431,3cioifqOLxkC,9780393325355,9780393325355,0393325350,A Random Walk Down Wall Street,Burton Gordon Malkiel,portfolio_rebalancing,Portfolio Rebalancing,portfolio_construction_and_asset_allocation,Portfolio Construction and Asset Allocation,1.0,confirmed,"Imported from docs/audit_notes.md (v0.1, 2026-05-12)"
2026-05-16T05:34:25+00:00,manual_audit,isbn13:9780393325355,431,3cioifqOLxkC,9780393325355,9780393325355,0393325350,A Random Walk Down Wall Street,Burton Gordon Malkiel,risk_return_tradeoff,Risk-Return Tradeoff,portfolio_construction_and_asset_allocation,Portfolio Construction and Asset Allocation,1.0,confirmed,"Imported from docs/audit_notes.md (v0.1, 2026-05-12)"
2026-05-16T05:34:25+00:00,manual_audit,isbn13:9780393325355,431,3cioifqOLxkC,9780393325355,9780393325355,0393325350,A Random Walk Down Wall Street,Burton Gordon Malkiel,time_horizon_and_goal_based_investing,Time Horizon and Goal-Based Investing,portfolio_construction_and_asset_allocation,Portfolio Construction and Asset Allocation,1.0,confirmed,"Imported from docs/audit_notes.md (v0.1, 2026-05-12)"
2026-05-16T05:34:25+00:00,manual_audit,isbn13:9780393325355,431,3cioifqOLxkC,9780393325355,9780393325355,0393325350,A Random Walk Down Wall Street,Burton Gordon Malkiel,cognitive_biases,Cognitive Biases,trading_psychology_and_behavioral_finance,Trading Psychology and Behavioral Finance,1.0,confirmed,"Imported from docs/audit_notes.md (v0.1, 2026-05-12)"
2026-05-16T05:34:25+00:00,manual_audit,isbn13:9780393325355,431,3cioifqOLxkC,9780393325355,9780393325355,0393325350,A Random Walk Down Wall Street,Burton Gordon Malkiel,loss_aversion_and_drawdown_psychology,Loss Aversion and Drawdown Psychology,trading_psychology_and_behavioral_finance,Trading Psychology and Behavioral Finance,1.0,confirmed,"Imported from docs/audit_notes.md (v0.1, 2026-05-12)"
2026-05-16T05:34:25+00:00,manual_audit,isbn13:9780393325355,431,3cioifqOLxkC,9780393325355,9780393325355,0393325350,A Random Walk Down Wall Street,Burton Gordon Malkiel,overtrading_and_impulse_control,Overtrading and Impulse Control,trading_psychology_and_behavioral_finance,Trading Psychology and Behavioral Finance,1.0,confirmed,"Imported from docs/audit_notes.md (v0.1, 2026-05-12)"
2026-05-16T05:34:25+00:00,manual_audit,isbn13:9781119404521,432,hMY2DwAAQBAJ,9781119404521,9781119404521,1119404525,The Little Book of Common Sense Investing,John C. Bogle,price_formation_and_market_efficiency,Price Formation and Market Efficiency,market_foundations,Market Foundations,1.0,confirmed,"Imported from docs/audit_notes.md (v0.1, 2026-05-12)"
2026-05-16T05:34:25+00:00,manual_audit,isbn13:9781119404521,432,hMY2DwAAQBAJ,9781119404521,9781119404521,1119404525,The Little Book of Common Sense Investing,John C. Bogle,passive_vs_active_portfolio_management,Passive vs Active Portfolio Management,portfolio_construction_and_asset_allocation,Portfolio Construction and Asset Allocation,1.0,confirmed,"Imported from docs/audit_notes.md (v0.1, 2026-05-12)"
2026-05-16T05:34:25+00:00,manual_audit,isbn13:9781119404521,432,hMY2DwAAQBAJ,9781119404521,9781119404521,1119404525,The Little Book of Common Sense Investing,John C. Bogle,diversification,Diversification,portfolio_construction_and_asset_allocation,Portfolio Construction and Asset Allocation,1.0,confirmed,"Imported from docs/audit_notes.md (v0.1, 2026-05-12)"
2026-05-16T05:34:25+00:00,manual_audit,isbn13:9781119404521,432,hMY2DwAAQBAJ,9781119404521,9781119404521,1119404525,The Little Book of Common Sense Investing,John C. Bogle,asset_allocation,Asset Allocation,portfolio_construction_and_asset_allocation,Portfolio Construction and Asset Allocation,1.0,confirmed,"Imported from docs/audit_notes.md (v0.1, 2026-05-12)"
2026-05-16T05:34:25+00:00,manual_audit,isbn13:9781119404521,432,hMY2DwAAQBAJ,9781119404521,9781119404521,1119404525,The Little Book of Common Sense Investing,John C. Bogle,risk_return_tradeoff,Risk-Return Tradeoff,portfolio_construction_and_asset_allocation,Portfolio Construction and Asset Allocation,1.0,confirmed,"Imported from docs/audit_notes.md (v0.1, 2026-05-12)"
2026-05-16T05:34:25+00:00,manual_audit,isbn13:9781119404521,432,hMY2DwAAQBAJ,9781119404521,9781119404521,1119404525,The Little Book of Common Sense Investing,John C. Bogle,time_horizon_and_goal_based_investing,Time Horizon and Goal-Based Investing,portfolio_construction_and_asset_allocation,Portfolio Construction and Asset Allocation,1.0,confirmed,"Imported from docs/audit_notes.md (v0.1, 2026-05-12)"
2026-05-16T05:34:25+00:00,manual_audit,isbn13:9781119404521,432,hMY2DwAAQBAJ,9781119404521,9781119404521,1119404525,The Little Book of Common Sense Investing,John C. Bogle,overtrading_and_impulse_control,Overtrading and Impulse Control,trading_psychology_and_behavioral_finance,Trading Psychology and Behavioral Finance,1.0,confirmed,"Imported from docs/audit_notes.md (v0.1, 2026-05-12)"
2026-05-16T05:34:25+00:00,manual_audit,isbn13:9781119404521,432,hMY2DwAAQBAJ,9781119404521,9781119404521,1119404525,The Little Book of Common Sense Investing,John C. Bogle,process_oriented_decision_making,Process-Oriented Decision Making,trading_psychology_and_behavioral_finance,Trading Psychology and Behavioral Finance,1.0,confirmed,"Imported from docs/audit_notes.md (v0.1, 2026-05-12)"
2026-05-16T05:34:25+00:00,manual_audit,isbn13:9781459607156,433,NYh93U24mesC,9781459607156,9781459607156,1459607155,The Little Book That Builds Wealth,Pat Dorsey,business_quality_and_competitive_advantage,Business Quality and Competitive Advantage,fundamental_analysis_and_valuation,Fundamental Analysis and Valuation,1.0,confirmed,"Imported from docs/audit_notes.md (v0.1, 2026-05-12)"
2026-05-16T05:34:25+00:00,manual_audit,isbn13:9781459607156,433,NYh93U24mesC,9781459607156,9781459607156,1459607155,The Little Book That Builds Wealth,Pat Dorsey,earnings_growth_and_profitability_drivers,"Earnings, Growth, and Profitability Drivers",fundamental_analysis_and_valuation,Fundamental Analysis and Valuation,1.0,confirmed,"Imported from docs/audit_notes.md (v0.1, 2026-05-12)"
2026-05-16T05:34:25+00:00,manual_audit,isbn13:9781459607156,433,NYh93U24mesC,9781459607156,9781459607156,1459607155,The Little Book That Builds Wealth,Pat Dorsey,intrinsic_value_estimation,Intrinsic Value Estimation,fundamental_analysis_and_valuation,Fundamental Analysis and Valuation,1.0,confirmed,"Imported from docs/audit_notes.md (v0.1, 2026-05-12)"
2026-05-16T05:34:25+00:00,manual_audit,isbn13:9781459607156,433,NYh93U24mesC,9781459607156,9781459607156,1459607155,The Little Book That Builds Wealth,Pat Dorsey,valuation_multiples_and_relative_valuation,Valuation Multiples and Relative Valuation,fundamental_analysis_and_valuation,Fundamental Analysis and Valuation,1.0,confirmed,"Imported from docs/audit_notes.md (v0.1, 2026-05-12)"
2026-05-16T05:34:25+00:00,manual_audit,isbn13:9781459607156,433,NYh93U24mesC,9781459607156,9781459607156,1459607155,The Little Book That Builds Wealth,Pat Dorsey,margin_of_safety,Margin of Safety,fundamental_analysis_and_valuation,Fundamental Analysis and Valuation,1.0,confirmed,"Imported from docs/audit_notes.md (v0.1, 2026-05-12)"
2026-05-16T05:34:25+00:00,manual_audit,isbn13:9781459607156,433,NYh93U24mesC,9781459607156,9781459607156,1459607155,The Little Book That Builds Wealth,Pat Dorsey,financial_statement_analysis,Financial Statement Analysis,fundamental_analysis_and_valuation,Fundamental Analysis and Valuation,1.0,confirmed,"Imported from docs/audit_notes.md (v0.1, 2026-05-12)"
2026-05-16T05:34:25+00:00,manual_audit,isbn13:9780071423472,434,cb6_SJN09qoC,9780071423472,9780071423472,0071423478,The Four Pillars of Investing,William J. Bernstein,asset_classes_and_financial_instruments,Asset Classes and Financial Instruments,market_foundations,Market Foundations,1.0,confirmed,"Imported from docs/audit_notes.md (v0.1, 2026-05-12)"
2026-05-16T05:34:25+00:00,manual_audit,isbn13:9780071423472,434,cb6_SJN09qoC,9780071423472,9780071423472,0071423478,The Four Pillars of Investing,William J. Bernstein,price_formation_and_market_efficiency,Price Formation and Market Efficiency,market_foundations,Market Foundations,1.0,confirmed,"Imported from docs/audit_notes.md (v0.1, 2026-05-12)"
2026-05-16T05:34:25+00:00,manual_audit,isbn13:9780071423472,434,cb6_SJN09qoC,9780071423472,9780071423472,0071423478,The Four Pillars of Investing,William J. Bernstein,market_participants_and_incentives,Market Participants and Incentives,market_foundations,Market Foundations,1.0,confirmed,"Imported from docs/audit_notes.md (v0.1, 2026-05-12)"
2026-05-16T05:34:25+00:00,manual_audit,isbn13:9780071423472,434,cb6_SJN09qoC,9780071423472,9780071423472,0071423478,The Four Pillars of Investing,William J. Bernstein,asset_allocation,Asset Allocation,portfolio_construction_and_asset_allocation,Portfolio Construction and Asset Allocation,1.0,confirmed,"Imported from docs/audit_notes.md (v0.1, 2026-05-12)"
2026-05-16T05:34:25+00:00,manual_audit,isbn13:9780071423472,434,cb6_SJN09qoC,9780071423472,9780071423472,0071423478,The Four Pillars of Investing,William J. Bernstein,diversification,Diversification,portfolio_construction_and_asset_allocation,Portfolio Construction and Asset Allocation,1.0,confirmed,"Imported from docs/audit_notes.md (v0.1, 2026-05-12)"
2026-05-16T05:34:25+00:00,manual_audit,isbn13:9780071423472,434,cb6_SJN09qoC,9780071423472,9780071423472,0071423478,The Four Pillars of Investing,William J. Bernstein,portfolio_rebalancing,Portfolio Rebalancing,portfolio_construction_and_asset_allocation,Portfolio Construction and Asset Allocation,1.0,confirmed,"Imported from docs/audit_notes.md (v0.1, 2026-05-12)"
2026-05-16T05:34:25+00:00,manual_audit,isbn13:9780071423472,434,cb6_SJN09qoC,9780071423472,9780071423472,0071423478,The Four Pillars of Investing,William J. Bernstein,risk_return_tradeoff,Risk-Return Tradeoff,portfolio_construction_and_asset_allocation,Portfolio Construction and Asset Allocation,1.0,confirmed,"Imported from docs/audit_notes.md (v0.1, 2026-05-12)"
2026-05-16T05:34:25+00:00,manual_audit,isbn13:9780071423472,434,cb6_SJN09qoC,9780071423472,9780071423472,0071423478,The Four Pillars of Investing,William J. Bernstein,time_horizon_and_goal_based_investing,Time Horizon and Goal-Based Investing,portfolio_construction_and_asset_allocation,Portfolio Construction and Asset Allocation,1.0,confirmed,"Imported from docs/audit_notes.md (v0.1, 2026-05-12)"
2026-05-16T05:34:25+00:00,manual_audit,isbn13:9780071423472,434,cb6_SJN09qoC,9780071423472,9780071423472,0071423478,The Four Pillars of Investing,William J. Bernstein,passive_vs_active_portfolio_management,Passive vs Active Portfolio Management,portfolio_construction_and_asset_allocation,Portfolio Construction and Asset Allocation,1.0,confirmed,"Imported from docs/audit_notes.md (v0.1, 2026-05-12)"
2026-05-16T05:34:25+00:00,manual_audit,isbn13:9780071423472,434,cb6_SJN09qoC,9780071423472,9780071423472,0071423478,The Four Pillars of Investing,William J. Bernstein,cognitive_biases,Cognitive Biases,trading_psychology_and_behavioral_finance,Trading Psychology and Behavioral Finance,1.0,confirmed,"Imported from docs/audit_notes.md (v0.1, 2026-05-12)"
2026-05-16T05:34:25+00:00,manual_audit,isbn13:9780071423472,434,cb6_SJN09qoC,9780071423472,9780071423472,0071423478,The Four Pillars of Investing,William J. Bernstein,overtrading_and_impulse_control,Overtrading and Impulse Control,trading_psychology_and_behavioral_finance,Trading Psychology and Behavioral Finance,1.0,confirmed,"Imported from docs/audit_notes.md (v0.1, 2026-05-12)"
2026-05-16T05:34:25+00:00,manual_audit,isbn13:9780071423472,434,cb6_SJN09qoC,9780071423472,9780071423472,0071423478,The Four Pillars of Investing,William J. Bernstein,process_oriented_decision_making,Process-Oriented Decision Making,trading_psychology_and_behavioral_finance,Trading Psychology and Behavioral Finance,1.0,confirmed,"Imported from docs/audit_notes.md (v0.1, 2026-05-12)"
2026-05-16T07:51:47+00:00,manual,isbn13:9780071376952,114,aSDkFQtysy8C,9780071376952,9780071376952,007137695X,Active Portfolio Management: A Quantitative Approach for Producing Superior Returns and Selecting Superior Returns and Controlling Risk,"Richard C. Grinold, Ronald N. Kahn",risk_reward_and_expectancy,Risk-Reward and Expectancy,risk_management,Risk Management,1.0,confirmed,Central framework: alpha/residual return is evaluated against active risk through information ratio and value added. Ch. 5 residual risk/return and Ch. 6 Fundamental Law.
2026-05-16T07:52:08+00:00,manual,isbn13:9780071376952,114,aSDkFQtysy8C,9780071376952,9780071376952,007137695X,Active Portfolio Management: A Quantitative Approach for Producing Superior Returns and Selecting Superior Returns and Controlling Risk,"Richard C. Grinold, Ronald N. Kahn",risk_return_tradeoff,Risk-Return Tradeoff,portfolio_construction_and_asset_allocation,Portfolio Construction and Asset Allocation,1.0,confirmed,"Repeatedly frames active management as maximizing expected active return while penalizing active/residual risk. Ch. 4, Ch. 5, Ch. 12."
2026-05-16T07:52:41+00:00,manual,isbn13:9780071376952,114,aSDkFQtysy8C,9780071376952,9780071376952,007137695X,Active Portfolio Management: A Quantitative Approach for Producing Superior Returns and Selecting Superior Returns and Controlling Risk,"Richard C. Grinold, Ronald N. Kahn",passive_vs_active_portfolio_management,Passive vs Active Portfolio Management,portfolio_construction_and_asset_allocation,Portfolio Construction and Asset Allocation,1.0,confirmed,Strong active-vs-benchmark framing: hold benchmark when forecasts match consensus; active management exists when forecasts differ. Ch. 2 and Ch. 16.
2026-05-16T07:52:58+00:00,manual,isbn13:9780071376952,114,aSDkFQtysy8C,9780071376952,9780071376952,007137695X,Active Portfolio Management: A Quantitative Approach for Producing Superior Returns and Selecting Superior Returns and Controlling Risk,"Richard C. Grinold, Ronald N. Kahn",position_sizing,Position Sizing,risk_management,Risk Management,1.0,confirmed,"Portfolio construction converts alphas, covariance estimates, costs, and risk aversion into active holdings. Ch. 12."
2026-05-16T07:53:15+00:00,manual,isbn13:9780071376952,114,aSDkFQtysy8C,9780071376952,9780071376952,007137695X,Active Portfolio Management: A Quantitative Approach for Producing Superior Returns and Selecting Superior Returns and Controlling Risk,"Richard C. Grinold, Ronald N. Kahn",exposure_and_concentration_limits,Exposure and Concentration Limits,risk_management,Risk Management,1.0,confirmed,"Teaches factor exposures, benchmark/cash neutrality, control variables, sector and size exposure matching, and avoiding unintended concentration. Ch. 3, 11, 12, 14."
2026-05-16T07:53:39+00:00,manual,isbn13:9780071376952,114,aSDkFQtysy8C,9780071376952,9780071376952,007137695X,Active Portfolio Management: A Quantitative Approach for Producing Superior Returns and Selecting Superior Returns and Controlling Risk,"Richard C. Grinold, Ronald N. Kahn",strategy_design_and_rule_definition,Strategy Design and Rule Definition,strategy_systems_and_execution,"Strategy, Systems, and Execution",1.0,confirmed,"Formalizes the active management process from raw information to refined forecasts to portfolio construction; Fundamental Law defines skill/breadth constraints. Ch. 1, 6, 10, 16."
2026-05-16T07:54:11+00:00,manual,isbn13:9780071376952,114,aSDkFQtysy8C,9780071376952,9780071376952,007137695X,Active Portfolio Management: A Quantitative Approach for Producing Superior Returns and Selecting Superior Returns and Controlling Risk,"Richard C. Grinold, Ronald N. Kahn",backtesting_and_strategy_validation,Backtesting and Strategy Validation,strategy_systems_and_execution,"Strategy, Systems, and Execution",1.0,confirmed,"Covers information analysis, performance evaluation with t-statistics/IR/IC, data-mining controls, and out-of-sample testing. Ch. 11."
2026-05-16T07:54:34+00:00,manual,isbn13:9780071376952,114,aSDkFQtysy8C,9780071376952,9780071376952,007137695X,Active Portfolio Management: A Quantitative Approach for Producing Superior Returns and Selecting Superior Returns and Controlling Risk,"Richard C. Grinold, Ronald N. Kahn",execution_quality_and_trade_implementation,Execution Quality and Trade Implementation,strategy_systems_and_execution,"Strategy, Systems, and Execution",1.0,confirmed,execution_quality_and_trade_implementation
2026-05-16T07:55:25+00:00,manual,isbn13:9780071376952,114,aSDkFQtysy8C,9780071376952,9780071376952,007137695X,Active Portfolio Management: A Quantitative Approach for Producing Superior Returns and Selecting Superior Returns and Controlling Risk,"Richard C. Grinold, Ronald N. Kahn",journaling_and_performance_review,Journaling and Performance Review,strategy_systems_and_execution,"Strategy, Systems, and Execution",1.0,confirmed,"Covers performance analysis: distinguishing skill from luck, attribution, identifying which bets worked, and improving the investment process. Ch. 14"
2026-05-16T07:55:50+00:00,manual,isbn13:9780071376952,114,aSDkFQtysy8C,9780071376952,9780071376952,007137695X,Active Portfolio Management: A Quantitative Approach for Producing Superior Returns and Selecting Superior Returns and Controlling Risk,"Richard C. Grinold, Ronald N. Kahn",portfolio_rebalancing,Portfolio Rebalancing,portfolio_construction_and_asset_allocation,Portfolio Construction and Asset Allocation,0.5,weak,"Present through turnover, moving from current to target portfolio, and value-added/turnover tradeoffs, but not classic periodic rebalancing. Ch. 13."
2026-05-16T07:56:16+00:00,manual,isbn13:9780071376952,114,aSDkFQtysy8C,9780071376952,9780071376952,007137695X,Active Portfolio Management: A Quantitative Approach for Producing Superior Returns and Selecting Superior Returns and Controlling Risk,"Richard C. Grinold, Ronald N. Kahn",liquidity_and_market_depth,Liquidity and Market Depth,market_foundations,Market Foundations,0.5,weak,"Secondary coverage through market microstructure, liquidity suppliers, inventory risk, trade size, urgency, spreads, market impact, and costs. Ch. 13."
2026-05-16T07:56:35+00:00,manual,isbn13:9780071376952,114,aSDkFQtysy8C,9780071376952,9780071376952,007137695X,Active Portfolio Management: A Quantitative Approach for Producing Superior Returns and Selecting Superior Returns and Controlling Risk,"Richard C. Grinold, Ronald N. Kahn",diversification,Diversification,portfolio_construction_and_asset_allocation,Portfolio Construction and Asset Allocation,0.5,weak,"Present through breadth, independent forecasts, diversified active bets, and factor-model diversification, but not mainly retail asset-allocation diversification. Ch. 6-7."
2026-05-16T07:56:56+00:00,manual,isbn13:9780071376952,114,aSDkFQtysy8C,9780071376952,9780071376952,007137695X,Active Portfolio Management: A Quantitative Approach for Producing Superior Returns and Selecting Superior Returns and Controlling Risk,"Richard C. Grinold, Ronald N. Kahn",price_formation_and_market_efficiency,Price Formation and Market Efficiency,market_foundations,Market Foundations,0.5,weak,"CAPM, consensus expected returns, benchmark efficiency logic, and EMH are discussed, but price formation itself is not deeply taught. Ch. 2 and 14."
2026-05-16T07:57:15+00:00,manual,isbn13:9780071376952,114,aSDkFQtysy8C,9780071376952,9780071376952,007137695X,Active Portfolio Management: A Quantitative Approach for Producing Superior Returns and Selecting Superior Returns and Controlling Risk,"Richard C. Grinold, Ronald N. Kahn",intrinsic_value_estimation,Intrinsic Value Estimation,fundamental_analysis_and_valuation,Fundamental Analysis and Valuation,0.5,weak,"Valuation appears through DDM, risk-adjusted expectations, growth forecasts, and implied growth rates, but is secondary to active portfolio management. Ch. 8-9."
2026-05-16T08:04:18+00:00,manual,isbn13:9781351631433,49,cVJmDwAAQBAJ,9781351631433,9781351631433,1351631438,Technical Analysis of Stock Trends,"Robert D. Edwards, John Magee, W.H.C. Bassetti",chart_patterns_and_price_action,Chart Patterns and Price Action,technical_analysis_and_market_structure,Technical Analysis and Market Structure,1.0,confirmed,"Central coverage. Ch. 6-12 teach reversal patterns, H&S, triangles, rectangles, double/triple tops, broadening formations, diamonds, wedges, flags, pennants, and gaps; Ch. 33 tactical review."
2026-05-16T08:04:41+00:00,manual,isbn13:9781351631433,49,cVJmDwAAQBAJ,9781351631433,9781351631433,1351631438,Technical Analysis of Stock Trends,"Robert D. Edwards, John Magee, W.H.C. Bassetti",trend_analysis,Trend Analysis,technical_analysis_and_market_structure,Technical Analysis and Market Structure,1.0,confirmed,"Central coverage. Ch. 14-15 teach trendlines, channels, uptrends/downtrends, penetration validity, throwbacks, corrective trends, and major trend channels; Ch. 29 applies trendlines."
2026-05-16T08:05:00+00:00,manual,isbn13:9781351631433,49,cVJmDwAAQBAJ,9781351631433,9781351631433,1351631438,Technical Analysis of Stock Trends,"Robert D. Edwards, John Magee, W.H.C. Bassetti",support_and_resistance,Support and Resistance,technical_analysis_and_market_structure,Technical Analysis and Market Structure,1.0,confirmed,"Ch. 13 is directly on support/resistance: definitions, role reversal, volume, locating levels, break implications, round numbers, historical levels, and panic moves; Ch. 30 applies levels to entries/stops."
2026-05-16T08:05:19+00:00,manual,isbn13:9781351631433,49,cVJmDwAAQBAJ,9781351631433,9781351631433,1351631438,Technical Analysis of Stock Trends,"Robert D. Edwards, John Magee, W.H.C. Bassetti",volume_analysis,Volume Analysis,technical_analysis_and_market_structure,Technical Analysis and Market Structure,1.0,confirmed,"Volume is repeatedly taught for pattern confirmation and interpretation: H&S in Ch. 6, triangles in Ch. 8, support/resistance in Ch. 13, and volume signals in Ch. 28."
2026-05-16T08:05:38+00:00,manual,isbn13:9781351631433,49,cVJmDwAAQBAJ,9781351631433,9781351631433,1351631438,Technical Analysis of Stock Trends,"Robert D. Edwards, John Magee, W.H.C. Bassetti",market_structure_and_regime_identification,Market Structure and Regime Identification,technical_analysis_and_market_structure,Technical Analysis and Market Structure,1.0,confirmed,"Teaches regime identification through Dow Theory and bull/bear trend phases in Ch. 3-5.1, plus Magee Evaluative Index for bull/bear tops and bottoms in Ch. 38."
2026-05-16T08:06:20+00:00,manual,isbn13:9781351631433,49,cVJmDwAAQBAJ,9781351631433,9781351631433,1351631438,Technical Analysis of Stock Trends,"Robert D. Edwards, John Magee, W.H.C. Bassetti",stop_loss_and_exit_rules,Stop-Loss and Exit Rules,risk_management,Risk Management,1.0,confirmed,"Ch. 27 is devoted to stop orders, including protective stops, stop levels, stop distances, and progressive stops; Ch. 30 covers placing stops; Ch. 34 summarizes when to get out."
2026-05-16T08:06:41+00:00,manual,isbn13:9781351631433,49,cVJmDwAAQBAJ,9781351631433,9781351631433,1351631438,Technical Analysis of Stock Trends,"Robert D. Edwards, John Magee, W.H.C. Bassetti",position_sizing,Position Sizing,risk_management,Risk Management,1.0,confirmed,"Direct trade sizing coverage: Ch. 26 determining trade size and risk; Ch. 40 capital to use in trading; Ch. 42 formula using entry, stop, risk factor, capital, and risk per trade."
2026-05-16T08:07:06+00:00,manual,isbn13:9781351631433,49,cVJmDwAAQBAJ,9781351631433,9781351631433,1351631438,Technical Analysis of Stock Trends,"Robert D. Edwards, John Magee, W.H.C. Bassetti",leverage_and_margin_risk,Leverage and Margin Risk,risk_management,Risk Management,1.0,confirmed,"Ch. 20 covers leverage, Ch. 25 margin and short selling, Ch. 41 composite leverage by market condition, and Appendix B discusses composite leverage and greater risk from margin."
2026-05-16T08:07:30+00:00,manual,isbn13:9781351631433,49,cVJmDwAAQBAJ,9781351631433,9781351631433,1351631438,Technical Analysis of Stock Trends,"Robert D. Edwards, John Magee, W.H.C. Bassetti",exposure_and_concentration_limits,Exposure and Concentration Limits,risk_management,Risk Management,1.0,confirmed,"Ch. 42 covers portfolio risk posture, over/undertrading, risk per trade, single-stock risk, portfolio risk and measurement, plus reducing overexposure by hedging or eliminating positions."
2026-05-16T08:07:47+00:00,manual,isbn13:9781351631433,49,cVJmDwAAQBAJ,9781351631433,9781351631433,1351631438,Technical Analysis of Stock Trends,"Robert D. Edwards, John Magee, W.H.C. Bassetti",diversification,Diversification,portfolio_construction_and_asset_allocation,Portfolio Construction and Asset Allocation,1.0,confirmed,"Ch. 22 covers diversification in stock selection, Ch. 31 ""Not All in One Basket"" covers diversification costs/benefits, and Ch. 38 covers balanced and diversified posture."
2026-05-16T08:08:17+00:00,manual,isbn13:9781351631433,49,cVJmDwAAQBAJ,9781351631433,9781351631433,1351631438,Technical Analysis of Stock Trends,"Robert D. Edwards, John Magee, W.H.C. Bassetti",strategy_design_and_rule_definition,Strategy Design and Rule Definition,strategy_systems_and_execution,"Strategy, Systems, and Execution",1.0,confirmed,"Teaches rule-based technical trading through Ch. 28 Three Days Away Rule and basing points, Ch. 30 support/resistance buying rules, Ch. 33 tactical review, and Ch. 34 tactical summary."
2026-05-16T08:08:31+00:00,manual,isbn13:9781351631433,49,cVJmDwAAQBAJ,9781351631433,9781351631433,1351631438,Technical Analysis of Stock Trends,"Robert D. Edwards, John Magee, W.H.C. Bassetti",trade_planning_and_preparation,Trade Planning and Preparation,strategy_systems_and_execution,"Strategy, Systems, and Execution",1.0,confirmed,"Part 2 is Trading Tactics. Ch. 18-24 cover tactical problem, chart/data preparation, stock selection, high-risk stock management, probable moves; Ch. 29 applies to buy/sell/short/cover."
2026-05-16T08:08:53+00:00,manual,isbn13:9781351631433,49,cVJmDwAAQBAJ,9781351631433,9781351631433,1351631438,Technical Analysis of Stock Trends,"Robert D. Edwards, John Magee, W.H.C. Bassetti",momentum_and_technical_indicators,Momentum and Technical Indicators,technical_analysis_and_market_structure,Technical Analysis and Market Structure,0.5,weak,"Present but secondary. Ch. 36 covers moving averages and appendix/glossary mentions MACD, RSI, OBV, Bollinger Bands, stochastics; main emphasis is classical chart analysis."
2026-05-16T08:09:12+00:00,manual,isbn13:9781351631433,49,cVJmDwAAQBAJ,9781351631433,9781351631433,1351631438,Technical Analysis of Stock Trends,"Robert D. Edwards, John Magee, W.H.C. Bassetti",drawdown_management,Drawdown Management,risk_management,Risk Management,0.5,weak,"Present inside Ch. 42 risk-management framework: average drawdown, maximum drawdown, realized losses, profit/loss ratios, and portfolio risk stats, but not a standalone major topic."
2026-05-16T08:14:29+00:00,manual,isbn13:9781119029748,192,B_wwBgAAQBAJ,9781119029748,9781119029748,1119029740,International Financial Statement Analysis,"Thomas R. Robinson, Elaine Henry, Wendy L. Pirie, Michael A. Broihahn",financial_statement_analysis,Financial Statement Analysis,fundamental_analysis_and_valuation,Fundamental Analysis and Valuation,1.0,confirmed,"Core concept. Structured around FSA: Ch. 1 framework, Ch. 4 income statement, Ch. 5 balance sheet, Ch. 6 cash flow, Ch. 7 analysis techniques, Ch. 9 applications, Ch. 17 reporting quality."
2026-05-16T08:14:51+00:00,manual,isbn13:9781119029748,192,B_wwBgAAQBAJ,9781119029748,9781119029748,1119029740,International Financial Statement Analysis,"Thomas R. Robinson, Elaine Henry, Wendy L. Pirie, Michael A. Broihahn",earnings_growth_and_profitability_drivers,"Earnings, Growth, and Profitability Drivers",fundamental_analysis_and_valuation,Fundamental Analysis and Valuation,1.0,confirmed,"Strong chapter-level coverage of revenue/expense recognition, EPS, income statement ratios, profitability ratios, DuPont analysis, and forecasting future net income/cash flow. Ch. 4, 7, 9."
2026-05-16T08:15:13+00:00,manual,isbn13:9781119029748,192,B_wwBgAAQBAJ,9781119029748,9781119029748,1119029740,International Financial Statement Analysis,"Thomas R. Robinson, Elaine Henry, Wendy L. Pirie, Michael A. Broihahn",valuation_multiples_and_relative_valuation,Valuation Multiples and Relative Valuation,fundamental_analysis_and_valuation,Fundamental Analysis and Valuation,0.5,weak,"Present as an FSA application rather than full valuation text. Covers valuation ratios, market-based valuation inputs, and screening for equity investments. Ch. 7 and Ch. 9."
2026-05-16T08:15:30+00:00,manual,isbn13:9781119029748,192,B_wwBgAAQBAJ,9781119029748,9781119029748,1119029740,International Financial Statement Analysis,"Thomas R. Robinson, Elaine Henry, Wendy L. Pirie, Michael A. Broihahn",intrinsic_value_estimation,Intrinsic Value Estimation,fundamental_analysis_and_valuation,Fundamental Analysis and Valuation,0.5,weak,"Secondary coverage. Discusses projections of future performance, FCFF/FCFE, and valuation implications, but full intrinsic valuation methodology is not central. Ch. 6 and Ch. 9."
2026-05-16T08:15:48+00:00,manual,isbn13:9781119029748,192,B_wwBgAAQBAJ,9781119029748,9781119029748,1119029740,International Financial Statement Analysis,"Thomas R. Robinson, Elaine Henry, Wendy L. Pirie, Michael A. Broihahn",business_quality_and_competitive_advantage,Business Quality and Competitive Advantage,fundamental_analysis_and_valuation,Fundamental Analysis and Valuation,0.5,weak,"Teaches evaluation of company performance, profitability, cash generation, segment performance, and accounting/management quality; moat/competitive advantage is not central. Ch. 7, 9, 17."
2026-05-16T08:16:06+00:00,manual,isbn13:9781119029748,192,B_wwBgAAQBAJ,9781119029748,9781119029748,1119029740,International Financial Statement Analysis,"Thomas R. Robinson, Elaine Henry, Wendy L. Pirie, Michael A. Broihahn",asset_classes_and_financial_instruments,Asset Classes and Financial Instruments,market_foundations,Market Foundations,0.5,weak,"Covers financial assets/liabilities, equity, bonds, leases, debt with equity features, intercorporate investments, and securities, but from accounting/analysis angle. Ch. 5, 13, 15."
2026-05-16T08:16:33+00:00,manual,isbn13:9781119029748,192,B_wwBgAAQBAJ,9781119029748,9781119029748,1119029740,International Financial Statement Analysis,"Thomas R. Robinson, Elaine Henry, Wendy L. Pirie, Michael A. Broihahn",credit_debt_and_financial_crises,"Credit, Debt, and Financial Crises",macro_cycles_and_economic_context,"Macro, Cycles, and Economic Context",0.5,weak,"Covers firm-level credit/debt analysis: solvency ratios, credit analysis, rating process, long-term debt, covenants, leases, and off-balance-sheet financing; not crisis-focused. Ch. 7, 9, 13."
2026-05-16T08:16:55+00:00,manual,isbn13:9781119029748,192,B_wwBgAAQBAJ,9781119029748,9781119029748,1119029740,International Financial Statement Analysis,"Thomas R. Robinson, Elaine Henry, Wendy L. Pirie, Michael A. Broihahn",currency_and_global_macro_forces,Currency and Global Macro Forces,macro_cycles_and_economic_context,"Macro, Cycles, and Economic Context",0.5,weak,"Covers foreign currency transactions, FX exposure, translation of foreign-currency statements, and hyperinflationary economies; not broad global macro investing. Ch. 16."
2026-05-16T08:23:20+00:00,manual,isbn13:9781264269815,145,l46JEAAAQBAJ,9781264269815,9781264269815,1264269811,"Stocks for the Long Run: The Definitive Guide to Financial Market Returns & Long-Term Investment Strategies, Sixth Edition",Jeremy J. Siegel,asset_classes_and_financial_instruments,Asset Classes and Financial Instruments,market_foundations,Market Foundations,1.0,confirmed,"Central comparison of stocks, bonds, bills, gold, commodities, and real returns in Ch. 1; Ch. 15 also explains stock index futures, index options, and SPDRs."
2026-05-16T08:23:37+00:00,manual,isbn13:9781264269815,145,l46JEAAAQBAJ,9781264269815,9781264269815,1264269811,"Stocks for the Long Run: The Definitive Guide to Financial Market Returns & Long-Term Investment Strategies, Sixth Edition",Jeremy J. Siegel,risk_return_tradeoff,Risk-Return Tradeoff,portfolio_construction_and_asset_allocation,Portfolio Construction and Asset Allocation,1.0,confirmed,"Ch. 2 directly teaches risk/return measurement, holding-period risk, stock-bond correlation, efficient frontiers, and risk-return tradeoffs across portfolio mixes."
2026-05-16T08:23:53+00:00,manual,isbn13:9781264269815,145,l46JEAAAQBAJ,9781264269815,9781264269815,1264269811,"Stocks for the Long Run: The Definitive Guide to Financial Market Returns & Long-Term Investment Strategies, Sixth Edition",Jeremy J. Siegel,asset_allocation,Asset Allocation,portfolio_construction_and_asset_allocation,Portfolio Construction and Asset Allocation,1.0,confirmed,Ch. 2 gives recommended stock allocations by risk tolerance and holding period; Ch. 20 applies long-run portfolio structuring.
2026-05-16T08:24:16+00:00,manual,isbn13:9781264269815,145,l46JEAAAQBAJ,9781264269815,9781264269815,1264269811,"Stocks for the Long Run: The Definitive Guide to Financial Market Returns & Long-Term Investment Strategies, Sixth Edition",Jeremy J. Siegel,time_horizon_and_goal_based_investing,Time Horizon and Goal-Based Investing,portfolio_construction_and_asset_allocation,Portfolio Construction and Asset Allocation,1.0,confirmed,Core thesis is long-horizon equity investing; Ch. 2 treats holding periods and Ch. 20 is explicitly about structuring portfolios for long-term growth.
2026-05-16T08:24:35+00:00,manual,isbn13:9781264269815,145,l46JEAAAQBAJ,9781264269815,9781264269815,1264269811,"Stocks for the Long Run: The Definitive Guide to Financial Market Returns & Long-Term Investment Strategies, Sixth Edition",Jeremy J. Siegel,diversification,Diversification,portfolio_construction_and_asset_allocation,Portfolio Construction and Asset Allocation,1.0,confirmed,"Ch. 2 covers stock-bond diversification through correlation and efficient frontiers; Ch. 9 covers global diversification, foreign equities, correlations, and optimal foreign allocation."
2026-05-16T08:24:51+00:00,manual,isbn13:9781264269815,145,l46JEAAAQBAJ,9781264269815,9781264269815,1264269811,"Stocks for the Long Run: The Definitive Guide to Financial Market Returns & Long-Term Investment Strategies, Sixth Edition",Jeremy J. Siegel,inflation_and_purchasing_power,Inflation and Purchasing Power,macro_cycles_and_economic_context,"Macro, Cycles, and Economic Context",1.0,confirmed,"Ch. 1 uses real returns and purchasing power; Ch. 11 centrally covers stocks as inflation hedges, short-term inflation weakness, rates, and inflation distortions."
2026-05-16T08:25:07+00:00,manual,isbn13:9781264269815,145,l46JEAAAQBAJ,9781264269815,9781264269815,1264269811,"Stocks for the Long Run: The Definitive Guide to Financial Market Returns & Long-Term Investment Strategies, Sixth Edition",Jeremy J. Siegel,interest_rates_and_monetary_policy,Interest Rates and Monetary Policy,macro_cycles_and_economic_context,"Macro, Cycles, and Economic Context",1.0,confirmed,"Ch. 10 covers money, gold, central banks, Federal Reserve money creation, and how the Fed affects interest rates; Ch. 14 links economic data to Fed policy."
2026-05-16T08:25:28+00:00,manual,isbn13:9781264269815,145,l46JEAAAQBAJ,9781264269815,9781264269815,1264269811,"Stocks for the Long Run: The Definitive Guide to Financial Market Returns & Long-Term Investment Strategies, Sixth Edition",Jeremy J. Siegel,business_cycles_and_market_cycles,Business Cycles and Market Cycles,macro_cycles_and_economic_context,"Macro, Cycles, and Economic Context",1.0,confirmed,"Ch. 12 is directly titled Stocks and the Business Cycle and covers business-cycle dating, stock returns around turning points, cycle timing, and prediction difficulty."
2026-05-16T08:25:51+00:00,manual,isbn13:9781264269815,145,l46JEAAAQBAJ,9781264269815,9781264269815,1264269811,"Stocks for the Long Run: The Definitive Guide to Financial Market Returns & Long-Term Investment Strategies, Sixth Edition",Jeremy J. Siegel,economic_indicators_and_data_interpretation,Economic Indicators and Data Interpretation,macro_cycles_and_economic_context,"Macro, Cycles, and Economic Context",1.0,confirmed,"Ch. 14 covers stocks, bonds, and economic data: market reaction principles, employment reports, inflation reports, core inflation, employment costs, and Fed policy."
2026-05-16T08:26:07+00:00,manual,isbn13:9781264269815,145,l46JEAAAQBAJ,9781264269815,9781264269815,1264269811,"Stocks for the Long Run: The Definitive Guide to Financial Market Returns & Long-Term Investment Strategies, Sixth Edition",Jeremy J. Siegel,valuation_multiples_and_relative_valuation,Valuation Multiples and Relative Valuation,fundamental_analysis_and_valuation,Fundamental Analysis and Valuation,1.0,confirmed,"Ch. 5 covers P/E, book value, Tobin's Q, market value to GDP, and valuation sentiment; Ch. 6 covers P/E and P/B value criteria; Ch. 7 discusses justified P/E for growth stocks."
2026-05-16T08:26:26+00:00,manual,isbn13:9781264269815,145,l46JEAAAQBAJ,9781264269815,9781264269815,1264269811,"Stocks for the Long Run: The Definitive Guide to Financial Market Returns & Long-Term Investment Strategies, Sixth Edition",Jeremy J. Siegel,passive_vs_active_portfolio_management,Passive vs Active Portfolio Management,portfolio_construction_and_asset_allocation,Portfolio Construction and Asset Allocation,1.0,confirmed,"Ch. 19 directly evaluates funds, managers, beating the market, underperformance, costs, and the practical case for low-cost market-matching strategies."
2026-05-16T08:26:43+00:00,manual,isbn13:9781264269815,145,l46JEAAAQBAJ,9781264269815,9781264269815,1264269811,"Stocks for the Long Run: The Definitive Guide to Financial Market Returns & Long-Term Investment Strategies, Sixth Edition",Jeremy J. Siegel,earnings_growth_and_profitability_drivers,"Earnings, Growth, and Profitability Drivers",fundamental_analysis_and_valuation,Fundamental Analysis and Valuation,0.5,weak,"Present through Ch. 5 on dividends, earnings, shareholder value, economic growth, earnings growth and P/E, plus Ch. 7 on earnings-growth valuation; not a company-level profitability manual."
2026-05-16T08:26:57+00:00,manual,isbn13:9781264269815,145,l46JEAAAQBAJ,9781264269815,9781264269815,1264269811,"Stocks for the Long Run: The Definitive Guide to Financial Market Returns & Long-Term Investment Strategies, Sixth Edition",Jeremy J. Siegel,currency_and_global_macro_forces,Currency and Global Macro Forces,macro_cycles_and_economic_context,"Macro, Cycles, and Economic Context",0.5,weak,"Ch. 9 covers global investing, foreign stock returns, exchange-rate risk, dollar risk, FX hedging, and the European exchange-rate mechanism, but secondary to long-run equity thesis."
2026-05-16T08:27:10+00:00,manual,isbn13:9781264269815,145,l46JEAAAQBAJ,9781264269815,9781264269815,1264269811,"Stocks for the Long Run: The Definitive Guide to Financial Market Returns & Long-Term Investment Strategies, Sixth Edition",Jeremy J. Siegel,leverage_and_margin_risk,Leverage and Margin Risk,risk_management,Risk Management,0.5,weak,"Ch. 15 explains futures margin, leverage, SPDRs, options, hedging, and risks of controlling large stock exposure with little capital; useful but not central."
2026-05-16T08:27:29+00:00,manual,isbn13:9781264269815,145,l46JEAAAQBAJ,9781264269815,9781264269815,1264269811,"Stocks for the Long Run: The Definitive Guide to Financial Market Returns & Long-Term Investment Strategies, Sixth Edition",Jeremy J. Siegel,backtesting_and_strategy_validation,Backtesting and Strategy Validation,strategy_systems_and_execution,"Strategy, Systems, and Execution",0.5,weak,"Ch. 17 tests moving-average strategies and backtests the 200-day moving average; Ch. 18 examines calendar anomalies, but this is empirical evaluation rather than full system design."
2026-05-16T08:32:39+00:00,manual,isbn13:9780134137162,42,62-9CgAAQBAJ,9780134137162,9780134137162,0134137167,Technical Analysis,"Charles D. Kirkpatrick II, Julie R. Dahlquist",trend_analysis,Trend Analysis,technical_analysis_and_market_structure,Technical Analysis and Market Structure,1.0,confirmed,"Ch. 2 is The Basic Principle of Technical Analysis-The Trend; Part III is Trend Analysis; Ch. 12 teaches trend basics, directional trends, channels, retracements, and trend lines."
2026-05-16T08:32:55+00:00,manual,isbn13:9780134137162,42,62-9CgAAQBAJ,9780134137162,9780134137162,0134137167,Technical Analysis,"Charles D. Kirkpatrick II, Julie R. Dahlquist",support_and_resistance,Support and Resistance,technical_analysis_and_market_structure,Technical Analysis and Market Structure,1.0,confirmed,"Ch. 12 directly teaches trading ranges, support/resistance, reversal points, channels, pullbacks/throwbacks, speed lines, and support/resistance projections; Ch. 13 extends into breakouts and stops."
2026-05-16T08:33:17+00:00,manual,isbn13:9780134137162,42,62-9CgAAQBAJ,9780134137162,9780134137162,0134137167,Technical Analysis,"Charles D. Kirkpatrick II, Julie R. Dahlquist",chart_patterns_and_price_action,Chart Patterns and Price Action,technical_analysis_and_market_structure,Technical Analysis and Market Structure,1.0,confirmed,"Part IV is dedicated to chart pattern analysis: bar chart patterns, point-and-figure patterns, short-term patterns, gaps, reversals, volatility patterns, intraday patterns, and candlesticks."
2026-05-16T08:33:32+00:00,manual,isbn13:9780134137162,42,62-9CgAAQBAJ,9780134137162,9780134137162,0134137167,Technical Analysis,"Charles D. Kirkpatrick II, Julie R. Dahlquist",volume_analysis,Volume Analysis,technical_analysis_and_market_structure,Technical Analysis and Market Structure,1.0,confirmed,"Ch. 6 includes Importance of Volume; Ch. 18 covers trend confirmation through volume, volume statistics, volume oscillators, volume spikes, and open interest."
2026-05-16T08:33:51+00:00,manual,isbn13:9780134137162,42,62-9CgAAQBAJ,9780134137162,9780134137162,0134137167,Technical Analysis,"Charles D. Kirkpatrick II, Julie R. Dahlquist",momentum_and_technical_indicators,Momentum and Technical Indicators,technical_analysis_and_market_structure,Technical Analysis and Market Structure,1.0,confirmed,"Ch. 8 covers breadth/strength indicators; Ch. 14 covers moving averages, directional movement, envelopes, channels, and bands; Ch. 18 covers momentum, confirmation, and oscillators."
2026-05-16T08:34:07+00:00,manual,isbn13:9780134137162,42,62-9CgAAQBAJ,9780134137162,9780134137162,0134137167,Technical Analysis,"Charles D. Kirkpatrick II, Julie R. Dahlquist",market_structure_and_regime_identification,Market Structure and Regime Identification,technical_analysis_and_market_structure,Technical Analysis and Market Structure,1.0,confirmed,"Teaches market-state classification through Dow Theory, primary/secondary/minor trends, trading ranges, breadth, market strength, cycles, and market/issue selection."
2026-05-16T08:34:29+00:00,manual,isbn13:9780134137162,42,62-9CgAAQBAJ,9780134137162,9780134137162,0134137167,Technical Analysis,"Charles D. Kirkpatrick II, Julie R. Dahlquist",business_cycles_and_market_cycles,Business Cycles and Market Cycles,macro_cycles_and_economic_context,"Macro, Cycles, and Economic Context",1.0,confirmed,"Ch. 9 covers temporal patterns/cycles including Kondratieff waves, historical, presidential, election, and seasonal patterns; Ch. 19 is a full chapter on cycle analysis/projections."
2026-05-16T08:34:45+00:00,manual,isbn13:9780134137162,42,62-9CgAAQBAJ,9780134137162,9780134137162,0134137167,Technical Analysis,"Charles D. Kirkpatrick II, Julie R. Dahlquist",strategy_design_and_rule_definition,Strategy Design and Rule Definition,strategy_systems_and_execution,"Strategy, Systems, and Execution",1.0,confirmed,"Ch. 22 System Design and Testing covers why systems are necessary, discretionary vs nondiscretionary systems, system design requirements, initial decisions, and types of technical systems."
2026-05-16T08:35:04+00:00,manual,isbn13:9780134137162,42,62-9CgAAQBAJ,9780134137162,9780134137162,0134137167,Technical Analysis,"Charles D. Kirkpatrick II, Julie R. Dahlquist",backtesting_and_strategy_validation,Backtesting and Strategy Validation,strategy_systems_and_execution,"Strategy, Systems, and Execution",1.0,confirmed,"Ch. 22 covers system testing, data, optimization, and robustness; Ch. 23 extends to portfolio-system testing and Monte Carlo simulation for risk of ruin/drawdown resilience."
2026-05-16T08:35:21+00:00,manual,isbn13:9780134137162,42,62-9CgAAQBAJ,9780134137162,9780134137162,0134137167,Technical Analysis,"Charles D. Kirkpatrick II, Julie R. Dahlquist",stop_loss_and_exit_rules,Stop-Loss and Exit Rules,risk_management,Risk Management,1.0,confirmed,"Ch. 13 covers entry/exit stops, protective stops, trailing stops, time stops, money stops, stops after gaps, and false-breakout stops; Ch. 23 also includes exit strategies."
2026-05-16T08:35:39+00:00,manual,isbn13:9780134137162,42,62-9CgAAQBAJ,9780134137162,9780134137162,0134137167,Technical Analysis,"Charles D. Kirkpatrick II, Julie R. Dahlquist",position_sizing,Position Sizing,risk_management,Risk Management,1.0,confirmed,"Ch. 23 directly frames money management around trade size, contracts/shares/dollars, and says money management is also called position sizing, tied to stops, diversification, and execution."
2026-05-16T08:36:00+00:00,manual,isbn13:9780134137162,42,62-9CgAAQBAJ,9780134137162,9780134137162,0134137167,Technical Analysis,"Charles D. Kirkpatrick II, Julie R. Dahlquist",risk_reward_and_expectancy,Risk-Reward and Expectancy,risk_management,Risk Management,1.0,confirmed,"Ch. 13 includes calculating a risk/return ratio for breakout trading; Ch. 23 covers reward-to-risk, risk definition, money-management risks, and risk-control methods."
2026-05-16T08:36:15+00:00,manual,isbn13:9780134137162,42,62-9CgAAQBAJ,9780134137162,9780134137162,0134137167,Technical Analysis,"Charles D. Kirkpatrick II, Julie R. Dahlquist",asset_classes_and_financial_instruments,Asset Classes and Financial Instruments,market_foundations,Market Foundations,0.5,weak,"Present but secondary. Ch. 5 covers cash markets, futures markets, options markets, and contract types; Ch. 21 discusses choosing between futures and stock markets."
2026-05-16T08:36:32+00:00,manual,isbn13:9780134137162,42,62-9CgAAQBAJ,9780134137162,9780134137162,0134137167,Technical Analysis,"Charles D. Kirkpatrick II, Julie R. Dahlquist",cognitive_biases,Cognitive Biases,trading_psychology_and_behavioral_finance,Trading Psychology and Behavioral Finance,0.5,weak,"Present through sentiment and behavioral-finance framing: Ch. 7 covers human bias, crowd behavior, contrary opinion, and sentiment indicators; Ch. 15 links behavioral finance to pattern recognition."
2026-05-16T09:11:31+00:00,manual,isbn13:9780887305108,436,1QpjAAAACAAJ,9780887305108,9780887305108,0887305105,Margin of Safety,Seth A. Klarman,margin_of_safety,Margin of Safety,fundamental_analysis_and_valuation,Fundamental Analysis and Valuation,1.0,confirmed,"Central concept. Chapter 6 is explicitly titled “Value Investing: The Importance of a Margin of Safety,” and the book frames value investing around buying below underlying value to protect against valuation error, bad luck, and uncertainty."
2026-05-16T09:12:04+00:00,manual,isbn13:9780887305108,436,1QpjAAAACAAJ,9780887305108,9780887305108,0887305105,Margin of Safety,Seth A. Klarman,intrinsic_value_estimation,Intrinsic Value Estimation,fundamental_analysis_and_valuation,Fundamental Analysis and Valuation,1.0,confirmed,"Centrally taught through Chapter 8, “The Art of Business Valuation,” covering present-value analysis, private-market value, liquidation value, and conservative appraisal of underlying business value."
2026-05-16T09:12:21+00:00,manual,isbn13:9780887305108,436,1QpjAAAACAAJ,9780887305108,9780887305108,0887305105,Margin of Safety,Seth A. Klarman,risk_return_tradeoff,Risk-Return Tradeoff,portfolio_construction_and_asset_allocation,Portfolio Construction and Asset Allocation,1.0,confirmed,"Chapter 5/7 frame investing around risk aversion, loss avoidance, and requiring expected return to more than compensate for risk; the book explicitly says alternatives with risk are only superior if return fully compensates for that risk."
2026-05-16T09:13:04+00:00,manual,isbn13:9780887305108,436,1QpjAAAACAAJ,9780887305108,9780887305108,0887305105,Margin of Safety,Seth A. Klarman,process_oriented_decision_making,Process-Oriented Decision Making,trading_psychology_and_behavioral_finance,Trading Psychology and Behavioral Finance,1.0,confirmed,"The book repeatedly emphasizes disciplined value-investing process: know why an investment is undervalued, sell when the reason no longer applies, search for catalysts, and follow a repeatable research/evaluation process."
2026-05-16T09:13:17+00:00,manual,isbn13:9780887305108,436,1QpjAAAACAAJ,9780887305108,9780887305108,0887305105,Margin of Safety,Seth A. Klarman,emotional_discipline,Emotional Discipline,trading_psychology_and_behavioral_finance,Trading Psychology and Behavioral Finance,1.0,confirmed,"Chapter 6 teaches the patience and discipline required to wait for bargains, stand apart from the crowd, and avoid speculation; this is presented as a core difficulty of value investing."
2026-05-16T09:14:19+00:00,manual,isbn13:9780887305108,436,1QpjAAAACAAJ,9780887305108,9780887305108,0887305105,Margin of Safety,Seth A. Klarman,diversification,Diversification,portfolio_construction_and_asset_allocation,Portfolio Construction and Asset Allocation,1.0,confirmed,"Chapter 13 is identified as covering portfolio management, and the book explicitly advises investors to diversify holdings and hedge when financially attractive."
2026-05-16T09:14:33+00:00,manual,isbn13:9780887305108,436,1QpjAAAACAAJ,9780887305108,9780887305108,0887305105,Margin of Safety,Seth A. Klarman,financial_statement_analysis,Financial Statement Analysis,fundamental_analysis_and_valuation,Fundamental Analysis and Valuation,0.5,weak,"Present but mainly as a tool inside valuation and distressed-security analysis: balance sheets, liabilities, seniority, cash-flow distortions, off-balance-sheet assets/liabilities, and accounting manipulation are discussed."
2026-05-16T09:15:58+00:00,manual,isbn13:9780887305108,436,1QpjAAAACAAJ,9780887305108,9780887305108,0887305105,Margin of Safety,Seth A. Klarman,valuation_multiples_and_relative_valuation,Valuation Multiples and Relative Valuation,fundamental_analysis_and_valuation,Fundamental Analysis and Valuation,0.5,weak,"The book discusses private-market-value multiples, takeover multiples, price-to-earnings, price-to-book, and related valuation yardsticks, but usually as inputs to conservative valuation rather than as a standalone framework."
2026-05-16T09:16:17+00:00,manual,isbn13:9780887305108,436,1QpjAAAACAAJ,9780887305108,9780887305108,0887305105,Margin of Safety,Seth A. Klarman,credit_debt_and_financial_crises,"Credit, Debt, and Financial Crises",macro_cycles_and_economic_context,"Macro, Cycles, and Economic Context",0.5,weak,"ubstantial secondary coverage through junk bonds, financially distressed companies, bankruptcy, debt-service requirements, creditor priority, and reorganization analysis. Stronger as distressed-debt investing than as broad macro/credit-cycle education."
2026-05-16T09:16:37+00:00,manual,isbn13:9780887305108,436,1QpjAAAACAAJ,9780887305108,9780887305108,0887305105,Margin of Safety,Seth A. Klarman,execution_quality_and_trade_implementation,Execution Quality and Trade Implementation,strategy_systems_and_execution,"Strategy, Systems, and Execution",0.5,weak,"Chapter 13 discusses trading and selling decisions, liquidity, market depth, and why stop-loss orders can be flawed for value investors, but execution mechanics are not the book’s central teaching."
2026-05-16T09:24:34+00:00,manual,isbn13:9780071623551,435,bju_QwAACAAJ,9780071623551,9780071623551,0071623558,Security Analysis,"Benjamin Graham, David Le Fevre Dodd",financial_statement_analysis,Financial Statement Analysis,fundamental_analysis_and_valuation,Fundamental Analysis and Valuation,1.0,confirmed,"Central coverage. Part V is entirely “Analysis of the Income Account,” covering income account analysis, extraordinary losses, misleading accounting artifices, depreciation, amortization, reserves, earnings records, capitalization structure, and sources of income. Part VI is “Balance-Sheet Analysis,” covering book value, current-asset value, liquidating value, and asset-value implications. Ch. XXXI–XLV."
2026-05-16T09:24:52+00:00,manual,isbn13:9780071623551,435,bju_QwAACAAJ,9780071623551,9780071623551,0071623558,Security Analysis,"Benjamin Graham, David Le Fevre Dodd",intrinsic_value_estimation,Intrinsic Value Estimation,fundamental_analysis_and_valuation,Fundamental Analysis and Valuation,1.0,confirmed,"Central concept. Ch. I is explicitly “The Scope and Limitations of Security Analysis: The Concept of Intrinsic Value,” and Part VII later focuses on “Discrepancies Between Price and Value.” Ch. I and Ch. L–LI."
2026-05-16T09:25:10+00:00,manual,isbn13:9780071623551,435,bju_QwAACAAJ,9780071623551,9780071623551,0071623558,Security Analysis,"Benjamin Graham, David Le Fevre Dodd",valuation_multiples_and_relative_valuation,Valuation Multiples and Relative Valuation,fundamental_analysis_and_valuation,Fundamental Analysis and Valuation,1.0,confirmed,"Direct chapter-level coverage. Ch. XXXIX is “Price-Earnings Ratio for Common Stocks,” Ch. XLI covers low-priced common stocks and sources of income, and Ch. XLIX is “Comparative Analysis of Companies in the Same Field.”"
2026-05-16T09:25:28+00:00,manual,isbn13:9780071623551,435,bju_QwAACAAJ,9780071623551,9780071623551,0071623558,Security Analysis,"Benjamin Graham, David Le Fevre Dodd",earnings_growth_and_profitability_drivers,"Earnings, Growth, and Profitability Drivers",fundamental_analysis_and_valuation,Fundamental Analysis and Valuation,1.0,confirmed,"Central coverage through the analysis of earning power, income quality, past earnings records, rejected earnings records, depreciation/amortization charges, reserves, and capitalization structure. Ch. XXXI–XLI"
2026-05-16T09:25:43+00:00,manual,isbn13:9780071623551,435,bju_QwAACAAJ,9780071623551,9780071623551,0071623558,Security Analysis,"Benjamin Graham, David Le Fevre Dodd",asset_classes_and_financial_instruments,Asset Classes and Financial Instruments,market_foundations,Market Foundations,1.0,confirmed,"The book systematically covers bonds, preferred stocks, income bonds, guaranteed securities, convertible issues, senior securities with warrants, participating issues, common stocks, stock dividends, and stock-option warrants. Ch. V; Parts II–IV and VII."
2026-05-16T09:25:58+00:00,manual,isbn13:9780071623551,435,bju_QwAACAAJ,9780071623551,9780071623551,0071623558,Security Analysis,"Benjamin Graham, David Le Fevre Dodd",credit_debt_and_financial_crises,"Credit, Debt, and Financial Crises",macro_cycles_and_economic_context,"Macro, Cycles, and Economic Context",1.0,confirmed,"Strong central coverage of fixed-value investments, bond standards, railroad/public utility bonds, senior securities, guaranteed securities, protective covenants, and creditor remedies. This is mainly security-level credit/debt analysis rather than macro crisis theory. Part II and Part III."
2026-05-16T09:26:14+00:00,manual,isbn13:9780071623551,435,bju_QwAACAAJ,9780071623551,9780071623551,0071623558,Security Analysis,"Benjamin Graham, David Le Fevre Dodd",margin_of_safety,Margin of Safety,fundamental_analysis_and_valuation,Fundamental Analysis and Valuation,1.0,confirmed,"Central Graham-Dodd safety principle. The index explicitly lists “Margin of safety” across multiple sections, and the book repeatedly frames investment selection around safety of principal, adequate coverage, conservative valuation, and protection against adverse outcomes. Ch. VI–XI, Ch. XXVII, and later notes."
2026-05-16T09:26:28+00:00,manual,isbn13:9780071623551,435,bju_QwAACAAJ,9780071623551,9780071623551,0071623558,Security Analysis,"Benjamin Graham, David Le Fevre Dodd",risk_reward_and_expectancy,Risk-Reward and Expectancy,risk_management,Risk Management,0.5,weak,"Present through the distinction between investment and speculation, safety versus return, bond safety standards, and whether prospective profit compensates for risk. Important, but not formalized as a modern expectancy framework. Ch. IV, Ch. VI–XI, Introduction."
2026-05-16T09:26:45+00:00,manual,isbn13:9780071623551,435,bju_QwAACAAJ,9780071623551,9780071623551,0071623558,Security Analysis,"Benjamin Graham, David Le Fevre Dodd",business_quality_and_competitive_advantage,Business Quality and Competitive Advantage,fundamental_analysis_and_valuation,Fundamental Analysis and Valuation,0.5,weak,"Present through qualitative factors, management, sources of income, company comparison, and corporate structure analysis, but the book does not centrally teach modern “moat” or competitive-advantage analysis. Ch. II, Ch. XLI, Ch. XLVII–XLIX."
2026-05-16T09:26:56+00:00,manual,isbn13:9780071623551,435,bju_QwAACAAJ,9780071623551,9780071623551,0071623558,Security Analysis,"Benjamin Graham, David Le Fevre Dodd",market_participants_and_incentives,Market Participants and Incentives,market_foundations,Market Foundations,0.5,weak,"Discusses investors, speculators, bondholders, stockholders, investment banking houses, management, and the public, especially in relation to 1927–1933 market behavior and financing standards. Secondary to valuation/security analysis. Introduction, Ch. IV, Ch. XLIV, Ch. XLVII."
2026-05-16T09:27:08+00:00,manual,isbn13:9780071623551,435,bju_QwAACAAJ,9780071623551,9780071623551,0071623558,Security Analysis,"Benjamin Graham, David Le Fevre Dodd",price_formation_and_market_efficiency,Price Formation and Market Efficiency,market_foundations,Market Foundations,0.5,weak,"The book studies discrepancies between price and value and contrasts market analysis with security analysis, but it does not centrally teach modern market efficiency theory. Ch. L–LII."
2026-05-16T09:27:19+00:00,manual,isbn13:9780071623551,435,bju_QwAACAAJ,9780071623551,9780071623551,0071623558,Security Analysis,"Benjamin Graham, David Le Fevre Dodd",exposure_and_concentration_limits,Exposure and Concentration Limits,risk_management,Risk Management,0.5,weak,"Present mainly through supervision of holdings, diversification-like safety logic, senior security safety, and avoiding overexposure to weak issues. It is not a modern portfolio-risk framework. Ch. XXI, Ch. XXVI, Ch. XLIV."
2026-05-16T09:33:13+00:00,manual,isbn13:9780471246091,438,AKwWNQjLQQ4C,9780471246091,9780471246091,0471246093,Common Stocks and Uncommon Profits,Philip A. Fisher,business_quality_and_competitive_advantage,Business Quality and Competitive Advantage,fundamental_analysis_and_valuation,Fundamental Analysis and Valuation,1.0,confirmed,"Central concept. Ch. 3 “What to Buy: The Fifteen Points to Look for in a Common Stock” and Part Two “Conservative Investors Sleep Well” teach management quality, sales organization, research ability, production skill, cost control, competitive position, and business characteristics. The appendix also lists “Key Factors in Evaluating Promising Firms,” including functional factors, people factors, and business characteristics."
2026-05-16T09:33:26+00:00,manual,isbn13:9780471246091,438,AKwWNQjLQQ4C,9780471246091,9780471246091,0471246093,Common Stocks and Uncommon Profits,Philip A. Fisher,earnings_growth_and_profitability_drivers,"Earnings, Growth, and Profitability Drivers",fundamental_analysis_and_valuation,Fundamental Analysis and Valuation,1.0,confirmed,"Central coverage. Ch. 3 evaluates long-term sales growth, profit margins, research productivity, sales effectiveness, production efficiency, cost controls, and financial skill. Part Two expands this through product development, marketing, research, and profit-margin durability."
2026-05-16T09:33:41+00:00,manual,isbn13:9780471246091,438,AKwWNQjLQQ4C,9780471246091,9780471246091,0471246093,Common Stocks and Uncommon Profits,Philip A. Fisher,process_oriented_decision_making,Process-Oriented Decision Making,trading_psychology_and_behavioral_finance,Trading Psychology and Behavioral Finance,1.0,confirmed,"The book teaches a repeatable investment process: use “scuttlebutt,” apply the fifteen points, decide when to buy/sell, avoid common investor mistakes, and build an investment philosophy from experience. Key references: Ch. 2 “What ‘Scuttlebutt’ Can Do,” Ch. 3, Ch. 8–10, and Part Three “Developing an Investment Philosophy.”"
2026-05-16T09:34:04+00:00,manual,isbn13:9780471246091,438,AKwWNQjLQQ4C,9780471246091,9780471246091,0471246093,Common Stocks and Uncommon Profits,Philip A. Fisher,time_horizon_and_goal_based_investing,Time Horizon and Goal-Based Investing,portfolio_construction_and_asset_allocation,Portfolio Construction and Asset Allocation,1.0,confirmed,Central to Fisher’s growth-stock framework. Ch. 1 contrasts short-term bargains with long-term growth fortunes; Ch. 4 applies stock selection to investor needs; Ch. 6 “When to Sell and When Not To” emphasizes holding superior companies for long periods rather than selling because of short-term valuation discomfort.
2026-05-16T09:34:17+00:00,manual,isbn13:9780471246091,438,AKwWNQjLQQ4C,9780471246091,9780471246091,0471246093,Common Stocks and Uncommon Profits,Philip A. Fisher,emotional_discipline,Emotional Discipline,trading_psychology_and_behavioral_finance,Trading Psychology and Behavioral Finance,1.0,confirmed,"Chapter-level coverage through Ch. 6 “When to Sell and When Not To,” Ch. 8 “Five Don’ts for Investors,” Ch. 9 “Five More Don’ts for Investors,” and Part Three sections on contrary thinking, patience, avoiding the crowd, and learning from mistakes."
2026-05-16T09:34:34+00:00,manual,isbn13:9780471246091,438,AKwWNQjLQQ4C,9780471246091,9780471246091,0471246093,Common Stocks and Uncommon Profits,Philip A. Fisher,valuation_multiples_and_relative_valuation,Valuation Multiples and Relative Valuation,fundamental_analysis_and_valuation,Fundamental Analysis and Valuation,0.5,weak,"Fisher discusses price-earnings ratios, high-P/E growth stocks, and when a high multiple may be justified by superior business characteristics. However, he does not teach a full multiples-based valuation framework; valuation is secondary to business quality and growth durability. References: Part Two, especially “The Fourth Dimension,” and Part Three case discussions."
2026-05-16T09:34:50+00:00,manual,isbn13:9780471246091,438,AKwWNQjLQQ4C,9780471246091,9780471246091,0471246093,Common Stocks and Uncommon Profits,Philip A. Fisher,intrinsic_value_estimation,Intrinsic Value Estimation,fundamental_analysis_and_valuation,Fundamental Analysis and Valuation,0.5,weak,"Present through discussion of buying companies whose future value is underestimated and avoiding overpayment, but the book does not teach formal intrinsic valuation models. Fisher’s approach is qualitative appraisal of long-term business value rather than explicit DCF-style valuation."
2026-05-16T09:35:03+00:00,manual,isbn13:9780471246091,438,AKwWNQjLQQ4C,9780471246091,9780471246091,0471246093,Common Stocks and Uncommon Profits,Philip A. Fisher,financial_statement_analysis,Financial Statement Analysis,fundamental_analysis_and_valuation,Fundamental Analysis and Valuation,0.5,weak,"Present but secondary. The book references balance sheets, earnings statements, profit margins, depreciation, research spending, and financial skill, but Fisher explicitly downplays purely accounting-statistical analysis compared with scuttlebutt and business-quality investigation. References: Ch. 4, Ch. 10, and Part Two “Financial Skill.”"
2026-05-16T09:35:19+00:00,manual,isbn13:9780471246091,438,AKwWNQjLQQ4C,9780471246091,9780471246091,0471246093,Common Stocks and Uncommon Profits,Philip A. Fisher,risk_reward_and_expectancy,Risk-Reward and Expectancy,risk_management,Risk Management,0.5,weak,"Fisher frames the ideal investment as “greatest total profit for the least risk” and repeatedly compares growth-stock upside with business-quality risk. However, the book does not teach a formal expectancy/risk-reward model. References: Ch. 4 and Part Two."
2026-05-16T09:35:31+00:00,manual,isbn13:9780471246091,438,AKwWNQjLQQ4C,9780471246091,9780471246091,0471246093,Common Stocks and Uncommon Profits,Philip A. Fisher,diversification,Diversification,portfolio_construction_and_asset_allocation,Portfolio Construction and Asset Allocation,0.5,weak,Covered mainly through Fisher’s warning against over-diversification and his discussion of adequate minimum diversification. It is important but not a broad portfolio-construction treatment. Reference: Ch. 8 “Five Don’ts for Investors.”
2026-05-16T09:35:43+00:00,manual,isbn13:9780471246091,438,AKwWNQjLQQ4C,9780471246091,9780471246091,0471246093,Common Stocks and Uncommon Profits,Philip A. Fisher,price_formation_and_market_efficiency,Price Formation and Market Efficiency,market_foundations,Market Foundations,0.5,weak,Present in Part Three through the section “The Fallacy of the Efficient Market” and the idea that major price moves happen when the financial community changes its appraisal of a company. Secondary because the book is not mainly a market-efficiency textbook.
2026-05-16T09:35:54+00:00,manual,isbn13:9780471246091,438,AKwWNQjLQQ4C,9780471246091,9780471246091,0471246093,Common Stocks and Uncommon Profits,Philip A. Fisher,business_cycles_and_market_cycles,Business Cycles and Market Cycles,macro_cycles_and_economic_context,"Macro, Cycles, and Economic Context",0.3,conditional,"Likely covered in “When to Buy” and Part Three through discussions of market downturns, business-cycle forecasting, bear markets, and buying during pessimism, but Fisher mostly critiques macro timing rather than teaching cycle analysis directly. Needs human verification before strong tagging."
2026-05-16T09:42:51+00:00,manual,isbn13:9780470824412,437,njy3PQAACAAJ,9780470824412,9780470824412,0470824417,The Essays of Warren Buffett,Warren Buffett,financial_statement_analysis,Financial Statement Analysis,fundamental_analysis_and_valuation,Fundamental Analysis and Valuation,1.0,confirmed,"Central coverage in Part V, “Accounting and Taxation,” especially “Look-Through Earnings,” “Economic Goodwill Versus Accounting Goodwill,” “Owner Earnings and the Cash Flow Fallacy,” and “Segment Data and Consolidation.” The book explicitly frames financial statements as tools for judging value, obligations, and management performance."
2026-05-16T09:43:06+00:00,manual,isbn13:9780470824412,437,njy3PQAACAAJ,9780470824412,9780470824412,0470824417,The Essays of Warren Buffett,Warren Buffett,intrinsic_value_estimation,Intrinsic Value Estimation,fundamental_analysis_and_valuation,Fundamental Analysis and Valuation,1.0,confirmed,"Central coverage in Part V.E, “Intrinsic Value, Book Value, and Market Price.” Buffett defines intrinsic value as discounted cash that can be taken out of a business over its remaining life, while stressing estimation uncertainty."
2026-05-16T09:43:19+00:00,manual,isbn13:9780470824412,437,njy3PQAACAAJ,9780470824412,9780470824412,0470824417,The Essays of Warren Buffett,Warren Buffett,business_quality_and_competitive_advantage,Business Quality and Competitive Advantage,fundamental_analysis_and_valuation,Fundamental Analysis and Valuation,1.0,confirmed,"Central to the book’s investment philosophy: Berkshire is described as concentrating capital in businesses with outstanding economic characteristics and first-rate managers; Part II.D–F develops the idea through value investing, intelligent investing, and business selection."
2026-05-16T09:43:37+00:00,manual,isbn13:9780470824412,437,njy3PQAACAAJ,9780470824412,9780470824412,0470824417,The Essays of Warren Buffett,Warren Buffett,margin_of_safety,Margin of Safety,fundamental_analysis_and_valuation,Fundamental Analysis and Valuation,1.0,confirmed,"Core Graham-Dodd/Buffett principle in Part II, especially “Mr. Market” and “‘Value’ Investing: A Redundancy.” The book explains buying only when price is materially below value."
2026-05-16T09:43:49+00:00,manual,isbn13:9780470824412,437,njy3PQAACAAJ,9780470824412,9780470824412,0470824417,The Essays of Warren Buffett,Warren Buffett,price_formation_and_market_efficiency,Price Formation and Market Efficiency,market_foundations,Market Foundations,1.0,confirmed,"Central coverage in Part II.C, “Debunking Standard Dogma,” and the Mr. Market discussion. The book directly critiques efficient-market assumptions, beta, volatility-as-risk, and price-value equivalence."
2026-05-16T09:44:04+00:00,manual,isbn13:9780470824412,437,njy3PQAACAAJ,9780470824412,9780470824412,0470824417,The Essays of Warren Buffett,Warren Buffett,risk_return_tradeoff,Risk-Return Tradeoff,portfolio_construction_and_asset_allocation,Portfolio Construction and Asset Allocation,1.0,confirmed,"Central in Part II.C, “Debunking Standard Dogma.” The book teaches that true risk is permanent loss or business impairment, not beta/price volatility, and evaluates return relative to business quality, debt, taxes, and inflation."
2026-05-16T09:44:17+00:00,manual,isbn13:9780470824412,437,njy3PQAACAAJ,9780470824412,9780470824412,0470824417,The Essays of Warren Buffett,Warren Buffett,earnings_growth_and_profitability_drivers,"Earnings, Growth, and Profitability Drivers",fundamental_analysis_and_valuation,Fundamental Analysis and Valuation,0.5,weak,"Secondary but meaningful. Part III.C, “Dividend Policy,” and Part V.C–D discuss retained earnings, incremental returns on capital, owner earnings, economic goodwill, and whether growth actually creates value."
2026-05-16T09:44:30+00:00,manual,isbn13:9780470824412,437,njy3PQAACAAJ,9780470824412,9780470824412,0470824417,The Essays of Warren Buffett,Warren Buffett,passive_vs_active_portfolio_management,Passive vs Active Portfolio Management,portfolio_construction_and_asset_allocation,Portfolio Construction and Asset Allocation,0.5,weak,"Present but not the main teaching target. The book contrasts long-term index investing for many people with focused, business-like active investing within one’s competence."
2026-05-16T09:44:43+00:00,manual,isbn13:9780470824412,437,njy3PQAACAAJ,9780470824412,9780470824412,0470824417,The Essays of Warren Buffett,Warren Buffett,asset_classes_and_financial_instruments,Asset Classes and Financial Instruments,market_foundations,Market Foundations,0.5,weak,"Secondary coverage through specific sections on common stock, junk bonds, zero-coupon bonds, preferred stock, and arbitrage. The book teaches these mainly through Buffett’s investment examples, not as a full market-foundations survey."
2026-05-16T09:45:07+00:00,manual,isbn13:9780470824412,437,njy3PQAACAAJ,9780470824412,9780470824412,0470824417,The Essays of Warren Buffett,Warren Buffett,leverage_and_margin_risk,Leverage and Margin Risk,risk_management,Risk Management,0.5,weak,"Secondary coverage in “Junk Bonds,” “Zero-Coupon Bonds,” and “Leveraged Buyouts.” The book critiques excessive debt, weak credits, and structures that hide future cash obligations."
2026-05-16T09:45:18+00:00,manual,isbn13:9780470824412,437,njy3PQAACAAJ,9780470824412,9780470824412,0470824417,The Essays of Warren Buffett,Warren Buffett,time_horizon_and_goal_based_investing,Time Horizon and Goal-Based Investing,portfolio_construction_and_asset_allocation,Portfolio Construction and Asset Allocation,0.5,weak,"Present through the long-term owner mindset in Part III, “Common Stock,” especially the idea of being willing to own a business even if the exchange were closed. This is more time-horizon focused than full goal-based planning"
2026-05-16T09:49:21+00:00,manual,isbn13:9781439126158,439,TYOdIrFJ2SkC,9781439126158,9781439126158,1439126151,One Up On Wall Street,Peter Lynch,market_participants_and_incentives,Market Participants and Incentives,market_foundations,Market Foundations,1.0,confirmed,"Central thesis: individual investors can exploit advantages Wall Street often misses; covered in “The Advantages of Dumb Money,” Ch. 2 “The Wall Street Oxymorons,” and discussion of ignoring hot tips/brokerage recommendations."
2026-05-16T09:49:32+00:00,manual,isbn13:9781439126158,439,TYOdIrFJ2SkC,9781439126158,9781439126158,1439126151,One Up On Wall Street,Peter Lynch,business_quality_and_competitive_advantage,Business Quality and Competitive Advantage,fundamental_analysis_and_valuation,Fundamental Analysis and Valuation,1.0,confirmed,"Core stock-selection lens: Ch. 8 “The Perfect Stock,” Ch. 9 “Stocks I’d Avoid,” and Ch. 15 “The Final Checklist” emphasize simple businesses, niches, low/no debt, buybacks, insider ownership, and avoiding poor-quality/trendy companies."
2026-05-16T09:49:45+00:00,manual,isbn13:9781439126158,439,TYOdIrFJ2SkC,9781439126158,9781439126158,1439126151,One Up On Wall Street,Peter Lynch,earnings_growth_and_profitability_drivers,"Earnings, Growth, and Profitability Drivers",fundamental_analysis_and_valuation,Fundamental Analysis and Valuation,1.0,confirmed,"Ch. 7 “I’ve Got It, I’ve Got It—What Is It?” and Ch. 10 “Earnings, Earnings, Earnings” teach classifying companies by growth profile and tying stock performance to sales/profit/earnings growth."
2026-05-16T09:49:56+00:00,manual,isbn13:9781439126158,439,TYOdIrFJ2SkC,9781439126158,9781439126158,1439126151,One Up On Wall Street,Peter Lynch,valuation_multiples_and_relative_valuation,Valuation Multiples and Relative Valuation,fundamental_analysis_and_valuation,Fundamental Analysis and Valuation,1.0,confirmed,"Ch. 13 “Some Famous Numbers” teaches P/E, growth-rate comparison, dividend-adjusted P/E logic, cash-adjusted price, and judging whether a stock is overpriced or cheap relative to earnings/growth."
2026-05-16T09:50:08+00:00,manual,isbn13:9781439126158,439,TYOdIrFJ2SkC,9781439126158,9781439126158,1439126151,One Up On Wall Street,Peter Lynch,financial_statement_analysis,Financial Statement Analysis,fundamental_analysis_and_valuation,Fundamental Analysis and Valuation,1.0,confirmed,"Ch. 12 “Getting the Facts” and Ch. 13 teach reading annual reports, balance sheets, cash, securities, long-term debt, debt reduction, net cash, shares outstanding, and debt-to-equity."
2026-05-16T09:50:20+00:00,manual,isbn13:9781439126158,439,TYOdIrFJ2SkC,9781439126158,9781439126158,1439126151,One Up On Wall Street,Peter Lynch,process_oriented_decision_making,Process-Oriented Decision Making,trading_psychology_and_behavioral_finance,Trading Psychology and Behavioral Finance,1.0,confirmed,"Ch. 11 “The Two-Minute Drill,” Ch. 14 “Rechecking the Story,” and Ch. 15 “The Final Checklist” teach building a clear investment thesis, monitoring whether the story remains true, and doing regular research before acting."
2026-05-16T09:50:35+00:00,manual,isbn13:9781439126158,439,TYOdIrFJ2SkC,9781439126158,9781439126158,1439126151,One Up On Wall Street,Peter Lynch,time_horizon_and_goal_based_investing,Time Horizon and Goal-Based Investing,portfolio_construction_and_asset_allocation,Portfolio Construction and Asset Allocation,1.0,confirmed,"Part III “The Long-Term View” and Ch. 16 “Designing a Portfolio” stress realistic long-term expectations, staying with a strategy through good and bad years, and judging performance over years rather than short-term price movement."
2026-05-16T09:50:49+00:00,manual,isbn13:9781439126158,439,TYOdIrFJ2SkC,9781439126158,9781439126158,1439126151,One Up On Wall Street,Peter Lynch,stop_loss_and_exit_rules,Stop-Loss and Exit Rules,risk_management,Risk Management,0.5,weak,
2026-05-16T09:51:12+00:00,manual,isbn13:9781439126158,439,TYOdIrFJ2SkC,9781439126158,9781439126158,1439126151,One Up On Wall Street,Peter Lynch,risk_return_tradeoff,Risk-Return Tradeoff,portfolio_construction_and_asset_allocation,Portfolio Construction and Asset Allocation,0.5,weak,"Present in Ch. 16 through realistic return expectations, comparing individual stock-picking against index returns, and warning against taking unnecessary risks for unrealistic payoffs; useful but not as deeply formal as a portfolio theory text."
2026-05-16T09:51:22+00:00,manual,isbn13:9781439126158,439,TYOdIrFJ2SkC,9781439126158,9781439126158,1439126151,One Up On Wall Street,Peter Lynch,emotional_discipline,Emotional Discipline,trading_psychology_and_behavioral_finance,Trading Psychology and Behavioral Finance,0.5,weak,"Covered through “Passing the Mirror Test,” Ch. 18 “The Twelve Silliest (and Most Dangerous) Things People Say About Stock Prices,” and warnings against panic-selling after declines; important but secondary to the stock-picking framework."
