corpus_row,title,author,source,quality_tier,relevance_tier,confidence,keep_decision,judge_status,avg_rating_best,review_count_best,rating_source_best,evidence_urls,reason,red_flags,duplicate_group,suggested_canonical_title
1,Capital Markets Trading and Investment Strategies in China,Xiaojiang Zhang,google_books,KEEP_B,high,low,keep,ok,,,none,https://www.amazon.com/Capital-Markets-Trading-Investment-Strategies/dp/9811084963; https://www.springer.com/gp/book/9789811084966; https://content.e-bookshelf.de/media/reading/L-10910036-7d0e6849a2.pdf,"Published by Springer in 2018, this is a credible practitioner guide covering Chinese capital markets, trading strategies, and macro frameworks—highly relevant to Atlas's investing/trading/markets/macro scope. The author has genuine industry credentials in FX, fixed income, and derivatives at major global institutions, and has a second Springer title, lending legitimacy. No ratings or review data exist, but the absence of reviews for a specialist Springer academic/practitioner text is not disqualifying. No red flags such as summary, workbook, or hyperbolic claims are present.",,0,Capital Markets Trading and Investment Strategies in China
2,"An Introduction to Trading in the Financial Markets: Trading, Markets, Instruments, and Processes",R. Tee Williams,google_books,KEEP_B,high,low,keep,ok,3.22,9,goodreads,https://www.goodreads.com/book/show/13164343-an-introduction-to-trading-in-the-financial-markets; https://www.goodreads.com/author/show/4192510.R_Tee_Williams; https://www.amazon.com/Introduction-Trading-Financial-Markets-Instruments/dp/0123748399; https://ideas.repec.org/b/eee/monogr/9780123748386.html; https://www.sciencedirect.com/book/9780123748393/an-introduction-to-trading-in-the-financial-markets,"This is Volume 2 of a legitimate 4-volume academic series published by Academic Press (Elsevier), covering trading mechanics, market structure, instruments, and execution processes — highly relevant to Atlas's scope. The author is a credentialed market data consultant, and the publisher lends credibility. The near-absence of ratings means quality is uncertain but there are no red flags suggesting low-quality or derivative content, making KEEP_B appropriate pending more evidence.",virtually no ratings for this specific volume; low aggregate author rating (3.22) from very few reviews,1,An Introduction to Trading in the Financial Markets: Market Basics
3,22 Stock Market Trading Secrets,Ashu Dutt,google_books,DROP_D,medium,high,drop,ok,3.88,52,goodreads,https://www.goodreads.com/book/show/26254562-22-stock-market-trading-secrets; https://www.goodreads.com/author/list/3113925.Ashu_Dutt; https://www.amazon.com/22-Stock-Market-Trading-Secrets/dp/817094838X; https://www.amazon.in/Stock-Market-Trading-Secrets-English/dp/B07WPFNYCY; https://books.google.com/books?id=41jgAgAAQBAJ; https://bestofusedbooks.com/products/22-stock-market-trading-secrets,"The description explicitly claims '50% to 100% every year with low risk,' which triggers the hard red-flag rule for hyperbolic return claims. The title also uses 'secrets'-style marketing language, another hard red flag. Despite the author's credible Indian financial media background, neither the modest rating (3.88 with only 52 reviews) nor the limited readership provides sufficient canonical override to counteract these structural red flags.",hyperbolic return claims ('50% to 100% every year with low risk'); 'secrets' marketing language in title; described as helpful for beginners; no appearances on reputable investing reading lists; low review count (52) provides weak confidence,2,22 Stock Market Trading Secrets
4,Stock Market Investing,Mark Elder,google_books,DROP_D,low,high,drop,ok,3.56,66,goodreads,https://www.goodreads.com/author/list/639447.Mark_Elder; https://www.goodreads.com/book/show/53971283-stock-trading-strategy; https://www.abebooks.com/9781801137515/Stock-Trading-Strategy-Intelligent-Investor-180113751X/plp; https://www.amazon.com/Stock-Trading-Strategy-Intelligent-Strategies/dp/180113751X; https://www.amazon.co.uk/Stock-Trading-Strategy-Intelligent-Strategies/dp/180113751X; https://www.readinglength.com/author/AKnDBN,"This book exhibits multiple hard red flags: 'kiss your 9-to-5 goodbye' and passive-income marketing language, a prolific self-publishing author with 57+ titles in beginner bundle format, and a component manuscript rating of just 2.88/5. Amazon reviewer criticism confirms shallow, low-quality content with no actionable strategy, and there are no credible finance reading-list mentions or canonical status to override these signals.","'kiss your 9-to-5 goodbye' / retirement framing / passive income marketing language; Prolific self-publisher with 57+ titles, many multi-manuscript bundles; Component manuscript rated 2.88/5 on Goodreads; Amazon reviewer describes content as shallow 'word salad'; Inconsistent author bio claiming 20+ vs 30+ years experience; No credible finance reading-list mentions; Beginner-targeted bundle format",3,Stock Market Investing
5,How Markets Really Work,Larry Connors,google_books,KEEP_B,high,medium,keep,ok,3.54,41,goodreads,https://www.goodreads.com/book/show/16473073-how-markets-really-work; https://www.goodreads.com/work/editions/22666282-how-markets-really-work-quantitative-guide-to-stock-market-behavior; https://www.goodreads.com/author/show/4355706.Connors_Research; https://www.goodreads.com/author/list/775707.Larry_Connors; https://www.amazon.com/How-Markets-Really-Work-Quantitative/dp/1118166507; https://tradermarkus.com/larry-connors-how-markets-really-work-review/; https://www.amazon.com/How-Markets-Really-Work-Quantitative/dp/0975551310,"Published by Wiley in their Bloomberg Financial series, this is a legitimate quantitative trading title by Larry Connors, a credentialed author with endorsements from The Gartman Letter. The 3.54 Goodreads rating is borderline but based on only 41 reviews, limiting confidence; the content is substantive and data-driven rather than a summary or workbook. The topic — statistical edge testing of common market patterns — is directly relevant to Atlas's investing/trading scope, and Connors is a recognized name in quantitative retail trading literature.",low review count (41); rating borderline at 3.54,4,How Markets Really Work
6,STOCK MARKET INVESTING and FOREX TRADING FOR BEGINNERS - 6 Books in 1,Warren Ramsey,google_books,DROP_D,medium,high,drop,ok,3.52,23,goodreads,https://www.amazon.in/INVESTING-BEGINNERS-Financial-Investing-Management/dp/1914192176; https://www.goodreads.com/author/show/2841113.Warren_Ramsey; https://www.amazon.com/Warren-Ramsey/e/B08FBK3CQQ/ref=dp_byline_cont_pop_book_1,"This is a textbook DROP_D case: a '6 Books in 1' bundle explicitly targeting beginners with 'get rich' marketing language, published by an obscure publisher with no verifiable author credentials. Ratings are both low in score (3.52) and negligible in volume (23 across all author works), providing no redemptive signal. Multiple hard red flags are triggered simultaneously with zero canonical override evidence.",6 books in 1 bundle; for beginners label; get rich language; no credible author credentials; extremely low review count; self-published content farm; hyperbolic marketing copy,5,STOCK MARKET INVESTING and FOREX TRADING FOR BEGINNERS - 6 Books in 1
7,An Introduction to Trading in the Financial Markets: Market Basics,R. Tee Williams,google_books,REVIEW_C,high,low,review,ok,3.22,9,goodreads,https://www.goodreads.com/author/show/4192510.R_Tee_Williams; https://www.goodreads.com/book/show/8918326-an-introduction-to-trading-in-the-financial-markets; https://www.amazon.com/Introduction-Trading-Financial-Markets-Market/dp/0123748380; https://ideas.repec.org/b/eee/monogr/9780123748386.html; https://www.sciencedirect.com/book/monograph/9780123748386/an-introduction-to-trading-in-the-financial-markets; https://booksite.elsevier.com/samplechapters/9780123748386/01~Front_Matter.pdf,"Published by Academic Press (Elsevier) with a credentialed author of 30 years' market experience, this is a legitimate professional reference on financial markets — not a summary or workbook. However, the Goodreads rating of 3.22 from only 9 reviews provides very weak evidence of quality, and the complete absence of Amazon reviews suggests minimal market traction. The topic is highly relevant to Atlas, but the near-absence of engagement data makes a confident quality call impossible without human review.",very low review count (9 ratings); below-threshold rating (3.22); no Amazon reviews for this specific volume,1,An Introduction to Trading in the Financial Markets: Market Basics
8,Technical Analysis of the Financial Markets,John J. Murphy,google_books,KEEP_A,high,high,keep,ok,4.15,6226,goodreads,https://www.goodreads.com/book/show/212102.Technical_Analysis_of_the_Financial_Markets; https://www.goodreads.com/author/list/26990.John_J_Murphy; https://www.amazon.com/Technical-Analysis-Financial-Markets-Comprehensive/dp/0735200661; https://www.penguinrandomhouse.com/books/350647/technical-analysis-of-the-financial-markets-by-john-j-murphy/; https://thebubblebubble.substack.com/p/my-15-favorite-trading-and-market; https://www.colibritrader.com/recommended-technical-analysis-books/; https://changelly.com/blog/best-stock-market-books/; https://www.goodreads.com/author/show/26990.John_J_Murphy,"Universally recognized as 'the bible of technical analysis,' this landmark reference by John J. Murphy is a canonical work in trading and financial markets education. The author-level Goodreads rating of 4.15 from over 6,200 ratings, combined with consistent placement on reputable reading lists and strong institutional credentials (CNBC, Merrill Lynch, IFTA), firmly supports KEEP_A status. No red flags: this is a substantive, original reference work with no signs of being a summary, workbook, or low-content product. The 8 existing manual annotations in Atlas further confirm its canonical standing.",,6,Technical Analysis of the Financial Markets
9,Theory of Financial Markets,Jan Mossin,google_books,KEEP_A,high,medium,keep,ok,,,none,https://www.amazon.com/Financial-Markets-Prentice-Hall-international-management/dp/0139136991; https://www.ebay.com/p/2976255; https://books.google.com/books/about/Theory_of_Financial_Markets.html?id=27fDXUtmaUYC; https://en.wikipedia.org/wiki/Jan_Mossin; https://www.nhh.no/en/departments/business-and-management-science/pioneers-and-honorary-doctors---department-of-business-and-management-science/jan-mossin/; https://www.aeaweb.org/articles?id=10.1257%2F0895330042162340; https://www.thriftbooks.com/a/jan-mossin/576931/,"Jan Mossin was a co-developer of CAPM alongside Sharpe and Lintner, and Wikipedia notes he would have been a Nobel Prize candidate in 1990 had he lived. This 1972 Prentice-Hall monograph on financial market theory and the economics of uncertainty is a foundational academic work by one of modern finance's architects, published by a reputable academic press with no red flags. No consumer ratings exist given the book's age and academic niche, but canonical override applies: the author's foundational stature in financial economics makes this a must-keep.",,7,Theory of Financial Markets
10,Yearbook of International Financial and Economic Law 1997,Queen Mary and Westfield College Staff,google_books,DROP_D,low,high,drop,ok,,,none,"https://www.wildy.com/isbn/9789041197726/yearbook-of-international-financial-and-economic-law-hardback-kluwer-law-international; http://link.law.upenn.edu/portal/The-Thai-financial-and-economic-crisis-of-1997-98/rwa7jBDryD0/; https://www.amazon.co.uk/Books-Kluwer-Law-International/s?rh=n:266239,p_27:Kluwer+Law+International","This is a specialized academic law yearbook covering international financial and economic law developments from 1997, published by Kluwer/Springer with credible institutional contributors. However, it falls squarely within international financial law rather than Atlas's core scope of investing, trading, financial markets, or macro. With no ratings, no reading-list presence, and content that is both dated and legally rather than investment-focused, it does not belong in Atlas.","international financial law yearbook, not investing/trading/markets content; highly specialized academic legal reference; outdated (1997 developments); no consumer ratings or reading-list presence",8,Yearbook of International Financial and Economic Law 1997
11,"Federal Regulatory Directory, 12th Edition","Kenneth Jost, David Masci, Brian Hansen, Mary H Cooper",google_books,DROP_D,low,high,drop,ok,,,none,https://www.amazon.com/Federal-Regulatory-Directory-CQ-Press/dp/1608717399; https://www.amazon.com/Federal-Regulatory-Directory-CQ-Press/dp/1483384772; https://us.sagepub.com/en-us/nam/federal-regulatory-directory/book240573; https://archive.org/details/federalregulator0000unse_t0x4; https://us.sagepub.com/en-us/nam/federal-regulatory-guide/book287187,"This is a well-established institutional reference directory on federal regulatory agencies published by the reputable CQ Press, with Library Journal and ARBA endorsements. However, it is a government regulatory reference work, not an investing, trading, financial markets, or macro book. Its relevance to Atlas's core scope is very low, making it unsuitable for inclusion regardless of its quality as a reference title.","regulatory reference directory, not investing/trading/markets/macro content; institutional reference work outside Atlas scope",9,"Federal Regulatory Directory, 12th Edition"
12,Investing and Trading Strategies,Dave Robert Warren Graham,google_books,DROP_D,medium,high,drop,ok,,,none,https://www.amazon.com/Investing-Trading-Strategies-Profitable-Financial/dp/1801117918; https://www.amazon.com/Investing-Trading-Strategies-Simplified-Beginners/dp/1914409027; https://www.goodreads.com/en/book/show/56131980; https://books.google.com/books/about/Investing_and_Trading_Strategies.html?id=3aD5zQEACAAJ; https://www.thriftbooks.com/a/dave-robert-warren-graham/4385673/,"This is a multi-book bundle from an unverifiable self-promotional author with no professional track record, containing overt 'get rich' and passive-income language that triggers the hard red-flag rule. There are no ratings on any platform, no credible reading-list mentions, and the author bio is clearly marketing copy rather than a genuine credential. Nothing in the evidence suggests canonical status or quality that would override a DROP_D classification.",Bundle / 'X books in 1' format; Hyperbolic get-rich / passive income language; 'For beginners' subtitle variant; No verifiable author credentials; promotional bio claiming penthouse lifestyle on 6-figure income; No ratings on any platform; Zero credible reading-list mentions; Micro/self-publisher with inconsistent author details across editions,10,Investing and Trading Strategies
13,Britain 1995,Great Britain. Central Office of Information,google_books,DROP_D,low,high,drop,ok,,,none,,"This is a UK government annual reference handbook covering broad policy developments across all sectors of Britain, not a book about investing, trading, financial markets, or macroeconomics. It is a 1994 general-purpose government compendium with no relevance to Atlas's domain. There is no ratings data, no web evidence, and no credible path to relevance for a financial knowledge platform.",government reference compendium; not investing/trading/markets focused; dated 1994/1995 annual handbook; no relevance to Atlas scope,11,Britain 1995
14,Mastering Value Investing,Peter Benedikt,google_books,DROP_D,medium,high,drop,ok,,,none,,"This book has no ratings, no web presence, an unknown author, and an obscure publisher. The description uses promotional language and frames the book as a beginner-friendly distillation of Benjamin Graham's strategies rather than an original contribution. With no evidence of credibility, canonical status, or meaningful readership, this meets the criteria for DROP_D.","no ratings or reviews found; unknown/unestablished author; obscure publisher; promotional/hyperbolic description language ('invest like a pro', 'lasting financial success'); 2025 publication with zero web presence; appears to be a beginner-oriented summary/distillation of Graham's work rather than original research",12,Mastering Value Investing
15,Simple Investing For Smart Kids:,Dean McNeil,google_books,DROP_D,low,high,drop,ok,,,none,https://www.litres.ru/book/dean-mcneil/simple-investing-for-smart-kids-72132274; https://www.thegreatbritishbookshop.co.uk/products/simple-investing-for-smart-kids-fun-habits-and-techniques-to-earning-spending-saving-donating-investing-and-growing-money-for-your-kids-ages-8-16-easy-money-lessons-for-your-children-to-gain-confidence-and-independence; https://openlibrary.org/publishers/epubli,"This book is a children's financial literacy title (ages 8-16) with no relevance to Atlas's core investing, trading, markets, or macro audience. The keyword-stuffed subtitle, dual publisher/ISBN discrepancy, complete absence of ratings or reviews, and hallmarks of low-content self-publishing all point to DROP_D. No credible finance reading-list mentions or author credentials were found to override this assessment.","Title targets children ages 8-16, outside Atlas's investing/trading/markets/macro scope; Bracket-heavy, keyword-stuffed subtitle typical of low-content self-publishing; Two conflicting publishers/ISBNs suggest repackaged or low-quality product; No ratings, reviews, or credible finance reading-list mentions found; Unknown author with no verifiable credentials; 'For beginners' / children's financial literacy framing outside Atlas's core audience",13,Simple Investing For Smart Kids:
16,Contrarian Investment Strategies in the Next Generation,David Dreman,google_books,KEEP_A,high,medium,keep,ok,,,none,,"David Dreman is a foundational figure in contrarian investing and behavioral finance, and this book is a canonical update to his earlier classic 'Contrarian Investment Strategy.' Published by Simon & Schuster, it details evidence-based contrarian strategies backed by decades of market data. Dreman's work is regularly cited on value investing reading lists and is considered essential for understanding market psychology and anomalies. The canonical override applies despite missing ratings.",,14,Contrarian Investment Strategies in the Next Generation
17,Value Stocks beat Growth Stocks: An empirical Analysis for the German Stock Market,Christian Schießl,google_books,DROP_D,medium,high,drop,ok,,,none,https://www.grin.com/document/202583; https://www.amazon.com/Value-Stocks-beat-Growth-empirical/dp/3954890690; https://www.amazon.co.uk/Value-Stocks-beat-Growth-empirical/dp/3656301662; https://www.barnesandnoble.com/w/value-stocks-beat-growth-stocks-christian-schiessl/1115918884; https://www.anchor-publishing.com/document/287392; https://ucca.ent.sirsidynix.net.uk/client/en_GB/default/search/detailnonmodal/ent:$002f$002fSD_ILS$002f0$002fSD_ILS:595511/one,"This is a self-published master's thesis via GRIN Verlag, a known thesis-publishing mill with no editorial peer review or independent quality filtering. It has no ratings, no reviews, and no presence on any credible investing or finance reading list. While the topic (value vs. growth in the German market) is relevant to investing, a narrow unpeer-reviewed thesis with zero critical reception does not meet Atlas's quality bar and should be dropped.","GRIN Verlag thesis mill, no peer review; Master's thesis, not a commercial or scholarly monograph; No ratings or reviews found anywhere; Not on any credible investing reading list; Narrow single-market academic scope",15,Value Stocks beat Growth Stocks: An empirical Analysis for the German Stock Market
18,Value versus Growth - An Empirical Analysis of Equity Fund Managers ́ Capabilities to Generate Alpha,Thomas Müller,google_books,DROP_D,medium,high,drop,ok,,,none,https://www.grin.com/document/192205; https://www.researchgate.net/post/GRIN-Is-it-worth-publishing-with-them; https://www.thestudentroom.co.uk/showthread.php?t=7025025,"This is a 2012 bachelor's thesis published via GRIN Verlag, a German self-publishing platform explicitly flagged by academic institutions as lacking peer review and quality standards. No ratings, reviews, or reading-list mentions were found for the title or author. As an unvetted student thesis with no measurable reputation signals, it does not meet the quality bar for Atlas's curated investing/trading reading list.","bachelor thesis / student work; GRIN Verlag self-publishing platform with no peer review; no ratings or reviews found; no reading-list mentions or third-party citations; unvetted, low-content academic work",16,Value versus Growth - An Empirical Analysis of Equity Fund Managers ́ Capabilities to Generate Alpha
19,Value Investing,Martin J. Whitman,google_books,KEEP_B,high,medium,keep,ok,,,none,,"Martin J. Whitman is a well-regarded value investor and founder of Third Avenue Management, lending credibility to this work on value investing published by John Wiley & Sons. The book presents an analytical framework for assessing company value including distressed situations, restructurings, and M&A — directly relevant to Atlas's investing scope. No ratings data is available, but the author's reputation and publisher credibility support retention. No red flags such as summary-style content or hyperbolic claims are present.",,17,Value Investing
20,Fundamentals of Investments,Richard A. Stevenson,google_books,REVIEW_C,medium,low,review,ok,,,none,https://www.amazon.com/Fundamentals-Investments-Richard-Stevenson/dp/0314656693; https://www.abebooks.com/9780314656698/Fundamentals-Investments-Stevenson-Richard-Jennings-0314656693/plp,"This is a legitimate multi-edition college-level investments textbook from 1988, published by West Publishing Co., covering foundational investing concepts relevant to Atlas's scope. However, it is over 35 years old, has no discoverable ratings or reviews, no modern readership, and no evidence of canonical or must-read status in investing literature. Without stronger evidence of enduring relevance or citation on reputable reading lists, a human review is warranted before inclusion.",1988 publication date — severely dated; No ratings or reviews found anywhere; Virtually no modern web presence; Out-of-print academic textbook with no noted canonical status,18,Fundamentals of Investments
21,What Is Value Investing?,Lawrence A. Cunningham,google_books,REVIEW_C,high,medium,review,ok,,,none,https://www.goodreads.com/book/show/293639.What_Is_Value_Investing_; https://www.amazon.com/What-Value-Investing-Lawrence-Cunningham/dp/0071429557; https://www.goodreads.com/author/show/742.Lawrence_A_Cunningham; https://larc.cardozo.yu.edu/alums-books/37/; https://www.amazon.ca/What-Value-Investing-Lawrence-Cunningham/dp/0071429557; https://www.abebooks.com/9780071429559/What-Value-Investing-Cunningham-Lawrence-0071429557/plp,"Cunningham is a credible, well-regarded author in value investing (known for 'The Essays of Warren Buffett'), and the publisher McGraw-Hill is reputable, so this is not a low-quality or scam product. However, the specific book has zero Goodreads reviews and no Amazon rating, making it impossible to assess reception on its own merits; reviews hint at thin content. As an introductory primer it may be redundant alongside stronger value investing titles in Atlas, warranting a human review decision.",no retrievable rating or reviews for this specific title; described as introductory/beginner primer with limited depth per one review; very thin content per negative Amazon review,19,What Is Value Investing?
22,Investor's Library,"Marvin Appel, Harry Domash, Michael N. Kahn CMT",google_books,REVIEW_C,high,low,review,ok,,,none,https://www.goodreads.com/book/show/10174250-investor-s-library; https://www.amazon.com/Investors-Library-Fundamental-Collection-Collections-ebook/dp/B004HW7MYO; https://www.oreilly.com/library/view/investors-library-fundamental/9780132678179/; https://books.apple.com/us/book/investors-library-fundamental-analysis-technical-analysis/id433147752; https://books.google.com/books/about/Investor_s_Library.html?id=_Exwgz9_6oEC,"This is a legitimate Pearson/FT Press omnibus bundling three credible titles by credentialed authors (Domash, Kahn CMT, Appel), all relevant to stock analysis, technical analysis, and income investing. However, as a compiled bundle it has zero ratings or reviews across all major platforms and no reading-list presence, making quality assessment impossible. The individual component books may merit separate evaluation, but this bundle format warrants human review before inclusion.",bundle/omnibus format with no standalone review presence; no ratings or reviews found anywhere; not on any notable reading lists,20,Investor's Library
23,Good Stocks Cheap: Value Investing with Confidence for a Lifetime of Stock Market Outperformance,Kenneth Jeffrey Marshall,google_books,KEEP_B,high,medium,keep,ok,4.07,229,goodreads,https://www.goodreads.com/book/show/35023750-good-stocks-cheap; https://www.amazon.com/Good-Stocks-Cheap-Confidence-Outperformance/dp/125983607X; https://www.valuewalk.com/book-review-good-stocks-cheap-kenneth-jeffrey-marshall/; https://www.stebi.in/booknotes-good-stocks-cheap-by-kenneth-jeffrey-marshall/; https://www.amazon.com/Kenneth-Jeffrey-Marshall/e/B071SD9D8M,"Published by McGraw Hill Professional with a solid 4.07 Goodreads rating from 229 readers, and the author has strong academic credentials teaching value investing at Stanford and Stockholm School of Economics. The book is an original, practical value investing guide with positive reception from credible finance sites like ValueWalk. Moderate review count and no canonical status keep it at KEEP_B rather than KEEP_A, but it is a credible specialist work highly relevant to Atlas's investing scope.",,21,Good Stocks Cheap: Value Investing with Confidence for a Lifetime of Stock Market Outperformance
24,Fundamental Analysis in Value Investing,Chau Duong,google_books,DROP_D,medium,high,drop,ok,,,none,,"Published by LAP Lambert Academic Publishing, which is widely known as a vanity press that publishes unreviewed academic theses with minimal editorial standards. There is no web evidence, no ratings, and no citations indicating this book has any meaningful readership or influence. The content, while topically relevant (fundamental analysis, value investing), appears to be a narrow thesis-level study on Japanese stocks with no evidence of canonical or specialist status.",LAP Lambert Academic Publishing (vanity/print-on-demand academic publisher known for low editorial standards); No ratings or reviews found; No web evidence or citations; Appears to be a narrow academic thesis/monograph with limited broader readership,22,Fundamental Analysis in Value Investing
25,Investing Online For Dummies,Kathleen Sindell,google_books,DROP_D,medium,high,drop,ok,,,none,,"This is a 2002 'For Dummies' introductory guide to online investing, making it over two decades old and largely obsolete given the dramatic changes in online brokerage platforms, tools, and markets since then. The 'For Dummies' series targets beginners, which combined with the dated content makes it a poor fit for Atlas's investing/trading knowledge base. No ratings or web evidence exist to suggest canonical status that would override these concerns.",'For Dummies' beginner-oriented format; severely outdated (2002); online investing guide from dot-com era has minimal current value; no ratings evidence,23,Investing Online For Dummies
26,Value Investing For Dummies,"Peter J. Sander, Janet Haley",google_books,KEEP_B,high,medium,keep,ok,4.4,61,amazon,https://www.goodreads.com/book/show/1983654.Value_Investing_for_Dummies; https://www.amazon.com/Value-Investing-Dummies-Sander-2008-03-31/dp/B01FIXZ9MC; https://us.amazon.com/Value-Investing-Dummies-Peter-Sander/dp/0470232226; https://www.barnesandnoble.com/w/value-investing-for-dummies-peter-j-sander/1004747577; https://books.google.com/books/about/Value_Investing_For_Dummies.html?id=HPHqDwAAQBAJ,"A legitimate 2nd-edition instructional text on value investing from John Wiley & Sons, authored by credentialed practitioners (MBA, CFP) with verifiable market commentary track records. The 'For Dummies' label signals introductory level but is an original work, not a summary or workbook, and is clearly on-topic. Amazon ratings cluster around 4.4 across editions, though review counts are modest; Goodreads shows a lower 3.83 across 58 ratings. Suitable as a beginner-level value investing reference, though the 2008 publication date limits currency.",'For Dummies' introductory framing; dated publication (2008) with potentially outdated tool references,24,Value Investing For Dummies
27,Fundamental Analysis,John C. Ritchie,google_books,REVIEW_C,high,low,review,ok,3.0,6,goodreads,https://www.goodreads.com/book/show/2884398-fundamental-analysis; https://www.goodreads.com/author/show/1250116.John_C_Ritchie; https://www.amazon.com/Fundamental-Analysis-Back-Investment-Selecting/dp/1557388660; https://www.amazon.co.uk/Fundamental-Analysis-Back-Basics-Investment/dp/1557388660; https://www.bookdepository.com/Fundamental-Analysis-Ritchie-Jr/9781557388667,"The book is a legitimate multi-edition fundamental analysis textbook from a credible academic (Temple University Finance professor) published by a reputable professional imprint (Irwin), making it relevant to Atlas's scope. However, the Goodreads rating of 3.0 from only 6 ratings is below the acceptable threshold, and the book has virtually no modern footprint on reading lists or review platforms. The author's academic credibility and professional publisher prevent a DROP_D, but insufficient evidence exists to confidently keep it without human review.",very low rating count (6 ratings); rating of 3.0 is below threshold; near-zero modern visibility,25,Fundamental Analysis
28,"The AFIRE Guide to U.S. Real Estate Investing, Fourth Edition: What Global Investors Need to Know about Commercial Real Estate Acquisition, Management, and Disposition",Will McIntosh,google_books,KEEP_B,medium,medium,keep,ok,,,none,https://www.afire.org/guide/; https://www.amazon.com/AFIRE-Guide-Estate-Investing-Fourth/dp/1265413460; https://www.amazon.com/Best-Sellers-Real-Estate/zgbs/digital-text/154930011; https://www.afire.org/product/afireguide/; https://us.amazon.com/AFIRE-Guide-Estate-Investing-Fourth-ebook/dp/B0CFNKCD1B,"Fourth edition of an established institutional reference from AFIRE (founded 1988), published by McGraw Hill Professional, edited by a highly credentialed author (PhD, CRE, PREA Graaskamp Award winner, global head of research at Affinius Capital). No ratings exist due to recency and niche institutional audience, but canonical override applies given the authoritative trade association backing and reputable publisher. Relevance is medium rather than high as the focus is specifically on cross-border commercial real estate for non-U.S. institutional investors, which is somewhat peripheral to Atlas's core investing/trading/markets/macro scope.",,26,"The AFIRE Guide to U.S. Real Estate Investing, Fourth Edition: What Global Investors Need to Know about Commercial Real Estate Acquisition, Management, and Disposition"
29,"Words on Cassette, 2002",R R Bowker Publishing,google_books,DROP_D,low,high,drop,ok,,,none,https://www.amazon.com/Words-on-Cassette-2002/dp/0835245160; https://www.goodreads.com/author/list/276502.R_R_Bowker; https://openlibrary.org/books/OL11491292M/Words_on_Cassette; https://www.amazon.com/Books-Out-Loud-2004-Audiobooks/dp/0835246116,"This is a library/audiobook reference catalog published by R. R. Bowker listing audiobook titles available on cassette — entirely unrelated to investing, trading, financial markets, or macro. It is a bibliographic reference directory with no connection to Atlas's corpus scope. There are no ratings or reviews, and the content has zero relevance to the domain.","no relevance to investing/trading/financial markets; trade reference directory/catalog, not an investing book; no ratings or reviews",27,"Words on Cassette, 2002"
30,The Money Answers Dictionary of Finance and Investment Terms,"John Downes, Jordan Elliot Goodman",google_books,KEEP_B,medium,medium,keep,ok,4.6,116,amazon,https://www.goodreads.com/work/editions/204848-dictionary-of-finance-and-investment-terms; https://www.amazon.com/Dictionary-Finance-Investment-Terms-Downes/dp/B003R4ZG0U; https://www.amazon.com/Dictionary-Finance-Investment-Barrons-Financial/dp/0764107909; https://www.abebooks.com/9780764134166/Dictionary-Finance-Investment-Terms-Barrons-0764134167/plp; https://www.goodreads.com/book/show/2143490.Dictionary_Of_Finance_Investment_Terms,"This is a long-running, well-regarded finance and investment reference dictionary from Barron's, authored by recognized finance professionals, with consistent ratings of 4.1–4.6 across multiple editions and strong Amazon bestseller placement. The 1997 edition is simply an older iteration of a durable series that has reached at least 10 editions. While the dated edition limits its practical reference utility, the title is credible and relevant to Atlas's investing/markets scope. Classified KEEP_B rather than KEEP_A as it is a dictionary/reference work rather than a canonical investing text.",1997 edition is outdated for a reference dictionary; reference/dictionary format limits narrative depth,28,The Money Answers Dictionary of Finance and Investment Terms
31,Private Wealth Mangement 9th Ed (PB),"G. Victor Hallman, Jerry S. Rosenbloom",google_books,KEEP_B,high,medium,keep,ok,3.95,37,goodreads,https://www.goodreads.com/book/show/134761358-private-wealth-mangement-9th-ed; https://www.goodreads.com/author/show/517979.Jerry_S_Rosenbloom; https://www.amazon.com/Private-Wealth-Management-Reference-Financial/dp/0071840168; https://www.amazon.com/Private-Wealth-Mangement-9th-Ed/dp/1265640424; https://www.barnesandnoble.com/w/private-wealth-mangement-9th-ed-g-victor-hallman/1143437533; https://books.apple.com/us/book/private-wealth-mangement-9th-ed-pb/id947112747; https://www.amazon.com/Private-Wealth-Management-4-book-series/dp/B087JM43VH,"A long-running (9th edition) professional reference from McGraw-Hill authored by Wharton School faculty, with over 135,000 copies sold across prior editions — clear indicators of canonical standing within personal financial planning and private wealth management. The 3.95 rating from 37 reviews is acceptable given the niche professional audience and the fact that earlier editions predate online reviews. The title typo ('Mangement') is a publisher metadata error for this paperback SKU, not a quality signal. Solidly relevant to Atlas's investing and financial planning scope.",,29,Private Wealth Mangement 9th Ed (PB)
32,Private Wealth Management: The Complete Reference for the Personal Financial Planner,"G. Victor Hallman, Jerry S. Rosenbloom",google_books,KEEP_B,medium,medium,keep,ok,3.95,37,goodreads,https://www.goodreads.com/book/show/18762054-private-wealth-management; https://www.goodreads.com/author/show/517979.Jerry_S_Rosenbloom; https://www.amazon.com/Private-Wealth-Management-Reference-Financial/dp/0071544216; https://www.amazon.com/Private-Wealth-Management-Reference-Financial-ebook/dp/B002JA02G6; https://www.amazon.co.uk/Private-Wealth-Management-Reference-Financial/dp/0071840168; https://www.amazon.com/Personal-Financial-Planning-Victor-Hallman/dp/0071419446; https://archive.org/details/privatewealthman0000hall,"A long-running professional reference now in its 9th edition, authored by Wharton School faculty and published by McGraw-Hill, with documented use as an industry-standard practitioner text. The 3.95 rating across 37 ratings is acceptable for a specialist compendium with limited mass-market appeal. Relevance to Atlas is medium as the book covers personal financial planning broadly (insurance, estate planning, retirement) rather than investing/trading/markets/macro specifically. No red flags; credible specialist reference warranting a keep.",,30,Private Wealth Management: The Complete Reference for the Personal Financial Planner
33,Teenvestor,"Emmanuel Modu, Andrea Walker",google_books,REVIEW_C,medium,low,review,ok,,,none,https://www.goodreads.com/book/show/2848723-teenvestor; https://www.amazon.com/Teenvestor-Practical-Investment-Guide-Parents/dp/0399527605; https://www.amazon.com/TeenVestor-Practical-Investment-Guide-Parents/dp/0997489200; https://www.teenvestor.com/about-us; https://www.thriftbooks.com/w/teenvestor-the-practical-investment-guide-for-teens-and-their-parents_emmanuel-modu_andrea-walker/430730/; https://www.amazon.com/Teenvestor-Com-Practical-Investment-Guide-Parents/dp/1887646051,"The book is a legitimate, original investing guide by credentialed authors (Wharton MBA, Princeton engineering) with reputable publisher (Perigee/Penguin Putnam) and documented media coverage in Forbes, WSJ, CNBC, and CNN Money. However, no numeric ratings are available from any source, and the teen/beginner focus limits relevance for Atlas's core investing audience. The 2002 publication date also raises concerns about outdated content. A human review is warranted to determine if its educational value and author credibility justify inclusion.",targeted at teens/beginners; no retrievable ratings; 2002 publication may be outdated,31,Teenvestor
34,Kiss Your Stockbroker Goodbye,"John Wells, John G. Wells",google_books,KEEP_B,medium,low,keep,ok,,,none,https://www.amazon.com/Kiss-Your-Stockbroker-Goodbye-Independent/dp/0767901789; https://www.amazon.com/Kiss-Your-Stockbroker-Goodbye-Independent/dp/0312151586; https://www.thriftbooks.com/a/john-g-wells/912646/; https://www.amazon.com/Kiss-Your-Stockbroker-Goodbye-Independent/dp/0312151586,"A credentialed author (CFA, 25 years' experience, head of Sentinel Asset Management) wrote this legitimate original guide to independent investing, published by Broadway/St. Martin's with trade-press reviews from Library Journal and Reed Business. No ratings or review counts are retrievable due to the book's age and low modern digital footprint, but no red flags are present. The content — DIY investing to avoid full-commission brokers — is relevant to Atlas's investing scope, though it is more of a practical personal-finance guide than a deep market or trading text. Kept as KEEP_B given credible author credentials and legitimate publication history, with medium relevance.",,32,Kiss Your Stockbroker Goodbye
35,The Individual Investor's Guide to Winning on Wall Street,Peter J. DeAngelis,google_books,DROP_D,medium,low,drop,ok,,,none,,"No web evidence, ratings, or review counts were found for this book, and the author Peter J. DeAngelis has no discernible reputation in the investing literature. Published in 1992 with no publisher listed, the book appears to be an obscure retail investor guide with no canonical status or presence on reputable reading lists. Without any supporting evidence of quality or influence, this does not meet the threshold for inclusion in Atlas.",no ratings or reviews found; no publisher listed; 1992 publication with no web presence; title suggests generic retail investor guide; unknown/obscure author,33,The Individual Investor's Guide to Winning on Wall Street
36,Handbook for No-Load Fund Investors,Sheldon Jacobs,google_books,DROP_D,medium,high,drop,ok,3.0,1,goodreads,https://www.goodreads.com/book/show/22038062-the-handbook-for-no-load-fund-investors-2000-edition; https://www.amazon.co.uk/Handbook-No-Load-Fund-Investors/dp/0786310014; https://www.amazon.com/Handbook-No-Load-Fund-Investors/dp/155623922X; https://us.amazon.com/Investing-without-Wall-Street-Essentials/dp/1118204646; https://www.amazon.com/Sheldon-Jacobs-Successful-No-Load-Investing/dp/096646270X; https://www.goodreads.com/book/show/3119916,"This is a 1994 annual data directory covering historical mutual fund performance figures that are now entirely obsolete, making it unsuitable for a modern investing knowledge base. While Sheldon Jacobs is a credible author with a strong newsletter track record, this particular work is a time-bound reference almanac rather than a durable investment guide. Review counts across all editions are negligible (1 rating each), providing no evidence of sustained reader value. The combination of dated reference format, obsolete data, and near-zero engagement warrants dropping.",dated annual reference/data directory (1994); negligible review counts across editions; inherently obsolete performance/fund data; reference almanac format rather than enduring investment text,34,Handbook for No-Load Fund Investors
37,Extra Dividends Supplement to Accompany Fundamentals of Investing,David J. McLaughlin,google_books,DROP_D,low,high,drop,ok,,,none,https://www.goodreads.com/book/show/28265085; https://www.pearson.com/en-us/subject-catalog/p/fundamentals-of-investing/P200000006052/9780135662212; https://www.amazon.com/Fundamentals-Investing-11th-Lawrence-Gitman/dp/013611704X,"This is explicitly a supplement designed to accompany the Gitman/Joehnk 'Fundamentals of Investing' textbook, not a standalone investing book. It triggers the hard red-flag rule for being a study-guide/supplement. There is zero web presence, no ratings, no reviews, and no mentions on any reading list, making it entirely unsuitable for Atlas recommendations.",supplement/study-guide to accompany a textbook; not a standalone book; no ratings or reviews anywhere; 35-year-old obscure academic ancillary; no presence on any investing reading list,35,Extra Dividends Supplement to Accompany Fundamentals of Investing
38,The Art and Science of Technical Analysis,Adam Grimes,google_books,KEEP_A,high,high,keep,ok,4.27,372,goodreads,https://www.goodreads.com/book/show/13838135-the-art-and-science-of-technical-analysis; https://www.amazon.com/Art-Science-Technical-Analysis-Strategies/dp/1118115120; https://www.repleteequities.com/the-art-and-science-of-technical-analysis-book-summary/; https://www.shortform.com/best-books/book/the-art-and-science-of-technical-analysis-book-reviews-adam-grimes; https://www.goodreads.com/author/show/14640575.Adam_H_Grimes; https://www.adamhgrimes.com/the-art-and-science-the-book/,"Published by Wiley Trading with a 4.27 Goodreads rating across 372 ratings, this is a well-regarded and substantive work on technical analysis by a credentialed practitioner. The book bridges academic market theory with actionable trading patterns, making it highly relevant to Atlas's scope. No red flags; it is an original, rigorous work with 14 existing manual annotations confirming its standing in the corpus.",,36,The Art and Science of Technical Analysis
39,Intermarket Technical Analysis,John J. Murphy,google_books,KEEP_A,high,high,keep,ok,3.5,3,google,https://www.goodreads.com/book/show/212106.Intermarket_Technical_Analysis; https://www.amazon.com/Intermarket-Technical-Analysis-Strategies-Commodity/dp/0471524336; https://www.amazon.com/Intermarket-Analysis-Profiting-Relationships-Trading/dp/0471023299; https://www.goodreads.com/author/show/26990.John_J_Murphy; https://www.goodreads.com/en/book/show/212103.Intermarket_Analysis; https://openlibrary.org/works/OL2992828W/Intermarket_technical_analysis; https://books.google.com/books/about/Intermarket_Technical_Analysis.html?id=2HpWnQiPqMYC,"John J. Murphy is universally recognized as the 'Father of Intermarket Analysis' and received the IFTA outstanding contribution award; this 1991 Wiley Finance title literally created the subfield of intermarket technical analysis and is consistently cited as the seminal work on market linkages. The sparse Google Books rating (3 reviews) is statistically meaningless and does not override the book's canonical status. It is directly relevant to trading, financial markets, and macro analysis, covering relationships among stocks, bonds, commodities, and currencies.",,37,Intermarket Technical Analysis
40,MIDAS Technical Analysis,"Andrew Coles, David Hawkins",google_books,KEEP_B,high,medium,keep,ok,,,none,https://www.goodreads.com/book/show/10455003-midas-technical-analysis; https://www.amazon.com/MIDAS-Technical-Analysis-Approach-Investing/dp/1576603725; https://encyclopedia.pub/entry/34376; https://www.oreilly.com/library/view/midas-technical-analysis/9781576603727/; https://www.amazon.com/MIDAS-Technical-Analysis-Investing-2012-09-25/dp/B01JXN7WXC; https://onlinelibrary.wiley.com/doi/book/10.1002/9781118531877; https://www.wiley.com/en-us/MIDAS+Technical+Analysis:+A+VWAP+Approach+to+Trading+and+Investing+in+Today's+Markets-p-9781118531877,"Published by Wiley in the Bloomberg Financial series, authored by credentialed technicians (PhD/CFTe and MS Physics), and endorsed by prominent practitioners including Richard Arms and the editor of Technical Analysis of Stocks & Commodities. The book is an original, substantive work on a specialist VWAP/MIDAS methodology with academic citations, not a summary or low-content product. No quantitative ratings were retrievable, but the publisher pedigree, author credentials, and practitioner endorsements provide sufficient confidence for KEEP_B.",,38,MIDAS Technical Analysis
41,"Bond and Money Markets: Strategy, Trading, Analysis",Moorad Choudhry,google_books,KEEP_A,high,medium,keep,ok,,,none,https://www.goodreads.com/book/show/1076726; https://www.amazon.com/Bond-Money-Markets-Institution-Professional/dp/0750646772; https://www.amazon.com/Bond-Money-Markets-Strategy-Butterworth-Heinemann/dp/0750660783; https://shop.elsevier.com/books/bond-and-money-markets/choudhry/978-0-7506-6078-5; https://www.sciencedirect.com/book/9780750646772/the-bond-and-money-markets; https://www.goodreads.com/author/show/260384.Moorad_Choudhry,"Moorad Choudhry is a widely respected fixed-income practitioner with deep buy-side and sell-side credentials (JPMorgan, London Stock Exchange), and this comprehensive Elsevier/Butterworth-Heinemann reference on bond and money markets is endorsed by senior practitioners at major institutions and Cambridge academics. No numerical ratings were retrievable, but the canonical override applies: the book is a substantive professional reference text, not a summary or workbook, covering government/corporate bonds, derivatives, MBS, and trading strategy in depth. It recurs on professional and academic reading lists for fixed-income practitioners and graduate students, and there are no quality or relevance red flags.",,39,"Bond and Money Markets: Strategy, Trading, Analysis"
42,Technical Analysis,"Charles D. Kirkpatrick II, Julie R. Dahlquist",google_books,KEEP_A,high,high,keep,ok,,,none,https://www.goodreads.com/book/show/301016.Technical_Analysis; https://www.amazon.com/Technical-Analysis-Complete-Financial-Technicians/dp/0134137043; https://pdfcoffee.com/download/cmt-reading-list-pdf-free.html; https://www.thriftbooks.com/w/technical-analysis-the-complete-resource-for-financial-market-technicians_charles-d-kirkpatrick-ii_julie-r-dahlquist/304568/; https://ptgmedia.pearsoncmg.com/images/9780134137049/samplepages/9780134137049.pdf; https://www.amazon.com/Technical-Analysis-Complete-Financial-Technicians/dp/0131531131,"This is the official CMT program companion selected by the Market Technicians Association, authored by two-time Charles H. Dow Award winner Kirkpatrick and PhD economist Dahlquist, published by FT Press (Pearson). It is widely recognized as the most comprehensive technical analysis textbook in the field, endorsed by John Bollinger and other prominent practitioners. The absence of retrievable numeric ratings does not diminish its canonical status given its institutional adoption, authoritative authorship, and consistent presence on reputable reading lists. Canonical override applies.",,40,Technical Analysis
43,Technical Analysis and Stock Market Profits (Harriman Definitive Edition),Richard Schabacker,google_books,KEEP_A,high,high,keep,ok,3.97,68,goodreads,https://www.goodreads.com/book/show/57717823-technical-analysis-and-stock-market-profits-harriman-definitive-edition; https://www.goodreads.com/author/show/2122449.Richard_W_Schabacker; https://www.amazon.com/Technical-Analysis-Profits-Harriman-Definitive/dp/0857199161; https://blog.techcharts.net/index.php/readinglist/; https://www.technicalanalysts.com/sta-blog/must-read-classics-richard-w-schabacker-the-real-bible-of-technical-analysis/; https://www.amazon.com/Technical-Analysis-Stock-Market-Profits/dp/0273630954; https://www.panmacmillan.com/authors/richard-schabacker/technical-analysis-and-stock-market-profits/9780857199164,"Richard Schabacker is widely regarded as the father of technical analysis, and this work is a canonical 1932 foundational text that directly influenced Edwards & Magee's seminal book. It appears on the UK Society of Technical Analysts' must-read classics list and other credible trading reading lists, endorsed by Wilder, Acampora, and Elder. The Harriman House reprint is a legitimate republication of a primary work with no red flags, justifying canonical override despite the modest review count.",,41,Technical Analysis and Stock Market Profits (Harriman Definitive Edition)
44,New Frontiers in Technical Analysis,Paul Ciana,google_books,KEEP_B,high,medium,keep,ok,,,none,https://www.goodreads.com/book/show/13248345-new-frontiers-in-technical-analysis; https://www.amazon.com/New-Frontiers-Technical-Analysis-Strategies/dp/1576603768; https://onlinelibrary.wiley.com/doi/book/10.1002/9781118531525; https://www.oreilly.com/library/view/new-frontiers-in/9781576603765/; https://www.researchgate.net/publication/328275461_New_Frontiers_in_Technical_Analysis_Effective_Tools_and_Strategies_for_Trading_and_Investing; https://www.perlego.com/book/1012828/new-frontiers-in-technical-analysis-effective-tools-and-strategies-for-trading-and-investing-pdf,"Published in the Bloomberg Financial series by John Wiley & Sons, authored by Paul Ciana, a credentialed Bloomberg LP Application Specialist with strong industry affiliations (MTA, CMT Institute, IFTA), indicating professional legitimacy. The book covers innovative technical analysis tools and strategies for trading and investing, directly relevant to Atlas's scope. No numeric ratings were retrievable, but presence on Wiley Online Library, O'Reilly, and ResearchGate confirms it is a substantive, professionally published work. No red flags of low-quality, derivative, or summary content detected.",,42,New Frontiers in Technical Analysis
45,Trading with Intermarket Analysis,John J. Murphy,google_books,KEEP_A,high,medium,keep,ok,4.26,80,goodreads,https://www.goodreads.com/book/show/15941286-trading-with-intermarket-analysis; https://www.amazon.com/Trading-Intermarket-Analysis-Financial-Exchange-Traded/dp/1119210011; https://www.amazon.com/Trading-Intermarket-Analysis-Enhanced-Exchange-Traded/dp/B00CKZCQ2I; https://www.goodreads.com/author/show/26990.John_J_Murphy; https://openlibrary.org/authors/OL234962A/John_J._Murphy,"John J. Murphy is widely regarded as the father of intermarket analysis, a foundational figure in technical analysis with strong institutional credentials (CNBC, Merrill Lynch, StockCharts.com), and this book is a substantive original work published by Wiley Trading. The Goodreads rating of 4.26 across 80 reviews is positive, and Amazon reviews are overwhelmingly favorable. Intermarket analysis is core to Atlas's trading and financial markets scope, making this high relevance. No red flags — no signs of being a summary, workbook, or low-content product.",,43,Trading with Intermarket Analysis
46,Technical Analysis for the Trading Professional,Constance M. Brown,google_books,KEEP_B,high,medium,keep,ok,3.94,103,goodreads,https://www.goodreads.com/book/show/1096632.Technical_Analysis_for_the_Trading_Professional; https://www.abebooks.com/9780070120624/Technical-Analysis-Trading-Professional-Constance-0070120625/plp; https://www.amazon.com/Technical-Analysis-Trading-Professional-Constance/dp/0070120625; https://www.amazon.com/Technical-Analysis-Trading-Professional-Second/product-reviews/007175914X; https://www.amazon.com/Technical-Analysis-Trading-Professional-Second/dp/007175914X; https://www.amazon.com/Technical-Analysis-Trading-Professional-McGraw-Hill-ebook/dp/B006B7LSZM; https://www.goodreads.com/author/show/22464322.Constance_M_Brown; https://archive.org/details/technicalanalysi00brow,"Required reading for CMT Level III exam by the Market Technicians Association, published by McGraw-Hill, and authored by a credentialed institutional trader — strong institutional credibility overrides the modest 3.94 Goodreads rating. The 103-review count is moderate confidence, and reception is somewhat polarized, but the canonical status within professional technical analysis certification justifies keeping. Highly relevant to trading and technical analysis within Atlas's scope.",,44,Technical Analysis for the Trading Professional
47,Technical Markets Indicators,"Richard J. Bauer, Julie R. Dahlquist",google_books,KEEP_B,high,medium,keep,ok,,,none,https://www.amazon.com/Technical-Markets-Indicators-Analysis-Performance/dp/0471197211; https://www.amazon.co.uk/Technical-Markets-Indicators-Analysis-Performance/dp/0471197211; https://www.bookdepository.com/Technical-Markets-Indicators-Richard-J-Bauer/9780471197218; https://ptgmedia.pearsoncmg.com/images/9780134137049/samplepages/9780134137049.pdf; https://www.abebooks.com/9780132900430/Technical-Analysis-Gaps-Identifying-Profitable-0132900432/plp; https://archive.org/details/technicalmarketi0000baue,"Published by John Wiley & Sons in the Wiley Trading series, authored by credentialed academics (CFA, CMT, Charles H. Dow Award winner), and endorsed by respected industry practitioners like Ralph Acampora. The book offers a rigorous, empirical study of 60 technical indicators across 878 stocks — a legitimate original research monograph with no red flags. No ratings are available, but the author credentials, publisher, and scholarly methodology support a KEEP_B designation.",,45,Technical Markets Indicators
48,Trading: Technical Analysis Masterclass: Master the Financial Markets,"Moritz Czubatinski, Rolf Schlotmann",google_books,KEEP_B,high,high,keep,ok,4.4,5358,amazon,https://www.goodreads.com/book/show/44061981-trading; https://www.amazon.com/Trading-Technical-Analysis-Masterclass-financial/dp/1795471859; https://www.amazon.co.uk/Trading-Technical-Analysis-Masterclass-financial/dp/1795471859; https://www.amazon.ca/Trading-Technical-Analysis-Masterclass-financial/dp/1795471859; https://www.amazon.fr/Trading-Technical-Analysis-Masterclass-financial/dp/1795471859; https://www.shortform.com/summary/trading-technical-analysis-masterclass-summary-rolf-schlotmann-and-moritz-czubatinski; https://pdfcoffee.com/trading-technical-analysis-masterclass-master-the-financial-markets-by-rolf-schlotmann-moritz-czubatinski-pdf-free.html,"Strong crowd signals with 4.3–4.4 stars across multiple Amazon storefronts each exceeding 5,000 reviews, plus 4.2 on Goodreads from ~1,200 ratings, indicating genuine reader engagement. Authors are credible practitioners as co-founders of Quantum Trade Solutions and tradeciety.com. The book is an original technical analysis trading guide directly relevant to Atlas's scope, not a summary or get-rich scheme. Despite independent publishing and somewhat overstated title, the volume and quality of ratings support KEEP_B status.",independently published; title contains 'Masterclass' which may overstate depth; some reviewer notes content is beginner-to-intermediate rather than advanced,46,Trading: Technical Analysis Masterclass: Master the Financial Markets
49,Technical Analysis of Stock Trends,"Robert D. Edwards, John Magee, W.H.C. Bassetti",google_books,KEEP_A,high,high,keep,ok,4.2,494,goodreads,https://www.goodreads.com/work/editions/462874-technical-analysis-of-stock-trends; https://www.goodreads.com/work/editions/462874-technical-analysis-of-stock-trends; https://www.goodreads.com/book/show/474623.Technical_Analysis_of_Stock_Trends; https://www.amazon.com/Technical-Analysis-Trends-Robert-Edwards/dp/1138069418; https://www.taylorfrancis.com/books/mono/10.4324/9781315115719/technical-analysis-stock-trends-robert-edwards-john-magee-bassetti; https://www.routledge.com/Technical-Analysis-of-Stock-Trends/Edwards-Magee-Bassetti/p/book/9781032241821; https://www.amazon.com/Technical-Analysis-Trends-Robert-Edwards/dp/0814408648; https://www.barnesandnoble.com/w/technical-analysis-of-stock-trends-robert-d-edwards/1117191557; https://www.raptisrarebooks.com/product/technical-analysis-of-stock-trends-signed-first-edition-john-magee-robert-edwards-rare/,"Universally recognized as 'The Bible of Technical Analysis,' first published in 1948 by Edwards and Magee, this is one of the most foundational works in technical analysis and belongs in any serious investing/trading library. The 9th edition carries a 4.20 rating across 494 Goodreads reviews, with the 10th edition at 4.53, and multiple authoritative sources (Routledge, Taylor & Francis, rare book dealers) confirm its canonical status. Published by CRC Press/Routledge with credentialed authors/editor, there are no quality or relevance concerns. This is a canonical override candidate regardless of rating metrics.",,47,Technical Analysis of Stock Trends
50,Trader's Guide to Financial Markets and Technical Analysis,Jitender Yadav,google_books,REVIEW_C,high,low,review,ok,,,none,https://www.amazon.com/Traders-Financial-Markets-Technical-Analysis/dp/8170948517; http://www.visionbooksindia.com/details.asp?isbn=8170948517; https://www.flipkart.com/trader-s-guide-financial-markets-technical-analysis/p/itmdepnyhberrxgf; https://tradingqna.com/t/which-are-the-top-5-books-one-should-read-to-become-a-better-trader/200?page=2; https://www.abebooks.com/9788170948513/Traders-Guide-Financial-Markets-Technical-8170948517/plp; https://books.google.com/books/about/Trader_s_Guide_to_Financial_Markets_and.html?id=XLRFDwAAQBAJ,"This is a legitimate technical analysis and financial markets title from a credible Indian publisher (Vision Books, est. 1975) by an author with verifiable practitioner and academic credentials since 1993. However, there are no retrievable ratings or review counts, and recognition is limited to a single community mention on an India-focused trading forum, with no presence on major English-language investing reading lists. The content is highly relevant to Atlas's scope, but the lack of quality signals and narrow community footprint makes this a human-review candidate rather than a clear keep or drop.",no retrievable ratings or review counts; limited recognition outside Indian trading community; single reading-list mention on a niche forum,48,Trader's Guide to Financial Markets and Technical Analysis
51,Trading the Markets the Point & Figure way,Prashant Shah,google_books,KEEP_B,medium,low,keep,ok,,,none,https://www.goodreads.com/book/show/49699968-trading-the-markets-the-point-figure-way; https://www.amazon.com/Trading-Markets-Point-Figure-way/dp/1642492248; https://www.amazon.in/Trading-Markets-Point-Figure-way-ebook/dp/B07V5WH1F6; https://www.definedge.com/trading-the-markets-the-point-figure-way/; https://notionpress.com/in/read/trading-the-markets-the-point-figure-way/; https://www.thriftbooks.com/a/prashant-shah/2984472/,"The author holds credible professional credentials (CMT and CFTe) and is the founder of a legitimate market-software company, lending authority to this specialist work on Point & Figure charting. The book is substantive (390 pages) and positively reviewed in qualitative comments, though no aggregate numeric ratings were surfaced. Published by Notion Press (a hybrid/self-publisher), it is India-focused, limiting its relevance to a general investing audience. Qualifies as a credible specialist title warranting a KEEP_B rather than a higher tier, given the publication channel and regional scope.",self/hybrid publisher (Notion Press); India-specific market focus limits broader applicability; no numeric ratings surfaced,49,Trading the Markets the Point & Figure way
52,All About Candlestick Charting,Wayne A. Corbitt,google_books,KEEP_B,high,low,keep,ok,,,none,https://www.goodreads.com/book/show/11799655-all-about-candlestick-charting; https://www.goodreads.com/book/show/16986599-all-about-candlestick-charting; https://www.amazon.com/All-About-Candlestick-Charting/dp/0071763120; https://www.amazon.co.uk/All-About-Candlestick-Charting/dp/0071763120; https://www.bookdepository.com/All-About-Candlestick-Charting-Wayne-Corbitt/9780071763127,"Published by McGraw-Hill Professional in the reputable 'All About' series, authored by a Chartered Market Technician with credible industry experience, and endorsed by Gregory L. Morris, a recognized authority in candlestick analysis. The topic—candlestick charting for trading—is directly relevant to Atlas's scope. No ratings data is available to confirm quality quantitatively, but no red flags (summaries, hype, workbook) are present, and the credentials and publisher support a KEEP_B designation. Confidence is low due to the complete absence of reader ratings or reviews.",,50,All About Candlestick Charting
53,A Beginner's Guide To Technical Analysis,Three Candles Press,google_books,DROP_D,medium,high,drop,ok,4.1,11,amazon,https://www.amazon.com/Beginners-Guide-Technical-Analysis-Everything/dp/1916543049; https://www.amazon.com/Beginners-Guide-Technical-Analysis-Everything-ebook/dp/B0BZ9YLVVN; https://www.amazon.co.uk/Beginners-Guide-Technical-Analysis-Everything/dp/1916543049; https://www.barnesandnoble.com/w/a-beginners-guide-to-technical-analysis-three-candles-press/1143268968; https://www.thriftbooks.com/w/a-beginners-guide-to-technical-analysis-from-trends-to-trading-everything-you-need-to-know-to-make-money-from-the-financial-markets_three-candles-press/38513741/; https://books.google.com/books/about/A_Beginner_s_Guide_To_Technical_Analysis.html?id=BgjBzwEACAAJ,"This book triggers multiple hard red flags: 'beginner's guide' in the title, hyperbolic subtitle language ('make money from the financial markets'), and an anonymous self/micro-publisher with no verifiable credentials. The review footprint is negligible (11 Amazon ratings, no Goodreads entry), and no credible reading-list or citation evidence exists to override these disqualifying signals. DROP_D is the appropriate tier.","Title explicitly signals 'beginner's guide' — hard red flag; Subtitle contains 'make money from the financial markets' — hyperbolic/get-rich language; Author 'Three Candles Press' is an unverifiable self/micro-publisher pen name; Extremely thin review footprint (11 ratings total, no Goodreads presence); No credible finance reading-list mentions or citations found; Mass-produced KDP self-publishing pattern",51,A Beginner's Guide To Technical Analysis
54,The Trading Methodologies of W.D. Gann,Hima Reddy,google_books,REVIEW_C,medium,low,review,ok,3.29,17,goodreads,https://www.goodreads.com/author/show/7392248.Hima_Reddy; https://www.goodreads.com/book/show/18652680-the-trading-methodologies-of-w-d-gann; https://www.amazon.com/Trading-Methodologies-W-D-Gann-Technical/dp/0132734389; https://ptgmedia.pearsoncmg.com/images/9780132734387/samplepages/0132734389.pdf; https://books.google.com/books/about/The_Trading_Methodologies_of_W_D_Gann.html?id=Cm7H4m7bqmcC; https://www.amazon.com/Trading-Methods-W-D-Gann-Technical/dp/0578799804,"The book's Goodreads rating of 3.29 across only 17 ratings is below the threshold for confident retention, and the sole written review is dismissive. However, the author holds credible CMT credentials, FT Press (Pearson) is a reputable publisher, and the book is an original practitioner-authored guide rather than a summary or workbook. The thin evidence base and weak rating make a human review necessary before keeping or dropping.",very low Goodreads rating (3.29); extremely thin review base (17 ratings); one review calls it 'another failed attempt to decode Gann',52,The Trading Methodologies of W.D. Gann
55,Beyond Technical Analysis,Tushar S. Chande,google_books,KEEP_B,high,medium,keep,ok,3.58,3,goodreads,"https://www.goodreads.com/book/show/1643647.Beyond_Technical_Analysis; https://www.goodreads.com/author/show/759884.Tushar_S_Chande; https://www.amazon.com/Beyond-Technical-Analysis-Develop-Implement/dp/0471415677; https://enlightenedstocktrading.com/trading-books-beyond-technical-analysis/; https://www.amazon.co.uk/Tushar-Chande-Beyond-Technical-Analysis/dp/B00NBGKB4A; https://www.wiley.com/en-us/Beyond+Technical+Analysis:+How+to+Develop+and+Implement+a+Winning+Trading+System,+2nd+Edition-p-9780471415671; https://www.oreilly.com/library/view/beyond-technical-analysis/9780471415671/","Published by Wiley in their Trading series, authored by a credentialed CTA and Technical Analysis of Stocks & Commodities contributor, this is a substantive trading systems book with credible industry endorsements and positive qualitative reviews. The author-level Goodreads rating of 3.58 is weak evidence for this specific title, and review counts are very low, but the publisher, author credentials, and content focus (developing and forward-testing trading systems) all support retention. No red flags detected; the book is squarely relevant to Atlas's trading and technical analysis scope.",,53,Beyond Technical Analysis
56,Mapping the Markets,"Deborah Owen, Robin Griffiths",google_books,KEEP_B,high,low,keep,ok,3.1,2,amazon,https://www.goodreads.com/book/show/1524271.Mapping_the_Markets; https://www.goodreads.com/book/show/57325631-mapping-the-markets; https://www.amazon.com/Mapping-Markets-Guide-Market-Analysis/dp/1576602389; https://www.amazon.fr/Mapping-Markets-Guide-Market-Analysis/dp/1576602389; https://sacredtraders.com/product/mapping-the-markets-a-guide-to-stock-market-analysis-deborah-owen-robin-griffiths/; https://www.amazon.com.au/Mapping-Markets-Deborah-Owen/dp/1861979371; https://www.goodreads.com/author/list/711147.Deborah_Owen,"Published by Bloomberg Press/Wiley and authored by credentialed practitioners—Robin Griffiths was HSBC's senior technical analyst and later Head of Global Investment Strategy at Rathbones, and Deborah Owen is a Fellow of the Society of Technical Analysts—lending it strong author credibility. The book carries an endorsement from John Murphy, a highly respected technical analysis authority, and covers core Atlas topics (technical vs. fundamental analysis across equities, currencies, commodities, and interest rates). Quantitative rating data is essentially absent (only 2 Amazon ratings), so the tier is assigned primarily on author credentials, publisher reputation, and endorsement quality rather than community reception. No red flags detected.",,54,Mapping the Markets
57,Technical Analysis,Alan Northcott,google_books,DROP_D,medium,high,drop,ok,3.62,130,goodreads,https://www.goodreads.com/book/show/21811349-technical-analysis-a-newbies-guide; https://www.goodreads.com/author/list/1417313.Alan_Northcott; https://www.amazon.com/Technical-Analysis-Newbies-Guide-Financial/dp/149732937X; https://www.goodreads.com/book/show/22562447-technical-analysis-a-newbies-guide; http://alannorthcott.com/newbies-guide-to-technical-analysis/,"This self-published CreateSpace title explicitly targets beginners with 'Newbies' Guide' branding and carries multiple hard red flags including promotional language and no credible reading-list presence. The author's aggregate Goodreads rating of 3.62 across 130 ratings for 23 books indicates low overall readership and modest reception. No individual rating or review count exists for this specific title, and there is no evidence of professional or scholarly credibility. The combination of beginner-oriented branding, self-publishing, and weak author reputation warrants a DROP_D.",'Newbies' Guide' branding triggers beginner/for-dummies red flag; self-published via CreateSpace; promotional holiday pricing language in description; author aggregate rating only 3.62 across all works; no presence on reputable investing reading lists; no individual book rating available,55,Technical Analysis
58,1999 Writer's Market,"Mark Garvey, Holm",google_books,DROP_D,low,high,drop,ok,,,none,https://www.amazon.co.uk/Writers-Market-1999-Book-CD/dp/0898798558; https://www.amazon.com/1999-Writers-Market-Kirsten-Holm/dp/0898798507; https://www.thriftbooks.com/a/mark-garvey/298528/; https://www.goodreads.com/author/list/136885.Mark_Garvey,"This is a writer's submission market directory for authors seeking publishers and magazines — entirely unrelated to investing, trading, financial markets, or macroeconomics. It has no relevance to Atlas's domain whatsoever. Despite being a credible annual reference in its own field (Writer's Digest Books), it should be dropped on relevance grounds alone.",completely outside investing/trading/finance/macro scope; writer's market directory for authors seeking publication; outdated 1998 reference book,56,1999 Writer's Market
59,"Mastering the Trade, Third Edition: Proven Techniques for Profiting from Intraday and Swing Trading Setups",John F. Carter,google_books,KEEP_B,high,medium,keep,ok,4.02,773,goodreads,https://www.goodreads.com/book/show/57973.Mastering_the_Trade; https://www.amazon.com/Mastering-Trade-Third-Techniques-Profiting/dp/1260121593; https://www.goodreads.com/author/show/32631.John_F_Carter; https://www.amazon.com/Mastering-Trade-Third-Techniques-Profiting/dp/1260121593; https://www.goodreads.com/book/show/13654779-mastering-the-trade; https://www.goodreads.com/book/show/57973.Mastering_the_Trade,"A well-established practitioner guide on intraday and swing trading published by McGraw Hill Professional, with 773 Goodreads ratings averaging 4.02 and endorsements from credible trading figures like Mark Douglas. John F. Carter is a verifiable public figure with regular media appearances, lending credibility to the work. The third edition (2018) updates proven content for modern markets, keeping it relevant. The upsell concern is a minor criticism common to practitioner trading books and does not undermine the book's quality or relevance.",minor concern: some reviews note upsell to paid indicator products on author's website,57,"Mastering the Trade, Third Edition: Proven Techniques for Profiting from Intraday and Swing Trading Setups"
60,Trading For Dummies,"Michael Griffis, Lita Epstein",google_books,DROP_D,medium,high,drop,ok,3.38,187,goodreads,https://www.goodreads.com/book/show/17720525-trading-for-dummies; https://www.abebooks.com/9781118681183/Trading-Dummies-Series-Griffis-Michael-1118681185/plp; https://www.amazon.com/Trading-Dummies-Michael-Griffis/dp/1118681185; https://www.amazon.com/Trading-Dummies-Lita-Epstein/product-reviews/1119370310; https://books.google.com/books/about/Trading_For_Dummies.html?id=Ab5PAQAAQBAJ,"The 'For Dummies' branding signals a beginner/introductory guide, which is a soft red flag per Atlas policy. The aggregate Goodreads rating of 3.38/5 across ~187 ratings falls below the 3.50 threshold, providing weak quality signal. While the book has multiple editions and credentialed authors with StockCharts.com affiliations, it does not rise to the level of a canonical or specialist trading text warranting an override. Atlas is better served by more authoritative, practitioner-level trading references.",'For Dummies' beginner-oriented series; rating below 3.50 threshold; introductory/general audience framing,58,Trading For Dummies
61,The Market Guys' Five Points for Trading Success,"A. J. Monte, Rick Swope",google_books,REVIEW_C,medium,medium,review,ok,3.49,39,goodreads,https://www.goodreads.com/book/show/1794587.The_Market_Guys_Five_Points_for_Trading_Success; https://www.amazon.com/Market-Guys-Points-Trading-Success/dp/0470138971; https://www.amazon.com/market-trading-success-identify-pinpoint/dp/B001XGKSVQ; https://onlinelibrary.wiley.com/doi/book/10.1002/9781119197263; https://www.wiley.com/en-us/The+Market+Guys%27+Five+Points+for+Trading+Success%3A+Identify%2C+Pinpoint%2C+Strike%2C+Protect%2C+and+Act%21-p-9781119197263; https://sacredtraders.com/product/the-market-guys-five-points-for-trading-success-identify-pinpoint-strike-protect-and-act-by-a-j-monte-and-rick-swope/,"The book's best reliable rating is 3.49 from only 39 Goodreads reviews, falling below the 3.50 threshold with weak review-count confidence. It is a legitimate Wiley-published trading guide by credentialed authors (CMT, E*TRADE/CBOE affiliation), covering technical analysis and risk management, but community reception is tepid and engagement is low. The content is relevant to trading but not canonical or widely cited, warranting a human review rather than automatic retention or drop.",rating below 3.50 on goodreads; very low review count (39); semi-promotional title structure ('Five Points for Trading Success'); E*TRADE partnership raises mild commercial/educational seminar concern,59,The Market Guys' Five Points for Trading Success
62,Trend Trading For Dummies,Barry Burns,google_books,REVIEW_C,high,medium,review,ok,4.5,276,amazon,https://www.goodreads.com/book/show/20308898-trend-trading-for-dummies; https://us.amazon.com/Trend-Trading-Dummies-Barry-Burns/dp/1118871286; https://www.dummies.com/author/barry-burns-9347/; https://www.amazon.co.uk/Trend-Trading-Dummies-Barry-Burns/dp/1118871286,"The 'For Dummies' branding triggers the beginner/introductory red flag under policy, though it is a legitimate Wiley publication by a credible practitioner. Amazon rating is strong (4.5/276) but Goodreads is weak (3.7/54), and reviewer commentary suggests limited depth. The split reception and introductory nature make this a borderline case warranting human review rather than a clear keep or drop.",'For Dummies' beginner-oriented branding; Goodreads rating only 3.7/54 suggesting mixed reception among serious readers; described as 'superficial' by at least one reviewer,60,Trend Trading For Dummies
63,Investments,Mayo,google_books,KEEP_B,high,medium,keep,ok,3.95,78,goodreads,https://www.goodreads.com/book/show/55613658-investments; https://www.goodreads.com/author/show/3989483.Mayo_Herbert_B_Mayo_Herbert_B_; https://www.amazon.com/Investments-Introduction-Business-Available-CengageNOW/dp/0324289162; https://www.amazon.com/Investments-Introduction-Thomson-Business-Stock-Trak/dp/0324380151; https://www.cengage.com/c/investments-an-introduction-13e-mayo/9780357127957/; https://www.amazon.com/Investments-Introduction-Herbert-B-Mayo/dp/0030267919; https://www.goodreads.com/author/show/463316.Herbert_B_Mayo,"Mayo's 'Investments: An Introduction' is a long-running, credentialed academic textbook series (13+ editions via Cengage/Dryden) used as the text of choice by the College of Financial Planning, indicating strong institutional legitimacy. The aggregate series rating of 3.95 across 78 ratings is acceptable, and the author is a credentialed academic with 50+ years of teaching. Though the 1987 edition is dated, the series itself is a recognized introductory investments text with solid academic pedigree. No red flags are present.",,61,Investments
64,Technical Analysis of the Currency Market,Boris Schlossberg,google_books,KEEP_B,high,medium,keep,ok,3.0,1,google,https://www.goodreads.com/book/show/679455.Technical_Analysis_of_the_Currency_Market; https://www.amazon.com/Technical-Analysis-Currency-Market-Techniques/dp/0471745936; https://www.amazon.co.uk/Technical-Analysis-Currency-Market-Schlossberg/dp/B00XTBDOUU; https://www.earnforex.com/guides/book-review-technical-analysis-of-the-currency-market-boris-schlossberg/; https://www.oreilly.com/library/view/technical-analysis-of/9780471745938/; https://archive.org/details/technicalanalysi0000schl,"Published by Wiley in their Trading series, authored by a credentialed FX strategist with media presence at Bloomberg and CNBC, and covering a clearly relevant topic (technical analysis applied to currency/forex markets). The book is an original, legitimate work, not a summary or workbook. Reviewer consensus suggests it is introductory in nature but substantive enough for forex traders new to technical analysis, keeping it in KEEP_B territory rather than a higher tier given the lack of strong ratings evidence and noted limitations.","only 1 rating on Google Books, very weak signal; reviewers note beginner-level content and some factual inaccuracies; risk/reward strategies flagged as risky by some reviewers",62,Technical Analysis of the Currency Market
65,Risk Management in Trading,Davis Edwards,google_books,KEEP_B,high,medium,keep,ok,3.91,11,goodreads,https://www.goodreads.com/book/show/20308732-risk-management-in-trading; https://www.goodreads.com/shelf/show/trading-risk; https://www.amazon.com/Risk-Management-Trading-Techniques-Profitability/dp/1118768582; https://onlinelibrary.wiley.com/doi/book/10.1002/9781118819692; https://www.wiley.com/en-us/Risk+Management+in+Trading%3A+Techniques+to+Drive+Profitability+of+Hedge+Funds+and+Trading+Desks-p-9781118772843; https://www.oreilly.com/library/view/risk-management-in/9781118772843/,"Published by Wiley Finance with a credible author (FRM/ERP credentials, Deloitte/Bear Stearns/Macquarie background), this is a legitimate specialist text on trading risk management directly relevant to Atlas's scope. The 3.91 Goodreads rating is acceptable but based on only 11 reviews, so confidence is moderate. No red flags for low-quality or derivative content; the Wiley imprint and author credentials support keeping it as a credible specialist title.",very low review count (11) limits rating confidence,63,Risk Management in Trading
66,Investment Analysis & Portfolio Management,"Frank K. Reilly, Keith C. Brown, Brindha Gunasingham, Asjeet Lamba, Dr Frank Elston",google_books,KEEP_B,high,medium,keep,ok,,,none,https://www.goodreads.com/book/show/647422.Investment_Analysis_and_Portfolio_Management; https://www.goodreads.com/work/editions/633567-investment-analysis-and-portfolio-management; https://www.cengageasia.com/title/default/detail?isbn=9780170416030; https://www.booktopia.com.au/investment-analysis-portfolio-management-brindha-gunasingham/book/9780170416030.html; https://books.google.com/books/about/Investment_Analysis_Portfolio_Management.html?id=ji3LDwAAQBAJ; https://www.amazon.com/Investment-Analysis-Portfolio-Management-Reilly/dp/1305262999,"This is the Asia-Pacific regional adaptation of Reilly & Brown's long-established and highly regarded Investment Analysis and Portfolio Management textbook, published by Cengage AU with credentialed co-authors. The core US editions are widely used in professional and academic settings and carry strong reputations for rigorous, empirical coverage of investments and portfolio theory. No ratings are available for this specific ISBN, but the absence of ratings reflects regional scarcity rather than quality concerns. It earns KEEP_B rather than KEEP_A because it is a regionally adapted edition rather than the canonical source text itself.",,64,Investment Analysis & Portfolio Management
67,Investing and Risk Management,Robert Lawrence Kuhn,google_books,KEEP_B,medium,low,keep,ok,,,none,https://www.goodreads.com/author/list/170913.Robert_Lawrence_Kuhn; https://www.goodreads.com/book/show/80052514-the-library-of-investment-banking; https://www.encyclopedia.com/arts/educational-magazines/kuhn-robert-lawrence-1944; https://www.amazon.com/Robert-Lawrence-Kuhn/e/B001H6KWTK; https://www.ebay.com/itm/286740108801; https://www.thriftbooks.com/a/robert-lawrence-kuhn/326900/,"This volume is part of Kuhn's 7-volume 'Library of Investment Banking' published by Irwin/Dow-Jones Irwin (1990), a credible professional publisher, edited by a credentialed investment banker and academic. No individual volume ratings exist, but the series is a legitimate professional reference with no content red flags. The 35-year age limits practical relevance for modern investors, but it remains a credible specialist reference covering investing and risk management fundamentals. Rated KEEP_B rather than DROP_D due to credible authorship, reputable publisher, and direct relevance to Atlas's investing/markets scope.","35-year-old content may be outdated; part of multi-volume set, individual volume hard to assess separately",65,Investing and Risk Management
68,Strategies of Banks and Other Financial Institutions,Rajesh Kumar,google_books,KEEP_B,high,medium,keep,ok,,,none,https://www.amazon.com/Strategies-Banks-Other-Financial-Institutions/dp/012416997X; https://www.educate.elsevier.com/book/details/9780124169975; https://www.sciencedirect.com/book/9780124169975/strategies-of-banks-and-other-financial-institutions; https://shop.elsevier.com/books/strategies-of-banks-and-other-financial-institutions/kumar/978-0-12-416997-5; https://www.barnesandnoble.com/w/strategies-of-banks-and-other-financial-institutions-rajesh-kumar/1133477965,"A legitimate academic textbook published by Elsevier covering a broad range of financial institutions, markets, and strategies—directly relevant to Atlas's investing/trading/markets scope. The author is a credentialed finance professor with multiple peer-reviewed publications and other Elsevier books, and the book carries endorsements from Babson College faculty. No ratings are available, but the publisher credibility, academic author, and substantive coverage across banking, capital markets, derivatives, and alternative investments support KEEP_B status.",,66,Strategies of Banks and Other Financial Institutions
69,"Risk, Risk Management and Regulation in the Banking Industry",Peter Pelzer,google_books,REVIEW_C,medium,low,review,ok,,,none,https://www.amazon.co.uk/Risk-Management-Regulation-Banking-Industry/dp/0415508509; https://www.taylorfrancis.com/books/mono/10.4324/9780203100721/risk-risk-management-regulation-banking-industry-peter-pelzer; https://www.routledge.com/Risk-Risk-Management-and-Regulation-in-the-Banking-Industry-The-Risk-to-Come/Pelzer/p/book/9780415508506; https://www.researchgate.net/publication/287021907_Risk_Risk_Management_and_Regulation_in_the_Banking_Industry_The_Risk_to_Come; https://philpapers.org/rec/PELTI,"Published by Routledge in a reputable academic series on money and banking, with a credible author combining practitioner and academic credentials, this is a legitimate scholarly monograph. However, its Derridean philosophical framing of banking risk regulation places it at the margins of Atlas's investing/trading/markets/macro scope, and the complete absence of consumer ratings or reading-list traction makes audience appeal uncertain. A human reviewer should determine whether its philosophical depth on risk management adds sufficient value to Atlas's collection.",no consumer ratings or reviews found; highly niche philosophical angle (Derridean deconstruction) may limit practical relevance to investing/trading audience,67,"Risk, Risk Management and Regulation in the Banking Industry"
70,Quality Money Management,"Andrew Kumiega, Benjamin Van Vliet",google_books,KEEP_B,high,medium,keep,ok,,2,amazon,https://www.goodreads.com/book/show/16840249-quality-money-management; https://www.amazon.com/Quality-Money-Management-Engineering-Systematic/dp/0123725496; https://www.amazon.ca/Quality-Money-Management-Engineering-Systematic/dp/0123725496; https://shop.elsevier.com/books/quality-money-management/kumiega/978-0-12-372549-3; https://www.sciencedirect.com/book/9780123725493/quality-money-management; https://www.researchgate.net/publication/292826604_Quality_Money_Management; https://www.barnesandnoble.com/w/quality-money-management-andrew-kumiega/1111341261; https://books.google.com/books/about/Quality_Money_Management.html?id=azKPlAEACAAJ,"Published by Academic Press (Elsevier) in a specialist financial markets technology series, authored by IIT faculty and active trading industry practitioners, with endorsements from Institutional Investor and the American Society for Quality. The book addresses systematic trading and investment system development using quality engineering frameworks — directly relevant to Atlas's scope. No ratings data exists due to the specialist niche audience, which is typical for academic/professional quant texts, not a quality concern. No red flags for summary, workbook, or low-content issues.",,68,Quality Money Management
71,"Trade, Investment and Development: Reaping the Full Benefits of Open Markets",OECD,google_books,REVIEW_C,low,medium,review,ok,,,none,https://www.oecd.org/en/publications/1999/08/trade-investment-and-development-reaping-the-full-benefits-of-open-markets_g1ghgba0.html; https://www.oecd-ilibrary.org/trade/trade-investment-and-development-reaping-the-full-benefits-of-open-markets_9789264173309-en; https://www.oecd.org/content/dam/oecd/en/publications/reports/1999/08/trade-investment-and-development-reaping-the-full-benefits-of-open-markets_g1ghgba0/9789264173309-en.pdf; https://books.google.fr/books?id=UTD7Rct71JYC,"This is a credible OECD institutional report on trade and investment policy for development, confirmed across official OECD channels. However, it is a technical policy document aimed at policymakers and economists rather than investing or trading practitioners, placing it outside Atlas's core scope. No consumer ratings or appearances on investing/trading reading lists were found. Relevance to Atlas's retail investing/trading/macro audience is low, warranting human review before inclusion.","institutional policy report, not a trade/investing practitioner book; no ratings or reading-list mentions; 1999 vintage may be dated for policy context",69,"Trade, Investment and Development: Reaping the Full Benefits of Open Markets"
72,Credit Derivatives,Geoff Chaplin,google_books,KEEP_B,high,medium,keep,ok,4.0,1,goodreads,"https://www.goodreads.com/book/show/84039.Credit_Derivatives; https://www.amazon.com/Credit-Derivatives-Trading-Investing-Management/dp/0470686448; https://www.wiley.com/en-us/Credit+Derivatives:+Trading,+Investing,and+Risk+Management,+2nd+Edition-p-9780470686447; https://www.oreilly.com/library/view/credit-derivatives-trading/9780470689868/; https://onlinelibrary.wiley.com/doi/book/10.1002/9781119208631","A credentialed specialist text from Wiley Finance by a Cambridge/Oxford-trained mathematician and actuary with decades of credit derivatives market experience; the first edition is described as a 'must have' by industry insiders. The revised second edition addresses post-crisis developments directly relevant to Atlas's trading/financial-markets scope. Quantitative rating data is essentially absent (1 Goodreads rating), but author credentials, publisher reputation, and industry endorsements support keeping it as a credible specialist title.",,70,Credit Derivatives
73,Investment Risk Management,"Harold Kent Baker, Greg Filbeck",google_books,KEEP_B,high,medium,keep,ok,,1,amazon,https://www.amazon.com/Investment-Management-Financial-Markets-Investments/dp/0199331960; https://www.amazon.ca/Investment-Risk-Management-Kent-Baker/dp/0199331960; https://global.oup.com/academic/product/investment-risk-management-9780199331963; https://www.amazon.com/Investment-Management-Financial-Markets-Investments/dp/0199331960; https://global.oup.com/academic/product/investment-risk-management-9780199331963; https://global.oup.com/academic/product/investment-risk-management-9780199331963; https://pdfcoffee.com/financial-markets-and-investments-h-kent-baker-greg-filbeck-halil-kiymaz-private-equity-opportunities-and-risks-oxford-university-press-2015-pdf-free.html,"Published by Oxford University Press in their Financial Markets and Investments series, this academic edited volume on investment risk management is credible and highly relevant to Atlas's scope. Both editors have strong credentials (150+ refereed articles, CFA/FRM/CAIA designations), and the book received endorsements from the Financial Analysts Journal and a Kellogg School professor. The absence of consumer ratings is typical for expensive academic reference works and is not a red flag. Qualifies as a solid specialist reference, placing it at KEEP_B.",,71,Investment Risk Management
74,Energy Trading & Investing 2E (PB),Davis W. Edwards,google_books,KEEP_B,high,medium,keep,ok,3.94,109,goodreads,https://www.goodreads.com/book/show/6369960-energy-trading-and-investing; https://www.goodreads.com/book/show/34068325-energy-trading-and-investing; https://www.amazon.com/Energy-Trading-Investing-Management-Structuring/dp/1259835383; https://www.amazon.com/Energy-Trading-Investing-2E-PB/dp/1265915873; https://www.amazon.co.uk/Energy-Trading-Investing-2E-PB/dp/1265915873; https://www.skillsoft.com/book/energy-trading-and-investing-second-edition-290f96f0-485f-11e7-b81a-9e1a84a53452; https://books.google.com/books/about/Energy_Trading_Investing_2E_PB.html?id=w-2_DQAAQBAJ,"A credible, professionally published McGraw-Hill title by a practitioner with Deloitte/Macquarie/Bear Stearns credentials, covering energy trading and investing across fossil fuels and renewables. The 1st edition holds a 3.94 Goodreads rating from 109 raters, and reviewer comments describe it as a solid comprehensive overview suited to professionals and students alike. No red flags detected; this is a substantive reference work highly relevant to Atlas's energy markets and commodity trading coverage.",,72,Energy Trading & Investing 2E (PB)
75,The Essentials of Risk Management,"Michel Crouhy, Dan Galai, Robert Mark",google_books,KEEP_A,high,high,keep,ok,,,none,https://www.goodreads.com/en/book/show/394111.The_Essentials_of_Risk_Management; https://www.amazon.com/Essentials-Risk-Management-Definitive-Professional-ebook/dp/B000JMKPEA; https://prmia.org/Public/Public/Certificate/APRM_Certificate/The_Essentials_of_Risk_Management.aspx; https://www.amazon.com/Essentials-Risk-Management-3e/dp/1264258860; https://www.amazon.com/Essentials-Risk-Management-3e/dp/1264258860; https://www.abebooks.com/9780071429665/Essentials-Risk-Management-Crouhy-Michel-0071429662/plp; https://www.amazon.com/Essentials-Risk-Management-3e/dp/1264258860,"Canonical professional reference by highly credentialed authors (Crouhy, Galai, Mark), published by McGraw-Hill Professional, and adopted as official reading material for PRMIA's Associate PRM Exam. Endorsed by senior industry figures including former Allianz Group CRO and Edward Altman of NYU Stern, and described as an 'instant classic' upon first publication. Despite no retrievable star ratings, the institutional adoption, author credentials, and endorsements justify a KEEP_A override. Squarely relevant to financial risk management within Atlas's scope.",,73,The Essentials of Risk Management
76,Risk and Money Management for Day and Swing Trading,Wieland Arlt,google_books,KEEP_B,high,low,keep,ok,,,none,https://www.goodreads.com/book/show/53772787-risk-and-money-management-for-day-and-swing-trading; https://www.goodreads.com/book/show/53772786-risk-and-money-management-for-day-and-swing-trading; https://www.amazon.com/Risk-Money-Management-Swing-Trading/dp/398217760X; https://www.amazon.com/Risk-Money-Management-Swing-Trading-ebook/dp/B085L8H4FX; https://www.amazon.co.uk/Risk-Money-Management-Swing-Trading-ebook/dp/B085L8H4FX; https://www.perlego.com/book/3043147/risk-and-money-management-for-day-and-swing-trading-a-complete-guide-on-how-to-maximize-your-profits-and-minimize-your-risks-in-forex-futures-and-stock-trading-pdf; https://books.apple.com/us/book/risk-and-money-management-for-day-and-swing-trading/id1593710476,"Wieland Arlt is a credentialed author (CFTe®, economics degree, cited by Börse Online as one of Germany's most successful traders and reportedly former IFTA President), lending legitimacy to this otherwise unrated title. The book is an original work on risk and money management for day and swing trading, squarely within Atlas's scope. No ratings are available to confirm quality, and the self-published imprint reduces confidence, but the author's verifiable credentials and professional standing support a KEEP_B designation. Confidence is low due to the complete absence of numeric ratings or reading-list appearances.",self-published imprint (Torero Traders School); no retrievable ratings or review counts; subtitle includes 'maximize your profits' language,74,Risk and Money Management for Day and Swing Trading
77,Real-Time Risk,"Irene Aldridge, Steven Krawciw",google_books,KEEP_B,high,medium,keep,ok,3.92,12,goodreads,https://www.abebooks.com/9781119318965/Real-Time-Risk-What-Investors-Know-1119318963/plp; https://www.amazon.com/Real-Time-Risk-Investors-FinTech-High-Frequency/dp/1119318963; https://irenealdridge.com/ia/real-time-risk-book/; https://onlinelibrary.wiley.com/doi/book/10.1002/9781119319030; https://seekingalpha.com/article/4058785-aldridge-and-krawciw-real-time-risk; https://www.linkedin.com/pulse/real-time-risk-authors-irene-aldridge-steve-krawciw-albert-gagliardi,"Published by John Wiley & Sons with credentialed authors (Aldridge at Cornell/Cambridge, CFTC HFT committee; Krawciw from McKinsey/Credit Suisse), this is a legitimate specialist text on real-time risk management, market microstructure, and HFT — highly relevant to Atlas's scope. The Goodreads rating of 3.92 is weakly supported by only 12 reviews, but the reputable publisher and author credentials offset the thin rating evidence. No red flags detected; the book fills a niche gap in intraday/algorithmic risk management coverage.",,75,Real-Time Risk
78,Credit Derivatives,Geoff Chaplin,google_books,KEEP_B,high,medium,keep,ok,4.6,3,amazon,https://www.goodreads.com/book/show/84039.Credit_Derivatives; https://www.amazon.com/Credit-Derivatives-Management-Trading-Investing/dp/047002416X; https://www.amazon.com/Geoff-ChaplinsCredit-Derivatives-Investing-Management/dp/B004H2OSYQ; https://onlinelibrary.wiley.com/doi/book/10.1002/9781119208631; https://www.amazon.fr/Credit-Derivatives-Management-Trading-Investing/dp/047002416X,"Published by Wiley Finance and authored by a credentialed Cambridge/Oxford mathematician and actuary, this is a specialist practitioner text on credit derivatives that prompted a second edition in 2010, with industry endorsements calling it a 'must have' reference. Review counts are very sparse, limiting quantitative confidence, but the reputable publisher, credentialed author, and strong qualitative endorsements support keeping it as a credible specialist title. Highly relevant to Atlas's financial markets and trading scope.",,70,Credit Derivatives
79,Trading Risk,Kenneth L. Grant,google_books,KEEP_B,high,medium,keep,ok,4.18,40,goodreads,https://www.goodreads.com/book/show/1766780.Trading_Risk; https://www.goodreads.com/author/show/809588.Kenneth_L_Grant; https://www.amazon.com/Trading-Risk-Enhanced-Profitability-through/dp/0471650919; https://www.amazon.com/Trading-Risk-Enhanced-Profitability-Hardcover/dp/B00E82OS72; https://www.abebooks.com/9780471650911/Trading-Risk-Enhanced-Profitability-Control-0471650919/plp; https://www.amazon.co.uk/Trading-Risk-Enhanced-Profitability-Through/dp/0471650919,"Published by Wiley in the respected Wiley Trading series, authored by a credible hedge fund risk manager (Tudor Investments, SAC Capital) with hands-on experience. The 4.18 Goodreads rating is just below the strong-signal threshold but review count is modest at ~40, limiting confidence. Content is directly relevant to trading risk management — a core Atlas topic — and no red flags exist regarding quality or authenticity. Qualifies as a credible specialist title deserving a KEEP_B.",,76,Trading Risk
80,"Portfolio Management in Practice, Volume 1",CFA Institute,google_books,KEEP_A,high,high,keep,ok,,,none,https://www.goodreads.com/book/show/55838769-portfolio-management-in-practice-volume-1; https://www.goodreads.com/author/list/153140.CFA_Institute; https://www.amazon.com/Portfolio-Management-Practice-print-book/dp/1119743699; https://www.amazon.sg/Portfolio-Management-Practice-Investment/dp/1119743699; https://www.wiley.com/en-us/Portfolio+Management+in+Practice%2C+Volume+1%3A+Investment+Management-p-9781119743729; https://cdn.finexetf.com/docs/CFA_Institute_Investment_Series_CFA_Institute_Portfolio_Management.pdf,"Published by the CFA Institute and John Wiley & Sons as part of the authoritative CFA Institute Investment Series, this is a primary professional curriculum text covering the full portfolio management process at a graduate/practitioner level. The absence of numerical ratings is not disqualifying given the canonical status of the CFA Institute as the global standard-setter for investment professionals. The book is substantive, not a summary or workbook, and is widely recognized as core reading for investment management professionals and CFA candidates. Canonical override applies based on publisher credibility, institutional authorship, and professional relevance.",,77,"Portfolio Management in Practice, Volume 1"
81,Portfolio Management,"John Bonner, Marcus Rees, Edward Ivanovic",google_books,REVIEW_C,high,low,review,ok,5.0,1,amazon,https://www.amazon.com/Portfolio-Management-Market-Class-Guide-Investment/dp/0857194801; https://www.amazon.eg/John-Bonner/dp/0857194801; https://www.harriman-house.com/portfolio-management; https://books.google.com/books?id=JDjDCAAAQBAJ; https://www.goodreads.com/shelf/show/portfolio-management,"Published by credible Harriman House and authored by practitioners with Goldman Sachs and Thomson Reuters backgrounds, giving it baseline legitimacy in the portfolio management space. However, the near-total absence of any public review record (1 rating on Amazon.eg, no Goodreads presence, no reading-list appearances) makes it impossible to assess quality with confidence. The book is topically highly relevant to Atlas's investing/fund management scope, but insufficient evidence exists to confidently assign KEEP_B or above without human review.",virtually no public review footprint; only 1 rating found across all sources; 168-page length may indicate limited depth,78,Portfolio Management
82,"Portfolio Management in Practice, Volume 2",CFA Institute,google_books,KEEP_A,high,high,keep,ok,,,none,"https://www.goodreads.com/book/show/55475688-portfolio-management-in-practice-volume-2; https://www.amazon.com/Portfolio-Management-Practice-Allocation-Investment/dp/1119787963; https://www.wiley.com/en-us/Portfolio+Management+in+Practice,+Volume+2:+Asset+Allocation-p-9781119787969; https://www.amazon.co.uk/Portfolio-Management-Practice-Allocation-Investment/dp/1119787963","Published by the CFA Institute and John Wiley & Sons as part of the official CFA Institute Investment Series, this volume on asset allocation is a canonical, institutionally authoritative textbook used in professional investment education worldwide. The absence of public ratings is expected for a formal curriculum text and does not diminish its credibility. The content is directly and deeply relevant to portfolio management, asset allocation, and investing. No red flags are present; this qualifies for canonical override based on the publisher's global standing and the book's role in the CFA curriculum.",,79,"Portfolio Management in Practice, Volume 2"
83,Pioneering Portfolio Management,David F. Swensen,google_books,KEEP_A,high,high,keep,ok,4.16,1352,goodreads,https://www.goodreads.com/book/show/17371.Pioneering_Portfolio_Management; https://www.amazon.com/Pioneering-Portfolio-Management-Unconventional-Institutional/dp/1416544690; https://www.simonandschuster.com/books/Pioneering-Portfolio-Management/David-F-Swensen/9781416544692; https://www.amazon.com/Pioneering-Portfolio-Management-Unconventional-Institutional/dp/1416544690; https://medium.com/emily-c-h-li/pioneering-portfolio-management-david-swensen-book-review-de6b76fdb733; https://shepherd.com/books-like/pioneering-portfolio-management,"Pioneering Portfolio Management is a canonical institutional investing text by David Swensen, Yale's legendary CIO who delivered 16.1% annualized returns over two decades. The book carries strong endorsements from Peter Bernstein, Burton Malkiel, and Barton Biggs, and holds a solid 4.16 Goodreads rating across 1,352 ratings. It is widely cited on reputable investment reading lists and represents a foundational work on endowment management, asset allocation, and alternative investments. No red flags; this is a must-keep primary work.",,80,Pioneering Portfolio Management
84,"Portfolio Management in Practice, Volume 2",CFA Institute,google_books,KEEP_A,high,high,keep,ok,,,none,"https://www.goodreads.com/book/show/55475688-portfolio-management-in-practice-volume-2; https://www.amazon.com/Portfolio-Management-Practice-Allocation-Investment/dp/1119787963; https://www.wiley.com/en-us/Portfolio+Management+in+Practice,+Volume+2:+Asset+Allocation-p-9781119787969; https://www.perlego.com/book/2026854/portfolio-management-in-practice-volume-2-asset-allocation-pdf","Published by the CFA Institute under the authoritative CFA Institute Investment Series with John Wiley & Sons, this is a primary curriculum text on asset allocation—not a summary or workbook. The CFA Institute is a globally recognized, credible body setting professional standards for investment professionals, and this volume covers asset allocation comprehensively at graduate and practitioner levels. No ratings are available but canonical override applies given the publisher's authority and the book's role in a widely used professional curriculum. Highly relevant to Atlas's investing/portfolio management scope.",,79,"Portfolio Management in Practice, Volume 2"
85,"Mastering the Art of Asset Allocation, Chapter 10 - Sources of Information","CFA Darst, David M.",google_books,DROP_D,medium,high,drop,ok,,,none,https://www.goodreads.com/book/show/2058199.Mastering_the_Art_of_Asset_Allocation; https://www.amazon.com/Mastering-Art-Asset-Allocation-Comprehensive/dp/0071463348; https://archive.org/details/masteringartofas00dars/masteringartofas00dars; https://www.goodreads.com/author/show/694150.David_M_Darst; https://www.amazon.com/David-M.-Darst/e/B001IGSKFW; https://www.getabstract.com/en/summary/the-art-of-asset-allocation/3497,"This item is a single-chapter excerpt (Chapter 10 – Sources of Information) from the full book 'Mastering the Art of Asset Allocation,' not a standalone work. As an isolated chapter focused on information sources rather than substantive asset allocation content, it has no independent value in a book recommender. While the parent book and author (David Darst, CFA, former Morgan Stanley Chief Investment Strategist) carry genuine credibility, this fragment is not appropriate for Atlas as a catalog entry.","single-chapter excerpt, not a standalone book; no independent ratings or reviews; chapter covers 'sources of information' only, not substantive investing content",81,"Mastering the Art of Asset Allocation, Chapter 10 - Sources of Information"
86,"Asset Allocation, 4th Ed",Roger C. Gibson,google_books,KEEP_B,high,medium,keep,ok,4.07,241,goodreads,https://www.goodreads.com/book/show/401077.Asset_Allocation; https://www.goodreads.com/shelf/show/asset-allocation; https://www.amazon.com/Asset-Allocation-4th-Roger-Gibson/dp/0071478094; https://www.amazon.com/Asset-Allocation-Balancing-Financial-Fifth/dp/0071804188; https://www.usfunds.com/media/files/pdfs/webcast/RogerGibsonAssetAllocation_09092010.pdf; https://www.goodreads.com/author/show/227369.Roger_C_Gibson,"A long-running investing classic first published in 1989, now in its fourth edition, with a solid Goodreads rating of 4.07 across 241 ratings. Endorsed by credible figures including Morningstar's Don Phillips and Roger Ibbotson, and published by McGraw-Hill Professional. Core subject of asset allocation and portfolio construction is directly relevant to Atlas's investing/markets scope. Review count is moderate, preventing KEEP_A, but the book's longevity and professional endorsements support KEEP_B.",,82,"Asset Allocation, 4th Ed"
87,Managing Your Firm's 401(k) Plan,Matthew X. Smith,google_books,KEEP_B,medium,medium,keep,ok,,,none,https://www.amazon.com/Managing-Your-Firms-401-Plan/dp/0470553006; https://www.amazon.com/Managing-Your-Firms-401-Plan-ebook/dp/B003YJEZHS; https://www.barnesandnoble.com/w/managing-your-firms-401-matthew-x-smith/1114832836; https://books.google.com/books?id=dCskEbsJr9cC; https://blackwells.co.uk/bookshop/product/Managing-Your-Firms-401K-Plan-by-Matthew-X-Smith-Aon-Consulting/9780470553008,"Published by Wiley Finance and authored by a credentialed senior practitioner at Aon Consulting, this is a legitimate niche professional reference on institutional 401(k) plan management covering fiduciary, regulatory, and financial standards. No ratings are available, but the author's credentials and publisher reputation support credibility. The book is relevant to Atlas's investing/financial markets scope at an institutional/professional level, though it is narrowly focused on plan administration rather than core investing or trading topics. No red flags detected.",,83,Managing Your Firm's 401(k) Plan
88,Modern Fund Management and Sustainable Development of Emerging Financial Markets,Ephraim Matanda,google_books,REVIEW_C,medium,low,review,ok,,,none,https://muse.jhu.edu/book/140787; https://www.amazon.com/Ephraim-Matanda/e/B00IYOD2MM; https://www.goodreads.com/author/show/19772988.Ephraim_Matanda; https://dokumen.pub/modern-financial-investment-management-1nbsped-1527542947-9781527542945.html; https://x.com/langaa_rpcig/status/1954030284401521078,"Published by Langaa RPCIG (a legitimate African academic press) and authored by a credentialed banking and finance lecturer, this 2025 textbook targets emerging-market fund management — moderately relevant to Atlas's scope. However, there is zero public reception data for this specific title, the author's prior work has only a single weak rating, and it appears to be a niche academic textbook with limited wider recognition. Human review is warranted to determine if it fills a genuine gap in Atlas's emerging-markets coverage.",no ratings or reviews for this title; niche African academic press with very limited public reception; prior book by same author rated only 3.0 with 1 review,84,Modern Fund Management and Sustainable Development of Emerging Financial Markets
89,Mastering the Art of Asset Allocation : Comprehensive Approaches to Managing Risk and Optimizing Returns,CFA David M. Darst,google_books,KEEP_B,high,medium,keep,ok,3.41,316,goodreads,https://www.goodreads.com/book/show/2058199.Mastering_the_Art_of_Asset_Allocation; https://www.goodreads.com/author/show/694150.David_M_Darst; https://www.amazon.com/Mastering-Art-Asset-Allocation-Comprehensive/dp/0071463348; https://www.amazon.com/David-M.-Darst/e/B001IGSKFW; https://archive.org/details/masteringartofas00dars/masteringartofas00dars; https://www.getabstract.com/en/summary/the-art-of-asset-allocation/3497,"David M. Darst is a credentialed CFA and former Morgan Stanley Chief Investment Strategist, endorsed by Seth Klarman, and published by McGraw-Hill Professional — all strong credibility signals. The book is a substantive, advanced-level asset allocation title with no red flags. The author-level Goodreads rating of 3.41 is below the preferred threshold, but the specific title has zero ratings, so the author average is weaker evidence; the book's credentials, publisher, and subject relevance support retention. Rated KEEP_B rather than A given the lack of strong book-specific ratings and the author's modest overall Goodreads average.",,85,Mastering the Art of Asset Allocation : Comprehensive Approaches to Managing Risk and Optimizing Returns
90,Global Asset Allocation,"Jess Lederman, Robert A. Klein",google_books,KEEP_B,high,medium,keep,ok,,,none,https://www.goodreads.com/book/show/303629.Global_Asset_Allocation; https://www.amazon.com/Global-Asset-Allocation-Techniques-Optimizing/dp/0471593737; https://www.amazon.ca/Global-Asset-Allocation-Techniques-Optimizing/dp/0471593737; https://www.wiley.com/en-us/Global+Asset+Allocation%3A+Techniques+for+Optimizing+Portfolio+Management+-p-9780471593737; https://www.semanticscholar.org/paper/Global-asset-allocation-:-techniques-for-optimizing-Lederman-Klein/38556a75a8b4b81cc7ab1bd6261c735cb12daa37; https://catalog.princeton.edu/catalog/SCSB-3192112,"A legitimate 1994 Wiley Finance edited volume with 29 credentialed institutional contributors (Bear Stearns, Wells Fargo Nikko, etc.), indexed in Princeton's catalog and Semantic Scholar, covering global portfolio management techniques at a practitioner level. No numeric ratings are available at scale, but the publisher, contributor credentials, and library indexing support credibility. The topic—global asset allocation and portfolio optimization—is directly relevant to Atlas's scope. Dated content is a mild concern but the book covers foundational techniques that retain value.",single Google Books rating of 3.0 from 1 reviewer (negligible); 1994 publication may be dated on some techniques,86,Global Asset Allocation
91,Core-Satellite Portfolio Management,J. Clay Singleton,google_books,KEEP_B,high,low,keep,ok,,0,none,https://www.goodreads.com/book/show/7336007-core-satellite-portfolio-management; https://www.amazon.com/Core-Satellite-Portfolio-Management-Approach-Professionally/dp/0071413375; https://www.amazon.sg/Core-Satellite-Portfolio-Management-Clay-Singleton/dp/0071413375; https://books.google.com/books/about/Core_Satellite_Portfolio_Management.html?id=cXsxQ1yzWwsC; https://www.biblio.com/book/core-satellite-portfolio-management-modern-approach/d/1528486941,"Published by McGraw-Hill Professional with a credentialed author (Ph.D., CFA) who held senior roles at Ibbotson Associates and the CFA Institute, giving strong author legitimacy. The core-satellite framework is a genuine and relevant institutional portfolio management topic with high relevance to Atlas's investing scope. The complete absence of public ratings and reviews is likely due to its niche institutional audience rather than poor quality. Confidence remains low given no corroborating reader or citation evidence, but the publisher and author credentials support a KEEP_B designation.",zero public reader engagement across all platforms; no reading list appearances found,87,Core-Satellite Portfolio Management
92,Streetsmart Guide to Managing Your Portfolio,Frank Yao,google_books,KEEP_B,high,low,keep,ok,5.0,1,google,https://www.amazon.es/Streetsmart-Guide-Managing-Your-Portfolio/dp/0071380515; https://www.amazon.in/Streetsmart-Guide-Managing-Your-Portfolio/dp/0070618615; https://www.amazon.co.uk/Streetsmart-Guide-Managing-Your-Portfolio/dp/0071380515; https://www.betterworldbooks.com/author/frank-yao/1282714; https://silo.pub/streetsmart-guide-to-valuing-a-stock-n-8128998.html; https://www.abebooks.com/9780071380515/Streetsmart-Guide-Managing-Portfolio-Bret-0071380515/plp,"Published by McGraw-Hill in the established Streetsmart series, with a credentialed Wall Street practitioner author whose FinPortfolio.com service was praised by Barron's, Bloomberg, and BusinessWeek. The book is an original, substantive portfolio management work directly relevant to Atlas's scope. No quality or content red flags exist, but the complete absence of reader ratings beyond a single Google Books entry limits confidence. Assigned KEEP_B as a credible specialist title from a reputable publisher with a verifiable author.",single-rater Google Books score is statistically meaningless; no Goodreads or Amazon US reviews surfaced,88,Streetsmart Guide to Managing Your Portfolio
93,The Theory and Practice of Investment Management,"Frank J. Fabozzi, Harry M. Markowitz",google_books,KEEP_A,high,high,keep,ok,,,none,https://www.goodreads.com/book/show/10519963-the-theory-and-practice-of-investment-management; https://www.amazon.com/Theory-Practice-Investment-Management-Construction/dp/0470929901; https://www.amazon.com/Theory-Practice-Investment-Management-Fabozzi-ebook/dp/B000VID28S; https://www.amazon.com/Theory-Practice-Investment-Management-Construction/dp/B01FKTT0XI; https://onlinelibrary.wiley.com/doi/book/10.1002/9781118267028; https://www.wiley.com/en-us/The+Theory+and+Practice+of+Investment+Management-p-9780471445654,"Co-edited by Nobel laureate Harry Markowitz and Frank Fabozzi (Yale, Editor of the Journal of Portfolio Management), this is a canonical academic-practitioner textbook on investment management published by Wiley. Despite no retrievable numeric ratings, the authors' credentials and publisher reputation are unimpeachable, justifying a canonical override. The book covers portfolio construction theory and practice in depth, directly aligned with Atlas's core scope.",,89,The Theory and Practice of Investment Management
94,Asset Management and Institutional Investors,"Ignazio Basile, Pierpaolo Ferrari",google_books,KEEP_B,high,medium,keep,ok,,,none,https://www.amazon.com/Asset-Management-Institutional-Investors-Contributions/dp/3031598180; https://www.amazon.co.uk/Asset-Management-Institutional-Investors-Contributions/dp/3031598180; https://link.springer.com/book/10.1007/978-3-031-59819-7; https://pdfcoffee.com/ignazio-basile-pierpaolo-ferrari-eds-asset-management-and-institutional-investors-springer-international-publishing-2016-pdf-free.html; https://link.springer.com/book/10.1007/978-3-031-59819-7,"Second edition of an academic text by Full Professors at University of Brescia and SDA Bocconi, published by Springer Nature in their Contributions to Finance and Accounting series — all credible signals for a specialist institutional asset management reference. No ratings are available, likely due to the niche academic audience and very recent publication date (October 2024). The scope — institutional investors, asset allocation, portfolio management, performance evaluation — is directly relevant to Atlas's investing and financial markets domain. No red flags detected; canonical override not warranted but KEEP_B is appropriate given publisher, author credentials, and content relevance.",,90,Asset Management and Institutional Investors
95,Dynamic Portfolio Theory and Management,Richard E. Oberuc,google_books,KEEP_B,high,medium,keep,ok,3.4,5,goodreads,https://www.goodreads.com/author/show/1505800.Richard_Oberuc; https://www.amazon.com/Dynamic-Portfolio-Theory-Management-Richard/dp/0071426698; https://jai.pm-research.com/content/6/3/91; https://www.semanticscholar.org/paper/Dynamic-portfolio-theory-and-management-:-using-to-Oberuc/0d4a24913f74128cddbc75708c6d14fe45e2af0c; https://www.dynaporte.com/Bookdetails.html,"Published by McGraw-Hill Professional in their Irwin Library of Investment & Finance series, authored by a credible practitioner with institutional backing from Morgan Stanley and Goldman Sachs. The book received a formal peer review in the Journal of Alternative Investments and is indexed on Semantic Scholar, indicating genuine academic/practitioner relevance. The low Goodreads rating and minimal review count reflect niche specialist readership rather than poor quality. The topic — dynamic, time-adaptive portfolio theory and asset allocation — is squarely within Atlas's investing/markets scope.",very low review count (5); below 3.75 average rating,91,Dynamic Portfolio Theory and Management
96,Behavioral Investment Management: An Efficient Alternative to Modern Portfolio Theory,"Greg B. Davies, Arnaud de Servigny",google_books,KEEP_B,high,medium,keep,ok,,,none,https://www.goodreads.com/book/show/12889006-behavioral-investment-management; https://www.amazon.com/Behavioral-Investment-Management-Efficient-Alternative/dp/0071746609; https://rpc.cfainstitute.org/research/financial-analysts-journal/2012/behavioral-investment-management; https://blogs.cfainstitute.org/investor/2012/05/09/book-review-behavioral-investment-management/; https://www.barnesandnoble.com/w/behavioral-investment-management-arnaud-de-servigny/1102296099,"Published by McGraw-Hill Professional, authored by senior Barclays Wealth practitioners, reviewed in the CFA Institute Financial Analysts Journal, and endorsed by Meir Statman — all strong credibility signals. The book directly addresses behavioral finance applied to portfolio construction, which is highly relevant to Atlas's investing/markets scope. No numeric ratings are available but canonical-override criteria are partially met: credible institutional authors, reputable publisher, and positive CFA Institute coverage justify a KEEP_B despite absent ratings.",,92,Behavioral Investment Management: An Efficient Alternative to Modern Portfolio Theory
97,The Practical Guide to Practically Everything,"Peter L Bernstein, Peter W. Bernstein, Christopher Ma",google_books,DROP_D,low,high,drop,ok,,8,goodreads,https://www.amazon.com/Practical-Guide-Practically-Everything-Information/dp/067975492X; https://www.amazon.com/Practical-Guide-Practically-Everything-Information/dp/067975492X; https://www.goodreads.com/book/show/9550832-practical-guide-to-practically-everything; https://books.google.com/books/about/The_Practical_Guide_to_Practically_Every.html?id=Ozt1OaXe5qwC; https://www.amazon.com/Practical-Guide-Practically-Everything/dp/0375750290,"This is a general-purpose lifestyle almanac covering topics like jury duty, cooking, sports, and health — entirely outside Atlas's scope of investing, trading, financial markets, and macro. Despite Peter L. Bernstein being a respected finance author, this book is unrelated to his financial work. No meaningful ratings exist and the content has zero relevance to the Atlas knowledge domain.","general lifestyle almanac, not finance/investing related; no relevance to investing, trading, or financial markets; broad consumer reference covering jury duty, cooking, baseball, health",93,The Practical Guide to Practically Everything
98,Asset Allocation,"William Kinlaw, Mark P. Kritzman, David Turkington",google_books,KEEP_A,high,high,keep,ok,4.2,,goodreads,https://www.goodreads.com/book/show/57182134; https://www.goodreads.com/author/show/16231850.William_Kinlaw; https://www.amazon.com/Asset-Allocation-Theory-Practice-Finance/dp/1119817714; https://blogs.cfainstitute.org/investor/2022/05/20/book-review-asset-allocation/; https://www.wiley.com/en-us/Asset+Allocation:+From+Theory+to+Practice+and+Beyond-p-9781119817710; https://www.goodreads.com/shelf/show/asset-allocation,"This is a second edition of a well-regarded practitioner treatise on asset allocation, authored by senior professionals at State Street Associates and Windham Capital Management (with MIT affiliation), with a foreword by Nobel laureate Harry Markowitz. The CFA Institute Enterprising Investor blog review and a Goodreads rating of 4.2 confirm strong practitioner credibility. Published by John Wiley & Sons and shelved multiple times under 'asset-allocation' on Goodreads, it is a canonical reference for portfolio construction and institutional investing. No red flags present.",,94,Asset Allocation
99,Canadian Almanac and Directory 2002,Canadian Almanac & Directory,google_books,DROP_D,low,high,drop,ok,,,none,https://greyhouse.ca/almanac.htm; https://www.greyhouse.com/canadian-almanac-and-directory; https://search.worldcat.org/title/2248021; https://www.waterstones.com/book/canadian-almanac-and-directory-2002/canadian-almanac-directory/9781895021813; https://catalog.hathitrust.org/Record/000045894; https://www.amazon.com/Canadian-Almanac-Directory-2022-Online/dp/1642659290,"This is a general Canadian reference almanac and directory with no connection to investing, trading, financial markets, or macro. It is a dated (2002) institutional directory of names, addresses, and facts about Canadian organizations. It falls entirely outside Atlas's subject scope and should be dropped on relevance grounds alone.",not investing/trading/finance related; dated institutional directory; no ratings or reviews; almanac/reference directory format,95,Canadian Almanac and Directory 2002
100,Portfolio Management,"Scott D. Stewart, Christopher D. Piros, Jeffrey C. Heisler",google_books,KEEP_B,high,medium,keep,ok,4.5,,google,https://www.goodreads.com/book/show/41157480; https://www.amazon.com/Portfolio-Management-Practice-Scott-Stewart/dp/1119397413; https://booksrun.com/9781119397410-portfolio-management-theory-and-practice-1st-edition; https://www.wiley.com/en-us/Portfolio+Management:+Theory+and+Practice-p-9781119397410; https://content.e-bookshelf.de/media/reading/L-12468296-17f4be5ca6.pdf; https://www.abebooks.com/9781119397410/Portfolio-Management-Theory-Practice-Stewart-1119397413/plp,"Published by John Wiley & Sons with three credentialed authors (PhD, CFA) holding senior academic and practitioner roles at Cornell, PNC Wealth, MFS, and TwinFocus Capital, giving strong author credibility. The book is a substantive institutional portfolio management textbook covering theory and practice, highly relevant to Atlas's investing/markets scope. No formal Goodreads or Amazon ratings are available to confirm broad reader reception, but the BooksRun 4.5-star signal and absence of any red flags support a KEEP_B designation. The lack of verified review volume prevents KEEP_A, but credibility, publisher, and relevance are solid.",,96,Portfolio Management
101,Portfolio Management Using Black-Litterman,Henning Padberg,google_books,DROP_D,medium,high,drop,ok,,1,none,"https://www.amazon.com/Portfolio-Management-Black-Litterman-Henning-Padberg-ebook/dp/B007PZVP4S; https://www.barnesandnoble.com/w/portfolio-management-using-black-litterman-henning-padberg/1119554379; http://booklikes.com/portfolio-management-using-black-litterman-henning-padberg/book,11701096; https://www.researchgate.net/post/GRIN-Is-it-worth-publishing-with-them; https://www.thestudentroom.co.uk/showthread.php?t=7025025; https://www.grin.com/en/about-grin/","This is a 44-page university seminar paper from 2007, published unedited via GRIN Verlag, a platform widely criticized for publishing non-peer-reviewed student work without quality standards. There are no meaningful ratings or reviews, no canonical status, and no presence on reputable finance reading lists. While the Black-Litterman topic is relevant to portfolio management, this work lacks the depth, credibility, and editorial rigor required for Atlas.",student seminar paper (44 pages); GRIN Verlag self-publishing platform (no peer review); no meaningful ratings or reviews; not a full-length book; no presence on reputable reading lists,97,Portfolio Management Using Black-Litterman
102,Portfolio Management in Practice,Christine Brentani,google_books,KEEP_B,high,low,keep,ok,,4,amazon,https://www.amazon.com/Portfolio-Management-Practice-Essential-Capital/dp/0750659068; https://www.amazon.co.uk/Christine-Brentani/e/B001HCV784; https://shop.elsevier.com/books/portfolio-management-in-practice/brentani/978-0-7506-5906-2; https://www.academia.edu/28235437/Christine_Brentani_Portfolio_management_in_practice; https://www.overdrive.com/media/623055/portfolio-management-in-practice; https://repo.darmajaya.ac.id/3957/1/(Essential%20Capital%20Markets)%20Christine%20Brentani%20-%20Portfolio%20management%20in%20practice-Butterworth-Heinemann%20(2004).pdf,"Published by Elsevier Butterworth-Heinemann in the 'Essential Capital Markets' series, this is a legitimate introductory textbook on portfolio management derived from major international bank training courses, making it highly relevant to Atlas's scope. No red flags such as being a summary, workbook, or hyperbolic content are present. Evidence of community engagement is minimal (only 4 Amazon reviews), but the publisher and series credentials support credibility as a specialist reference. Rated KEEP_B given its niche but legitimate position as a practitioner-oriented introductory text.",very low review count; single Google Books rating statistically meaningless,98,Portfolio Management in Practice
103,Asset Rotation,Matthew P. Erickson,google_books,REVIEW_C,high,medium,review,ok,3.41,22,goodreads,https://www.goodreads.com/book/show/18227573-asset-rotation; https://www.amazon.com/Asset-Rotation-Portfolio-Investment-Renaissance/dp/1118779193; https://rpc.cfainstitute.org/blogs/enterprising-investor/2015/book-review-asset-rotation; https://thetaoofwealth.wordpress.com/2014/10/19/asset-rotation-by-matthew-p-erickson-book-notes/; https://onlinelibrary.wiley.com/doi/book/10.1002/9781118779217,"Published by John Wiley & Sons with a credentialed author (CIO/CEO, former UBS partner) and a formal CFA Institute blog review, the book has legitimate professional standing and is directly relevant to ETF-based tactical asset management. However, the Goodreads rating of 3.41 from only 22 reviews is below the acceptable threshold and provides very low confidence, and the CFA reviewer noted weaknesses in the core argument. Human review is warranted to determine whether the Wiley publication and CFA Institute coverage are sufficient to offset the weak reader reception.","very low Goodreads rating (3.41); very low review count (22); description contains mildly hyperbolic language ('revolutionary approach', 'superior returns')",99,Asset Rotation
104,Advances in the Practice of Public Investment Management,"Narayan Bulusu, Joachim Coche, Alejandro Reveiz, Francisco Rivadeneyra, Vahe Sahakyan, Ghislain Yanou",google_books,KEEP_B,medium,medium,keep,ok,,,none,https://link.springer.com/book/10.1007/978-3-319-90245-6; https://www.oar-rao.bank-banque-canada.ca/record/6271; https://www.publicinvestorsconference.com/proceedings/conference_6.htm,"This is the official proceedings of the 6th Public Investors Conference, jointly organised by the BIS, World Bank, and Bank of Canada, with editors holding senior roles at those prestigious institutions — strong institutional credibility for a niche practitioner-academic volume. Published by Springer with no ratings available, consistent with highly specialised reference works. Content covers portfolio allocation, reserves management, and international diversification, which is relevant to institutional/macro investing but narrowly focused on public sector asset managers. No red flags; warrants KEEP_B as a credible specialist reference.",,100,Advances in the Practice of Public Investment Management
105,Buy and Hold is Still Dead (Again),Kenneth R. Solow,google_books,KEEP_B,high,low,keep,ok,,,none,https://www.goodreads.com/book/show/28788293-buy-and-hold-is-still-dead-again; https://www.goodreads.com/book/show/6613976-buy-and-hold-is-dead-again; https://www.amazon.com/Buy-Hold-Still-Dead-Again/dp/1630472107; https://www.amazon.com/Buy-Hold-Dead-Again-Management/dp/1600376207; https://books.google.com/books/about/Buy_and_Hold_Is_Still_Dead_Again.html?id=Qj-fjgEACAAJ; https://www.amazon.co.uk/Buy-Hold-Still-Dead-Again-ebook/dp/B019CCJMGY; https://openroadmedia.com/ebook/buy-and-hold-is-still-dead-again/9781630478162; https://www.barnesandnoble.com/w/buy-and-hold-is-dead-kenneth-r-solow/1120332187,"Author Kenneth R. Solow is a credentialed investment professional (CFP, CLU, ChFC) and co-founder of Pinnacle Advisory Group, lending legitimate standing; the book carries endorsements from credible finance figures like Ed Easterling and Steve Leuthold. The work is a substantive critique of passive investing and active management strategy, directly relevant to Atlas's investing/trading scope. No ratings are retrievable, and Morgan James is a self-publishing-adjacent press, limiting confidence, but the professional credentials and endorsements support retention as a specialist title. No hard red flags (summary, workbook, get-rich claims) are present.",no retrievable ratings or review counts; Morgan James Publishing is a hybrid/vanity-friendly press; title uses 'secrets' language in description,101,Buy and Hold is Still Dead (Again)
106,Managing Investment Portfolios,"John L. Maginn, Donald L. Tuttle, Dennis W. McLeavey, Jerald E. Pinto",google_books,KEEP_A,high,high,keep,ok,,,none,https://www.goodreads.com/book/show/13719383; https://www.goodreads.com/book/show/163239626-managing-investment-portfolios; https://www.amazon.com/Managing-Investment-Portfolios-Dynamic-Institute-ebook/dp/B000SEFDQO; https://www.amazon.com/Managing-Investment-Portfolios-Institute-published/dp/B00E28C5P4; https://bcs.wiley.com/he-bcs/Books?action=index&bcsId=3751&itemId=0470080140; https://www.wiley.com/en-us/CFA+Institute+Investment+Series-c-2126; https://www.amazon.com/Managing-Investment-Portfolios-Dynamic-Process/dp/0470080140,"This is the official CFA Institute Investment Series textbook on portfolio management, published by Wiley, authored by senior CFA Institute professionals, and foreworded by Peter Bernstein with endorsements from Martin Leibowitz. It is widely recognized as the definitive professional-level reference on investment portfolio management as a dynamic process. The absence of numeric ratings is purely a data retrieval issue and does not diminish its canonical status in the investment management field. Canonical override applies given its foundational role in CFA curriculum and professional practice.",,102,Managing Investment Portfolios
107,Asset Management,Andrew Ang,google_books,KEEP_A,high,high,keep,ok,4.34,131,goodreads,https://www.goodreads.com/book/show/20783621-asset-management; https://www.amazon.com/Asset-Management-Systematic-Investing-Association/dp/0199959323; https://global.oup.com/academic/product/asset-management-9780199959327; https://www.bogleheads.org/forum/viewtopic.php?t=237137; https://www.goodreads.com/author/show/6006195.Andrew_Ang,"Published by Oxford University Press and authored by Columbia Business School professor Andrew Ang (former BlackRock head of factor investing), this is a canonical academic text on factor-based asset management with endorsements from Cochrane, Duffie, Goetzmann, and CFA Institute review. The Goodreads rating of 4.34 across 131 ratings is strong for a dense institutional finance text, and community comments ('single best volume on modern investment') underscore its standing. No red flags; directly relevant to investing and portfolio management.",,103,Asset Management
108,Asset Management: Tools And Issues,"Frank J Fabozzi, Francesco A Fabozzi, Marcos Lopez De Prado, Stoyan V Stoyanov",google_books,KEEP_B,high,medium,keep,ok,,,none,https://www.amazon.com/Asset-Management-Issues-Frank-Fabozzi/dp/9811222932; https://www.amazon.com/Asset-Management-Issues-Frank-Fabozzi-ebook/dp/B08QG9YY3C; https://www.barnesandnoble.com/w/asset-management-frank-j-fabozzi/1137452082; https://www.researchgate.net/publication/348118333_Asset_Management_Tools_And_Issues; https://www.vitalsource.com/products/asset-management-frank-j-fabozzi-v9789811225765; https://www.amazon.co.uk/Asset-Management-Issues-Frank-Fabozzi/dp/9811222932; https://www.amazon.in/Asset-Management-Frank-Fabozzi-al/dp/0000990388,"Authored by Frank J. Fabozzi (Yale, Journal of Portfolio Management editor) and Marcos López de Prado (widely cited in quantitative finance), both highly credible in institutional asset management. Published by World Scientific, a reputable academic press, and cited in peer-reviewed academic work. No ratings are available but the canonical override applies given the authors' reputations and the book's institutional-level scope covering econometrics, machine learning, and optimization in asset management. Relevance to Atlas's investing/markets domain is high.",,104,Asset Management: Tools And Issues
109,Portfolio Construction for Today's Markets,Russ Koesterich,google_books,KEEP_B,high,medium,keep,ok,3.4,5,goodreads,https://www.goodreads.com/book/show/39979667-portfolio-construction-for-today-s-markets; https://www.amazon.com/Portfolio-Construction-Todays-Markets-practitioners/dp/0857196294; https://www.amazon.co.uk/Portfolio-Construction-Todays-Markets-practitioners-ebook/dp/B07CJRJZJ6; https://www.harriman-house.com/portfoliotoday; https://www.bookdepository.com/Portfolio-Construction-for-Todays-Markets-Russ-Koesterich/9780857196293; https://books.google.com/books/about/Portfolio_Construction_for_Today_s_Marke.html?id=fjdYDwAAQBAJ,"Written by a credentialed BlackRock portfolio manager overseeing ~$80B, published by Harriman House (reputable specialist finance publisher), and endorsed by senior figures at BlackRock, Strategas, and Credit Suisse — all strong signals of practitioner credibility. The content is directly and substantively relevant to portfolio construction and asset allocation. The Goodreads rating of 3.40 from only 5 reviews is too thin to be meaningful, and the author's professional standing and publisher quality justify a KEEP_B despite the weak quantitative signals.",very low Goodreads review count (5); no retrievable Amazon aggregate rating,105,Portfolio Construction for Today's Markets
110,Buy and Hold Is Dead (Again),Kenneth R. Solow,google_books,KEEP_B,high,medium,keep,ok,,,none,https://www.goodreads.com/book/show/6613976-buy-and-hold-is-dead-again; https://www.amazon.com/Buy-Hold-Dead-Again-Management/dp/1600376207; https://www.barnesandnoble.com/w/buy-and-hold-is-still-dead-again-kenneth-r-solow/1123110251; https://www.barnesandnoble.com/w/buy-and-hold-is-still-dead-again-kenneth-r-solow/1123110251; https://books.google.com/books/about/Buy_and_Hold_Is_Still_Dead_Again.html?id=Qj-fjgEACAAJ; https://www.amazon.com/Buy-Hold-Dead-Again-Management/dp/1600376207,"A substantive, original work on Tactical Asset Allocation and secular bear market strategy by a credentialed wealth manager with 25+ years of experience, endorsed by Steve Leuthold and CFA-affiliated reviewers. Described as 'the definitive work in the field' of active portfolio management, and significant enough to warrant a 2016 second edition. No numeric ratings are available, but the absence of social-proof data is offset by credible endorsements, a focused topical scope, and evidence of sustained industry relevance.",,106,Buy and Hold Is Dead (Again)
111,Global Asset Allocation,"Heinz Zimmermann, Wolfgang Drobetz, Peter Oertmann",google_books,KEEP_B,high,medium,keep,ok,,,none,https://www.amazon.com/Global-Asset-Allocation-Methods-Applications/dp/0471264261; https://www.amazon.co.uk/Global-Asset-Allocation-Methods-Applications/dp/0471264261; https://www.econbiz.de/Record/global-asset-allocation-new-methods-and-applications-zimmermann-heinz/10001678987; https://books.google.com/books/about/Global_Asset_Allocation.html?id=oUzlhoyj9icC,"Published by Wiley Finance and authored by credentialed Swiss finance academics, with lead author Zimmermann holding the Graham and Dodd Award for Excellence in financial writing — a strong credibility signal. The book covers global asset allocation methodologies including the Black-Litterman model, making it highly relevant to Atlas's investing and portfolio management scope. No user ratings are available, but the academic-practitioner pedigree, reputable publisher, and expert blurb ('technical tour de force') support a KEEP_B designation. No red flags detected.",,107,Global Asset Allocation
112,A Practitioner's Guide to Asset Allocation,"William Kinlaw, Mark P. Kritzman, David Turkington",google_books,KEEP_A,high,high,keep,ok,3.9,20,goodreads,https://www.goodreads.com/book/show/33573923-a-practitioner-s-guide-to-asset-allocation; https://www.goodreads.com/author/show/16231850.William_Kinlaw; https://www.amazon.com/Practitioners-Guide-Asset-Allocation-Finance/dp/1119397804; https://www.amazon.sg/Practitioners-Guide-Asset-Allocation/dp/1119397804; https://joim.com/wp-content/uploads/emember/downloads/p0571.pdf; https://www.wiley.com/en-us/A+Practitioner's+Guide+to+Asset+Allocation-p-9781119397809; https://www.oreilly.com/library/view/a-practitioners-guide/9781119397809/,"Published in Wiley Finance with a foreword by Nobel laureate Harry Markowitz; authors are senior practitioners at State Street Associates and Windham Capital Management (MIT). Endorsed by BlackRock's Global Head of Scientific Equity Research and reviewed positively in JOIM, signaling strong institutional credibility. Despite a modest review count, the pedigree of authors, publisher, and endorsements clearly warrants KEEP_A status. Directly relevant to asset allocation, portfolio construction, and financial markets.",,108,A Practitioner's Guide to Asset Allocation
113,Quantitative Management of Bond Portfolios,Lev Dynkin,google_books,KEEP_A,high,high,keep,ok,,,none,https://www.goodreads.com/book/show/860096.Quantitative_Management_of_Bond_Portfolios; https://www.amazon.com/Quantitative-Management-Portfolios-Financial-Engineering/dp/0691128316; https://press.princeton.edu/books/paperback/9780691202778/quantitative-management-of-bond-portfolios; https://www.degruyterbrill.com/document/doi/10.1515/9780691210612/html?lang=en; https://www.amazon.com/Quantitative-Management-Portfolios-Financial-Engineering-ebook/dp/B084KXWQ3J; https://www.barnesandnoble.com/w/quantitative-management-of-bond-portfolios-lev-dynkin/1134461621; https://catalog.libraries.psu.edu/catalog/3556623,"Published by Princeton University Press and authored by the Lehman Brothers Quantitative Portfolio Strategies Group, this is a canonical practitioner-academic text on quantitative fixed-income management. Endorsed by Darrell Duffie (Stanford), PIMCO Europe, BlackRock, and Western Asset Management, signaling high standing in the field. The absence of star ratings does not undermine its credentials; a 2020 paperback reissue and university library holdings confirm ongoing relevance. Covers core Atlas topics including risk modeling, benchmark replication, credit and mortgage portfolio management, and performance attribution.",,109,Quantitative Management of Bond Portfolios
114,Active Portfolio Management: A Quantitative Approach for Producing Superior Returns and Selecting Superior Returns and Controlling Risk,"Richard C. Grinold, Ronald N. Kahn",google_books,KEEP_A,high,high,keep,ok,4.12,168,goodreads,https://www.goodreads.com/en/book/show/537529.Active_Portfolio_Management; https://www.goodreads.com/book/show/8640222-active-portfolio-management; https://www.amazon.com/Active-Portfolio-Management-Quantitative-Controlling/dp/007137695X; https://www.amazon.com/Active-Portfolio-Management-Quantitative-Controlling/dp/0070248826; https://www.abebooks.com/9780070587687/Active-Portfolio-Management-Business-Economics-007058768X/plp; https://www.amazon.com/Advances-Active-Portfolio-Management-Econometrics/dp/1260453715; https://www.amazon.com/Active-Portfolio-Management-Quantitative-Controlling/dp/0070248826; https://www.amazon.com/Active-Portfolio-Management-Quantitative-Controlling-ebook/dp/B005C3WULW; https://www.goodreads.com/en/book/show/537529.Active_Portfolio_Management,"Grinold & Kahn's Active Portfolio Management is widely recognized as a canonical 'bible' for quantitative active management, cited by Harvard Business School's André Perold and used as a course textbook at UC Berkeley Haas. Both authors held senior institutional roles at BARRA and Barclays Global Investors/BlackRock, lending exceptional credibility. The 4.12 Goodreads aggregate rating across 168 ratings, McGraw-Hill publication, and 14 existing Atlas annotations all confirm its must-keep status. No red flags; this is a rigorous original practitioner-academic work directly in Atlas's core scope.",,110,Active Portfolio Management: A Quantitative Approach for Producing Superior Returns and Selecting Superior Returns and Controlling Risk
115,Portfolio Construction and Analytics,"Frank J. Fabozzi, Dessislava A. Pachamanova",google_books,KEEP_A,high,medium,keep,ok,,,none,"https://www.goodreads.com/book/show/27288298-portfolio-construction-and-analytics; https://www.amazon.com/Portfolio-Construction-Analytics-Frank-Fabozzi/dp/1118445597; https://www.investing.com/analysis/pachamanova---fabozzi,-portfolio-construction-and-analytics-200134655; https://onlinelibrary.wiley.com/doi/book/10.1002/9781118656747; https://www.researchgate.net/publication/313442878_Portfolio_Construction_and_Analytics; https://www.wiley.com/en-us/Portfolio+Construction+and+Analytics+-p-9781118445594","Frank J. Fabozzi is a canonical figure in quantitative finance and fixed income, editor of the Journal of Portfolio Management, and his Wiley series titles are standard academic/professional references. This ~600-page textbook covers portfolio analytics, modeling, and construction in depth, directly relevant to Atlas's investing/markets scope, and is cited in academic research. No ratings are available but canonical override applies given Fabozzi's stature, Wiley publication, and academic citation evidence.",,111,Portfolio Construction and Analytics
116,Strategic and Tactical Asset Allocation,Henrik Lumholdt,google_books,KEEP_B,high,medium,keep,ok,4.25,8,goodreads,https://www.goodreads.com/book/show/41092267-strategic-and-tactical-asset-allocation; https://www.goodreads.com/shelf/show/asset-allocation; https://www.amazon.com/Strategic-Tactical-Asset-Allocation-Integrated/dp/3319895532; https://www.amazon.com/Strategic-Tactical-Asset-Allocation-Integrated-ebook/dp/B07FKGS4S8; https://www.amazon.co.uk/Strategic-Tactical-Asset-Allocation-Integrated/dp/3030078027; https://link.springer.com/content/pdf/10.1007/978-3-319-89554-3.pdf,"Published by Springer and authored by a seasoned capital markets professional with 30+ years of experience and an IE Business School affiliation, this is a credible practitioner-academic work covering strategic and tactical asset allocation, factor investing, and business cycle analysis — all highly relevant to Atlas's scope. The Goodreads rating of 4.25 is very positive but based on only 8 ratings, providing weak statistical confidence; however, endorsements from AQR and CBS academics lend additional credibility. No red flags detected; the book appears substantive and appropriate for a finance professional audience.",,112,Strategic and Tactical Asset Allocation
117,"Quantitative Portfolio Optimisation, Asset Allocation and Risk Management",M. Rasmussen,google_books,KEEP_B,high,medium,keep,ok,,,none,https://www.amazon.com/Quantitative-Portfolio-Optimisation-Allocation-Management/dp/1403904588; https://www.amazon.co.uk/Quantitative-Portfolio-Optimisation-Allocation-Management/dp/1349509442; https://axon.trade/one-hundred-books-for-algorithmic-trading-part-5; https://link.springer.com/content/pdf/10.1057/9780230512856.pdf; https://www.vitalsource.com/products/quantitative-portfolio-optimisation-asset-m-rasmussen-v9780230512856,"Published by Palgrave Macmillan/Springer in their Finance and Capital Markets Series, this is a credible institutional-level practitioner text on quantitative portfolio optimization and risk management, authored by a practitioner with real credentials. It appears on an algorithmic trading reading list and receives positive practitioner endorsements ('must have for investment professionals'). No ratings are available, but the absence of ratings is neutral given the book's niche institutional audience, specialist publisher, and absence of any red flags. Relevance to Atlas's investing/markets scope is high.",,113,"Quantitative Portfolio Optimisation, Asset Allocation and Risk Management"
118,The Endowment Model of Investing,"Martin L. Leibowitz, Anthony Bova, P. Brett Hammond",metadata_only,KEEP_B,high,medium,keep,ok,,,none,,"Published by Wiley with Martin Leibowitz as lead author — Leibowitz is a highly credible and respected figure in institutional investment research (known for work at Salomon Brothers and Morgan Stanley). The book addresses the endowment model of investing, a directly relevant institutional portfolio strategy topic for Atlas. No ratings are available, but the author pedigree and publisher are strong enough to warrant a KEEP_B without a rating override. No red flags in title or description.",,114,The Endowment Model of Investing
119,Portfolio Management under Stress,"Riccardo Rebonato, Alexander Denev",metadata_only,KEEP_B,high,medium,keep,ok,,,none,,"Published by Cambridge University Press in 2013, this is a rigorous academic/practitioner work on asset allocation and portfolio management under stress conditions—directly relevant to investing and financial markets. Riccardo Rebonato is a well-regarded quantitative finance author known for serious technical works on risk and rates. The description signals a methodologically rigorous novel approach rather than a popular or beginner-oriented treatment, consistent with KEEP_B specialist status.",,115,Portfolio Management under Stress
120,Forex Traders Psychology. A Behavioral Finance Research Paper,Qais Sbaih,metadata_only,DROP_D,medium,high,drop,ok,,,none,,"This is an undergraduate/MBA research paper published by Grin Publishing, which is well-known for monetizing student coursework rather than producing peer-reviewed or professionally vetted content. The study's sample size and methodology are too limited to constitute a meaningful reference work. No web evidence, citations, or reviews exist to suggest any broader recognition or impact in the field.",undergraduate research paper published as a book; Grin Publishing (known for student papers); small sample size (N=50); no ratings or reviews; no web presence or citations found,116,Forex Traders Psychology. A Behavioral Finance Research Paper
121,The Psychology of Successful Trading,Tim Short,metadata_only,KEEP_B,high,low,keep,ok,,,none,,"Published by Routledge (credible academic publisher) in 2017, this book addresses cognitive biases and behavioral psychology specifically applied to trading and investing — a highly relevant topic for Atlas. The description suggests a rigorous, academically grounded approach covering belief-formation, quasi-economic, and social biases rather than pop-finance content. No web evidence or ratings are available, but publisher credibility and focused subject matter support a KEEP_B designation pending further review.",,117,The Psychology of Successful Trading
122,Trading Psychology & Neuroscience,"Brian Dale Babiak, MD",metadata_only,DROP_D,medium,high,drop,ok,,,none,,"Published in 2025 by an unknown independent author (Brian Dale Babiak, MD) with no ratings, no reviews, and no web presence whatsoever. The book is a self-published trading psychology how-to manual with no evidence of credibility, canonical status, or community recognition. While the topic is relevant to Atlas's scope, the lack of any corroborating evidence and independent publication status make this unsuitable for inclusion.",independently published 2025; no ratings or reviews; no web evidence; described as a 'field manual' with step-by-step protocols suggesting beginner/how-to style; unknown author with no established reputation; very new publication with no track record,118,Trading Psychology & Neuroscience
123,Financial Risk Taking,Mike Elvin,metadata_only,KEEP_B,high,low,keep,ok,,,none,,"Published by John Wiley & Sons in 2004, this book combines trading psychology with risk management, authored by someone with credentials in both trading and psychology. The description indicates substantive, framework-oriented content (Model of Trading Competence) rather than a superficial self-help approach, which is appropriate for Atlas's scope. No ratings data is available, but the publisher credibility and subject-matter relevance support retaining it as a specialist title. Confidence is low due to absence of web evidence or user ratings.",,119,Financial Risk Taking
124,Behavioural Finance,"Sujata Kapoor, Jaya Mamta Prosad",metadata_only,KEEP_B,high,low,keep,ok,,,none,,"Published by Taylor & Francis, a credible academic publisher, this textbook on behavioural finance covers cognitive biases, heuristics, and investor psychology — all highly relevant to Atlas's investing/markets scope. The authors appear to be academics in finance, and the description suggests a structured, substantive treatment rather than a pop-finance summary or workbook. However, the 2026 date indicates it is forthcoming, and the complete absence of ratings or web evidence means confidence is low; it warrants KEEP_B pending eventual review data.",2026 publication date (future/forthcoming); no ratings or reviews available; textbook format may limit practitioner utility,120,Behavioural Finance
125,Trading Psychology For Dummies,Roland Ullrich,metadata_only,REVIEW_C,high,low,review,ok,,,none,,"The book is directly relevant to trading psychology, a core Atlas topic, and is published by John Wiley & Sons under the established Dummies imprint. However, the 'For Dummies' branding signals a beginner/introductory format which typically warrants DROP_D, but Wiley's Dummies series has produced credible investing titles and trading psychology is a legitimate specialist subject. Without ratings or web evidence to confirm quality or reception, a human review is warranted rather than an automatic drop.",'For Dummies' beginner-oriented branding; no ratings or reviews found; no web evidence,121,Trading Psychology For Dummies
126,Investor Behavior,"H. Kent Baker, Victor Ricciardi",metadata_only,KEEP_B,high,medium,keep,ok,,,none,,"Published by John Wiley & Sons in 2014, this is a 30-chapter academic/practitioner edited volume on behavioral finance and investor decision-making, co-edited by H. Kent Baker, a prolific and well-regarded finance academic known for serious scholarly works. It won a 2015 USA Best Book Award in Personal Finance/Investing, lending credible external validation. The topic—behavioral finance and investor behavior—is directly relevant to Atlas's investing and financial markets scope. No red flags from description; it reads as a substantive reference work rather than a popular/summary title.",,122,Investor Behavior
127,Finance Psychology: How To Begin Thinking Like A Professional Trader (This Workbook About Behavioral Finance Is All You Need To Be Successful In Trading),Forex Investment Lounge,metadata_only,DROP_D,medium,high,drop,ok,,,none,,"The subtitle explicitly identifies this as a workbook, triggering the hard red-flag rule for DROP_D. The author 'Forex Investment Lounge' is an anonymous branded entity with no established credibility, and the publisher BoD (Books on Demand) is a self-publishing service. The subtitle's claim that this book is 'all you need to be successful in trading' is hyperbolic, and no ratings or web evidence exist to override these disqualifying signals.",subtitle explicitly labels it a workbook; author is a branded entity 'Forex Investment Lounge' with no credible credentials; published by vanity/self-publish platform BoD; hyperbolic subtitle claims this is 'all you need to be successful in trading'; no ratings or web presence found,123,Finance Psychology: How To Begin Thinking Like A Professional Trader (This Workbook About Behavioral Finance Is All You Need To Be Successful In Trading)
128,The Psychology of Trading,Brett N. Steenbarger,metadata_only,KEEP_A,high,high,keep,ok,4.0,3,google,,"Brett Steenbarger is a widely recognized authority on trading psychology, and this 2003/2004 Wiley book is considered a foundational text in the field, frequently cited on reputable trading reading lists. The endorsement by Victor Niederhoffer further supports its canonical status. Despite minimal Google Books ratings, the author's reputation, publisher credibility, and recurring presence on trading curricula justify KEEP_A via canonical override. Highly relevant to Atlas's investing and trading scope.",,124,The Psychology of Trading
129,The Three Skills of Top Trading,Hank Pruden,metadata_only,KEEP_B,high,low,keep,ok,,,none,,"Published by John Wiley & Sons, a credible financial publisher, and authored by Hank Pruden, a known academic in technical analysis. The book focuses on the Wyckoff method of trading, a respected and established trading methodology, with an endorsement from Charles Kirkpatrick, a credible CMT and technical analysis authority. No ratings are available to assess reception, but the publisher, endorser credibility, and subject matter relevance to trading methods support a KEEP_B designation.",,125,The Three Skills of Top Trading
130,Psychology of the Stock Market,G C (George Charles) Selden,metadata_only,KEEP_A,high,high,keep,ok,,,none,,"G.C. Selden's 'Psychology of the Stock Market' (originally 1912) is a canonical foundational text in behavioral finance and market psychology, widely cited as one of the earliest serious treatments of investor psychology. The 2025 Anson Street Press edition is simply a modern reprint of a public domain classic. Despite no ratings data available for this edition, the canonical override applies — this book is a must-keep for any investing/trading knowledge base.",2025 publisher is a reprint/republisher of public domain works,126,Psychology of the Stock Market
131,"Trading Stategies for Capital Markets, Chapter 22 - Psychology and Markets: Behavioral Finance",Joseph Benning,metadata_only,DROP_D,medium,medium,drop,ok,,,none,,"This entry represents a single chapter (Chapter 22) extracted from a larger McGraw-Hill book rather than a standalone work, making it inappropriate as an independent catalog entry. The parent book by Joseph Benning (a credible author with Moody's/CBOT credentials) may merit its own evaluation, but a chapter fragment should not be catalogued separately. No ratings or web evidence are available to override this judgment.",single chapter extracted from a larger book; no ratings or reviews available; duplicate/fragment — the parent book 'Trading Strategies for Capital Markets' would be the appropriate entry,127,"Trading Stategies for Capital Markets, Chapter 22 - Psychology and Markets: Behavioral Finance"
132,BEHAVIORAL FINANCE,Gregor Kaufmann,metadata_only,DROP_D,medium,low,drop,ok,,,none,,"Gregor Kaufmann has no identifiable web presence or credentials in behavioral finance, and the book has no publisher, ratings, or reviews to assess quality. The description is generic and formulaic, suggesting a low-effort or self-published overview rather than a substantive contribution to the field. Without any corroborating evidence of credibility or canonical status, this does not meet the threshold for Atlas inclusion.",unknown author with no web presence; no publisher listed; no ratings or reviews found; generic description reads like textbook or low-effort overview,128,BEHAVIORAL FINANCE
133,"Bridging Trading Psychology, Behavioral Finance and Neurofinance, Towards Becoming a Consistent Profitable Trader",Ciprian Sebastian Turcan,metadata_only,DROP_D,medium,low,drop,ok,,,none,,"No web evidence, no publisher, no ratings, and the author Ciprian Sebastian Turcan appears to have no established presence in the field. The book was published in 2011 with zero Atlas annotations, and there is no signal of canonical status or credible endorsement. Without any corroborating evidence of quality or influence, this falls below the threshold for inclusion.",no publisher listed; unknown author with no web presence; no ratings or reviews found; title suggests niche/self-published work; subtitle 'Towards Becoming a Consistent Profitable Trader' has beginner-guide flavor,129,"Bridging Trading Psychology, Behavioral Finance and Neurofinance, Towards Becoming a Consistent Profitable Trader"
134,Quantitative Trading Strategies,Lars Kestner,metadata_only,KEEP_B,high,low,keep,ok,3.0,3,google,,"Published by McGraw Hill Professional, a credible academic/professional publisher, and authored by Lars Kestner with substantive content covering quantitative trading strategy development and evaluation — directly relevant to Atlas's core scope. The Google Books rating of 3.0 is based on only 3 reviews, making it essentially meaningless as a quality signal. The description suggests a rigorous, practitioner-oriented text rather than a pop-finance or beginner book, and the subject matter (quantitative trading strategies, technical analysis evaluation) is squarely within Atlas's domain, warranting a cautious KEEP_B pending broader evidence.",very low review count (3); rating of 3.0 is weak,130,Quantitative Trading Strategies
135,Trading Behavioural Finance - Money Management and Trading Psychology,David Carli,metadata_only,DROP_D,medium,medium,drop,ok,,,none,,"David Carli is an unverified author with no publisher backing, no ratings, and no web evidence of recognition or credibility. The book's description employs generic self-help trading language without any distinguishing depth or canonical status. With no supporting evidence of quality or influence, this book does not meet the threshold for inclusion in Atlas.",no publisher listed; no ratings or reviews found; unknown author with no verifiable credentials; description uses 'improve your trading' and 'successful trader' marketing language; no web evidence of credibility or recognition,131,Trading Behavioural Finance - Money Management and Trading Psychology
136,Trading Psychology 2.0,Brett N. Steenbarger,metadata_only,KEEP_A,high,medium,keep,ok,,,none,,"Brett Steenbarger is a highly respected, canonical author in trading psychology, with multiple well-regarded books on the subject. Published by John Wiley & Sons, a top-tier financial publisher, this is a comprehensive, practitioner-oriented guide to trading psychology rather than a superficial or hyperbolic title. The description emphasizes academic rigor applied practically, consistent with Steenbarger's established reputation. Despite no rating data, the author's canonical status and publisher credibility justify KEEP_A.",,132,Trading Psychology 2.0
137,The Mental Strategies of Top Traders,Ari Kiev,metadata_only,KEEP_B,high,medium,keep,ok,,,none,,"Ari Kiev was a well-known psychiatrist who worked with hedge fund traders at SAC Capital and authored multiple respected books on trading psychology published by Wiley. The Mental Strategies of Top Traders fits squarely within the trading psychology niche that is highly relevant to Atlas's scope. No web evidence is available, but the author's credibility and reputable publisher support a KEEP_B designation. No red flags such as 'get rich' claims or summary-guide signals are present.",,133,The Mental Strategies of Top Traders
138,The Story of Behavioral Finance,"Brandon Adams, Brian Finn",metadata_only,REVIEW_C,medium,low,review,ok,,,none,,"Published by iUniverse (a vanity/self-publishing imprint), which is a significant quality signal concern. The topic—behavioral finance applied to real-world portfolio management, market bubbles, and IPOs—is genuinely relevant to Atlas's scope. However, with no ratings, no web evidence, and unknown author credibility compared to canonical behavioral finance authors (Thaler, Shiller, Kahneman), there is insufficient evidence to confidently keep or drop this book.",iUniverse is a self-publishing/vanity press; no web evidence found; no ratings available; authors are not widely recognized figures in behavioral finance,134,The Story of Behavioral Finance
139,Streetsmart Guide to Valuing a Stock,"Gary Gray, Patrick Cusatis, J. Randall Woolridge",metadata_only,KEEP_B,high,low,keep,ok,,,none,,"Published by McGraw Hill Professional with academic authors (Woolridge is a well-regarded finance professor at Penn State), this book covers stock valuation techniques including identifying undervalued/overvalued stocks and fraud detection — directly relevant to investing. The 'Streetsmart' branding is slightly populist but the content description is substantive and technically grounded. No ratings data is available, but publisher credibility and author credentials support a KEEP_B classification with low confidence pending further evidence.",no ratings data available; no web evidence found,135,Streetsmart Guide to Valuing a Stock
140,An Investigation of the “Flash Crash” of 2010 using the principles of behavioral finance,Jovana Paraca,metadata_only,DROP_D,medium,high,drop,ok,,,none,,"This is an MA thesis published by GRIN Verlag, a publisher that specializes in student coursework and unreviewed academic papers with no editorial quality control. The author is unknown with no established reputation, and the grade of 67 suggests an average academic performance. GRIN Verlag publications are not considered credible specialist sources and are not suitable for a curated investing/finance reading corpus.",student thesis/MA dissertation; GRIN Verlag (known for publishing unreviewed student theses); no web evidence or ratings; grade of 67 (below merit level); unknown author with no established reputation,136,An Investigation of the “Flash Crash” of 2010 using the principles of behavioral finance
141,Behavioral Finance and Capital Markets,A. Szyszka,metadata_only,KEEP_B,high,medium,keep,ok,,,none,,"Published by Springer (reputable academic press) in 2013, this book covers behavioral finance and capital markets theory — directly relevant to Atlas's investing/trading/markets scope. The description indicates a rigorous academic treatment synthesizing neoclassical asset pricing with behavioral insights, consistent with specialist scholarly work. No ratings are available, but the Springer imprint and academic framing support credibility as a specialist text warranting a KEEP_B designation.",,137,Behavioral Finance and Capital Markets
142,From Human Bias to Machine Intelligence. An Empirical Study on Investor Behaviour and AI-Based Investment Decision Making,S. J. Sanjana,metadata_only,DROP_D,medium,high,drop,ok,,,none,,"This is a postgraduate research paper published by GRIN Verlag, a well-known vanity publisher that monetizes student and academic papers without peer review. The author has no established reputation, there are no ratings or reviews, and the content is a single research paper rather than a substantive book. GRIN Verlag publications are generally considered low-quality academic outputs and are not appropriate for a curated investment reading list.","GRIN Verlag publisher (known vanity/academic paper mill); Single postgraduate research paper, not a full book; No ratings or reviews found; Unknown author with no established reputation; GRIN Verlag typically publishes unreviewed student papers",138,From Human Bias to Machine Intelligence. An Empirical Study on Investor Behaviour and AI-Based Investment Decision Making
143,Inside the Investor's Brain,Richard L. Peterson,metadata_only,KEEP_B,high,medium,keep,ok,4.0,1,google,,"Published by John Wiley & Sons, this book by Richard L. Peterson focuses on behavioral finance and investor psychology — a credible and well-established topic within investing. Peterson is a known figure in neurofinance/behavioral finance research. The description is substantive and professional, with no red flags. Review count is too low to provide rating confidence, but publisher and author credentials support KEEP_B.",,139,Inside the Investor's Brain
144,2003 CFA Level III Candidate Readings,Association for Investment Management and Research,metadata_only,DROP_D,medium,high,drop,ok,,,none,,"This is a year-specific CFA exam candidate readings compilation from 2002/2003, functioning as an exam study guide rather than a standalone investment book. Such compilations are dated, superseded by later editions and the CFA Institute's own curriculum, and are not suitable for a general investing knowledge base. It falls into the study-guide/exam-prep category that Atlas explicitly excludes.",exam prep / study guide material; year-specific candidate readings (2003); highly dated and superseded; no general readership value,140,2003 CFA Level III Candidate Readings
146,"Handbook of Finance, Investment Management and Financial Management",Frank J. Fabozzi,metadata_only,KEEP_B,high,medium,keep,ok,,,none,,"Frank J. Fabozzi is one of the most credible and prolific authors in finance and investment management, and Wiley is a reputable academic/professional publisher. This volume covers investment management, capital structure, equity and fixed income portfolios — all highly relevant to Atlas's scope. The handbook format from a canonical author published by Wiley is a strong signal of professional reference quality, justifying KEEP_B despite no web evidence or ratings.",,142,"Handbook of Finance, Investment Management and Financial Management"
147,Behavioral Finance,"Edwin T. Burton, Sunit N. Shah",metadata_only,KEEP_B,high,low,keep,ok,,,none,,"Published by John Wiley & Sons (reputable academic/finance publisher) in 2013, this book covers behavioral finance topics including noise trader theory with a systematic analytical approach. The description signals a credible academic treatment of the subject rather than a popular or sensational work. No ratings or web evidence available, but the publisher, authors, and substantive description support keeping as a credible specialist title relevant to investing and financial markets.",,143,Behavioral Finance
148,Trading Global Macro Markets,"Dirk Willer, Alex Saunders",metadata_only,KEEP_A,high,medium,keep,ok,,,none,,"Published by John Wiley & Sons (2026) with endorsements from Paul Tudor Jones II and Andrew Morton (Global Head of Markets, Citi), both carrying exceptional credibility in macro trading. The title, description, and authorship directly target global macro trading — squarely within Atlas's core scope. No rating exists yet (likely pre-publication), but the canonical-level endorsements and reputable publisher justify KEEP_A under the canonical override.",,144,Trading Global Macro Markets
149,Crypto Asset Investing in the Age of Autonomy,Jake Ryan,metadata_only,KEEP_B,high,low,keep,ok,5.0,4,google,,"Published by John Wiley & Sons in 2020, this book covers crypto asset investing with a focus on automation and autonomy in financial markets — directly relevant to Atlas's scope. The publisher lends credibility, and the description suggests substantive content rather than a get-rich-quick scheme. However, the 5.0 Google rating comes from only 4 reviews, which provides virtually no signal, and no web evidence exists to corroborate reputation or adoption on reading lists.",only 4 ratings makes 5.0 meaningless; no web evidence found,145,Crypto Asset Investing in the Age of Autonomy
150,The New Investment Superstars,Lois Peltz,metadata_only,KEEP_B,high,low,keep,ok,,,none,,"Published by John Wiley & Sons in 2001, this book profiles top hedge fund and investment managers and their strategies, placing it squarely in Atlas's investing/markets scope. The author Lois Peltz was a known hedge fund researcher/journalist, lending credibility. No ratings or web evidence are available to confirm reception, but the publisher, subject matter, and framing as a serious practitioner study (not a 'secrets' or get-rich title) support a KEEP_B designation. Confidence is low due to absence of ratings or corroborating web evidence.",,146,The New Investment Superstars
151,Real World Macro 24th Edition,"Daniel Fireside, John Miller, Dollars & Sense",metadata_only,DROP_D,medium,medium,drop,ok,,,none,,"This is a course-reader anthology published by Dollars & Sense, a left-leaning economics magazine, aimed at introductory economics students rather than investing or trading practitioners. It covers basic macroeconomic concepts at an introductory level, which is outside Atlas's core scope of investing, trading, and financial markets. No ratings or web evidence exist to support credibility for this platform's audience, and the anthology/textbook format is not appropriate for Atlas.","textbook/course-reader format; 24th edition suggests ongoing academic anthology; Dollars & Sense is a political-economy publication, not a trading/investing resource; 2007 publication date, likely outdated",147,Real World Macro 24th Edition
152,Real World Macro,Randy Pearl Albelda,metadata_only,DROP_D,low,low,drop,ok,,,none,,"No web evidence, no ratings, no description, and no publisher information available to assess quality. The title 'Real World Macro' from 1995 suggests an academic macroeconomics textbook or companion reader (likely the Dollars & Sense collective publication), which is not directly relevant to Atlas's investing, trading, and financial markets scope. With no supporting evidence and apparent low relevance, this book does not meet the threshold for inclusion.",no publisher listed; 1995 publication with no web presence or ratings; no description available; title suggests textbook/academic supplement rather than investing/trading/markets content,148,Real World Macro
153,Managing World Economic Change,Robert A. Isaak,metadata_only,REVIEW_C,medium,low,review,ok,,,none,,"Robert A. Isaak is a legitimate academic author in international political economy, and the book addresses global economic change, trade, and political dimensions relevant to macro/markets. However, there is no publisher information, no ratings data, and no web evidence to assess reception or canonical status. The 1995 date and textbook framing ('this text', 'this edition') suggest an academic course text of uncertain impact; a human review is warranted.",no publisher listed; 1995 publication date may limit relevance; no web evidence or ratings found,149,Managing World Economic Change
154,Global Macro Trading,Greg Gliner,metadata_only,KEEP_B,high,low,keep,ok,,,none,,"Published by John Wiley & Sons in 2014, this book covers global macro trading strategies across equities, currencies, fixed income, and commodities — directly relevant to Atlas's core scope. The author has credible practitioner credentials from working at major global macro hedge funds. No ratings or web evidence available, but the publisher, topic focus, and professional framing support KEEP_B. No red flags such as summary/workbook framing or hyperbolic claims are present.",,150,Global Macro Trading
155,International Capital Markets,International Monetary Fund,metadata_only,REVIEW_C,high,low,review,ok,,,none,,"This is an IMF institutional report from 2000 covering global capital markets, derivatives, and emerging markets — highly relevant to Atlas's domain. The IMF's International Capital Markets series is a credible, authoritative publication widely referenced in academic and policy circles. However, as a dated institutional report rather than a traditional book, its pedagogical value for Atlas users may be limited, and no ratings or web evidence are available to confirm its reception. A human review is warranted to determine whether this report-style publication fits Atlas's book collection.","no ratings or reviews found; no web evidence; dated (2000); institutional report format, not a traditional book",151,International Capital Markets
156,Parallel and Distributed Processing and Applications,Yi Pan,metadata_only,DROP_D,low,high,drop,ok,,,none,,"This is a computer science conference proceedings volume on parallel and distributed computing systems, with zero relevance to investing, trading, financial markets, or macroeconomics. The content covers cluster systems, distributed algorithms, fault tolerance, and high-performance computing architecture. There is no basis to keep this in an investing-focused book recommender.",completely outside investing/trading/financial markets/macro scope; computer science conference proceedings; no relevance to Atlas domain,152,Parallel and Distributed Processing and Applications
157,The Encyclopedia of Trading Strategies,"Jeffrey Katz, Donna McCormick",metadata_only,KEEP_B,high,medium,keep,ok,,,none,,"Published by McGraw Hill Professional in 2000, this is a systematic, backtesting-based reference on trading strategies by experienced futures traders, covering quantitative system development — directly relevant to Atlas's trading/markets scope. The title and description suggest a rigorous, encyclopedic technical work rather than a superficial beginner guide or hype-driven book. No rating data is available, but the publisher credibility and substantive methodology description support KEEP_B status. No hard red flags are present.",,153,The Encyclopedia of Trading Strategies
158,Building Winning Trading Systems with TradeStation,"George Pruitt, John R. Hill",metadata_only,KEEP_B,high,medium,keep,ok,,,none,,"Published by Wiley and authored by George Pruitt and John R. Hill, both respected figures in systematic trading, this is a well-regarded practical guide for building automated trading systems using TradeStation. The book covers indicator design, strategy development, and system testing — core topics for quantitative/systematic traders. No rating data is available, but the Wiley imprint, credible authors, and endorsement from Nelson Freeburg (a respected industry voice) support a KEEP_B classification. The 2002 publication date means some TradeStation-specific content may be dated, but the conceptual foundations remain relevant.",,154,Building Winning Trading Systems with TradeStation
159,"High-Probability Trading, Chapter 13 - A Little about Backtesting",Marcel Link,metadata_only,DROP_D,medium,high,drop,ok,,,none,,"This is a single chapter (Chapter 13) extracted from the full book 'High-Probability Trading' by Marcel Link, not a standalone book. Atlas should catalog the complete work rather than individual chapters. The parent book itself may be worth evaluating separately, but this entry as a chapter excerpt should be dropped.","single chapter extract, not a complete book; chapter/excerpt format unsuitable for book recommender",155,"High-Probability Trading, Chapter 13 - A Little about Backtesting"
160,The Individual Investor's Guide to Computerized Investing,American Association of Individual Investors,metadata_only,DROP_D,low,high,drop,ok,,,none,,"Published in 1994, this is essentially a directory/guide to investment software and bulletin board systems, content that is entirely obsolete in the modern computing era. It is not a substantive investing, trading, or financial markets text but rather a consumer software reference guide. With no ratings, no web evidence, and no ongoing relevance, it has no place in Atlas's current catalog.",severely outdated (1994); software guide/directory format not a substantive investing text; no ratings or web evidence; describes software products and bulletin board systems — entirely obsolete content,156,The Individual Investor's Guide to Computerized Investing
161,Mastering Trade Selection and Management: Advanced Strategies for Long-Term Profitability,"Jay Norris, Al Gaskill",metadata_only,KEEP_B,high,low,keep,ok,,,none,,"Published by McGraw Hill Professional, a credible financial publisher, and authored by Jay Norris, a market strategist with some industry presence. The content focuses on trade selection, risk management, and systematic trading methodology, which is directly relevant to Atlas's trading/markets scope. No ratings are available, but the publisher and subject matter support a KEEP_B designation. The word 'secret' appears once in passing and does not constitute a hard red flag in context.",description uses word 'secret' briefly but not in hyperbolic 'secrets revealed' sense; no ratings or reviews available to validate quality,157,Mastering Trade Selection and Management: Advanced Strategies for Long-Term Profitability
162,Tradings Systems That Work: Building and Evaluating Effective Trading Systems,Thomas Stridsman,metadata_only,KEEP_B,high,low,keep,ok,2.0,1,google,,"Published by McGraw-Hill Professional in 2001, this is a specialist technical book on building and evaluating trading systems using TradeStation and Excel, which is directly relevant to Atlas's trading/markets scope. The single Google Books rating of 2.0 is statistically meaningless (n=1) and should not be used to penalize the book. Thomas Stridsman is a recognized quantitative trading author and this title appears on trading system development reading lists, supporting a KEEP_B rating pending stronger review evidence.",Google Books rating of 2.0 based on only 1 review — unreliable signal,158,Tradings Systems That Work: Building and Evaluating Effective Trading Systems
163,Trading Strategies for Direct Access Trading,Robert Sales,metadata_only,REVIEW_C,medium,low,review,ok,,,none,,"Published by McGraw-Hill in 2001, this book covers direct access trading strategies, which is relevant to Atlas's trading scope. However, there is no rating data, no web evidence, and no annotations to assess quality or reputation. The topic of direct access/electronic trading has evolved significantly since 2001, reducing its practical relevance today. Without stronger evidence of quality or canonical status, this warrants human review.",no ratings or reviews found; no web evidence; 2001 publication may be dated for direct access trading context,159,Trading Strategies for Direct Access Trading
164,Individual Investor's Guide to Computerized Investing,"American Association of Individual Investors, Amer",metadata_only,DROP_D,low,medium,drop,ok,,,none,,"Published in 1995, this guide to computerized investing is severely outdated given the transformation of technology and investing platforms since then. The AAII is a credible organization, but a 30-year-old technology guide has negligible relevance to modern investors. No ratings, reviews, or web evidence exist to suggest ongoing relevance or canonical status.",dated 1995 technology guide; no ratings or reviews found; no web evidence; computerized investing guide now obsolete,156,The Individual Investor's Guide to Computerized Investing
165,All About Stock Market Strategies,"David Brown, Kassandra Bentley",metadata_only,REVIEW_C,medium,low,review,ok,3.0,1,google,,"Published in 2002 as part of McGraw-Hill's introductory 'All About...' series, this book targets general investors with a broad survey of strategies rather than specialist depth. The sole rating of 3.0 is meaningless as evidence. No web evidence, reading-list mentions, or citation signals could be found to elevate it above a mid-tier status. Without stronger evidence of enduring relevance or canonical standing, a human review is warranted.",only 1 rating at 3.0 — statistically meaningless; dated (2002); part of a generic 'All About...' introductory series; no web evidence found,160,All About Stock Market Strategies
166,"High-Probability Trading, Chapter 10 - Making the High Probability Trades",Marcel Link,metadata_only,DROP_D,medium,high,drop,ok,,,none,,"This is a single chapter excerpt (Chapter 10) from 'High-Probability Trading' by Marcel Link, not a complete book. Atlas should catalog the full book rather than individual chapter extracts. The parent book itself is a legitimate trading title published by McGraw-Hill, but this item as listed is a fragment and should be dropped in favor of the complete work if it is separately cataloged.","single chapter extract, not a full book; description frames it as a chapter-level item rather than a standalone work",161,"High-Probability Trading, Chapter 10 - Making the High Probability Trades"
167,All About Market Timing,Leslie Masonson,metadata_only,REVIEW_C,high,low,review,ok,,,none,,"Published by McGraw-Hill in 2003, a credible publisher for finance titles, and market timing is directly relevant to Atlas's scope. However, the description's language about 'simple techniques' and 'consistent profits' edges toward retail/promotional framing, and there is no rating or web evidence to assess reception. Without corroborating quality signals, this warrants human review rather than an automatic keep or drop.","'simple, easy-to-use' framing borders on accessible-retail tone; 'consistent profits' language mildly promotional; no web evidence or ratings found",162,All About Market Timing
168,Trend Trading for a Living (PB),Thomas K. Carr,metadata_only,KEEP_B,high,medium,keep,ok,,,none,,"Published by McGraw Hill Professional, a credible publisher in finance, and described as a 'bestseller' with a new updated edition, suggesting sustained market relevance. The book covers trend trading systems with foundational and updated content, which is directly relevant to Atlas's trading/markets scope. No ratings data available, but author 'Dr. Stoxx' (Thomas K. Carr) has an established presence in retail trading education. No hard red flags such as 'for beginners' framing, summary/workbook format, or hyperbolic return claims in the description.",,163,Trend Trading for a Living (PB)
169,Managing a Hedge Fund,Keith H. Black,metadata_only,KEEP_B,high,low,keep,ok,,,none,,"Published by McGraw Hill Professional and authored by Keith H. Black (a credible practitioner with CFA/CAIA credentials), this book covers hedge fund management comprehensively including risk management, due diligence, and arbitrage strategies — all highly relevant to Atlas's scope. The publisher and author credentials support at least a KEEP_B designation despite the absence of ratings data. The 2004 date means some content may be outdated but foundational hedge fund management concepts remain relevant.",no ratings or reviews found; no web evidence available; 2004 publication may be dated for some hedge fund strategies,164,Managing a Hedge Fund
170,Successful Investing with Fidelity Funds,Jack Bowers,metadata_only,DROP_D,medium,medium,drop,ok,,,none,,"This 1999 book is narrowly focused on Fidelity mutual funds, making it both dated and of limited general relevance to Atlas's investing/markets scope. No ratings, reviews, or web evidence were found to support its quality or ongoing relevance. The book's product-specific nature (single fund family) and age severely limit its value to modern readers.",extremely dated (1999); narrow product-specific focus (single fund family); no web evidence or ratings found; newsletter editor rather than canonical investing authority,165,Successful Investing with Fidelity Funds
171,Momentum Stock Selection: Using The Momentum Method For Maximum Profits,Jake Bernstein,metadata_only,KEEP_B,high,low,keep,ok,5.0,1,google,,"Jake Bernstein is a credible, prolific author in technical analysis and trading methodology, and McGraw Hill Professional is a reputable publisher for financial titles. The book directly addresses momentum-based stock selection and risk management, which is highly relevant to Atlas's trading/markets scope. The 5.0 rating comes from only one review and provides no meaningful signal. Given Bernstein's established track record and the publisher's credibility, this warrants a KEEP_B despite thin evidence.",only 1 rating — statistically meaningless; no web evidence found,166,Momentum Stock Selection: Using The Momentum Method For Maximum Profits
172,Building Reliable Trading Systems,Keith Fitschen,metadata_only,KEEP_B,high,low,keep,ok,,,none,,"Published by John Wiley & Sons (a credible financial publisher) and authored by Keith Fitschen, described as an award-winning system developer and thought-leader in trading system development. The topic — creating, testing, and implementing trading systems — is directly relevant to Atlas's trading/markets scope. No ratings data available, but the publisher credibility and professional focus on systematic trading methodology support a KEEP_B designation. No red flags from the description; it does not exhibit any 'get rich quick' or summary-guide characteristics.",,167,Building Reliable Trading Systems
173,The Book of Back-tests,Sofien Kaabar,metadata_only,REVIEW_C,medium,low,review,ok,,,none,,"No ratings, reviews, or web evidence are available to assess quality, and the book is independently published with no established reputation in the field. The content—backtesting trading strategies with code across technical analysis, fundamental analysis, and machine learning—is relevant to algorithmic trading, but the description's 'anyone from any level' framing and lack of any credible endorsements raise uncertainty. Without stronger evidence of quality or canonical status, a human review is warranted before keeping or dropping.",independently published; no ratings or reviews found; description targets 'anyone from any level' suggesting broad beginner appeal; no web evidence to validate quality or reputation,168,The Book of Back-tests
174,CFA Program Curriculum 2019 Level III Volumes 1-6 Box Set,CFA Institute,metadata_only,REVIEW_C,medium,low,review,ok,,,none,,"This is the official CFA Institute Level III curriculum box set, which is high-quality and authoritative but functions primarily as exam-prep study material rather than a standalone investing or portfolio management book. It covers wealth and portfolio management concepts relevant to Atlas's scope, but its utility is tied to CFA exam preparation. Without web evidence or ratings, and given its nature as a curriculum set, a human should decide whether such exam-prep material fits Atlas's recommender use case.",curriculum/study-guide material; exam-prep box set rather than standalone investment book; not a general investing/trading reference,169,CFA Program Curriculum 2019 Level III Volumes 1-6 Box Set
175,Applications of Computational Intelligence in Data-Driven Trading,Cris Doloc,metadata_only,KEEP_B,high,low,keep,ok,,,none,,"Published by John Wiley & Sons in 2019, this book addresses computational intelligence and machine learning applied to data-driven trading — a highly relevant and growing area within quantitative finance. The description references credible academic framing and aligns with the Atlas scope of trading and financial markets. No ratings or web evidence are available, but the publisher credibility and subject matter support at least a KEEP_B classification. No red flags (summary, workbook, hyperbolic claims) are present.",,170,Applications of Computational Intelligence in Data-Driven Trading
176,Managing Investment Portfolios,"John L. Maginn, Donald L. Tuttle, Dennis W. McLeavey, Jerald E. Pinto",metadata_only,KEEP_A,high,medium,keep,ok,5.0,2,google,,"This is the CFA Institute Investment Series volume on portfolio management, co-authored by CFA curriculum luminaries (Maginn, Tuttle, McLeavey, Pinto) and published by Wiley; it is a canonical, widely-cited reference in the investment management profession. The description includes an endorsement from Martin Leibowitz and references Peter Bernstein's foreword, further confirming institutional stature. The Google rating of 5.0 is based on only 2 reviews, so it is weak evidence, but the book's canonical status in CFA and portfolio management education is sufficient for KEEP_A. Highly relevant to Atlas's investing and financial markets scope.",,102,Managing Investment Portfolios
177,Market Microstructure in Emerging and Developed Markets,"H. Kent Baker, Halil Kiymaz",metadata_only,KEEP_B,high,medium,keep,ok,,,none,,"Published by John Wiley & Sons and edited by H. Kent Baker (a prolific, credible finance academic known for CFA Institute-style edited volumes), this book covers market microstructure—price discovery, transaction costs, trading mechanisms—which is directly relevant to trading and financial markets. The description is substantive and academic in tone, with no promotional red flags. No web evidence or ratings are available, but the publisher, author credentials, and topic specificity support a KEEP_B designation.",,171,Market Microstructure in Emerging and Developed Markets
178,C++ High Performance for Financial Systems,Ariel Silahian,metadata_only,KEEP_B,medium,low,keep,ok,,,none,,"Published by Packt in 2024, this book addresses C++ system architecture, low-latency networking, and high-performance trading systems — a specialist niche relevant to quantitative/algorithmic trading practitioners. The technical focus on low-latency strategies and risk management for financial systems is moderately relevant to Atlas's trading/markets scope. No ratings data exists to validate quality, and Packt titles are uneven, but the subject matter is credible and specific enough to warrant keeping pending further review. The 'unlock the secrets' phrasing is a minor concern but does not constitute a hard red flag given the substantive technical description.",'unlock the secrets' phrasing is mildly promotional; no ratings or reviews available; Packt titles vary widely in quality,172,C++ High Performance for Financial Systems
179,Market Microstructure and Algorithmic Trading,Venice Trex,metadata_only,DROP_D,medium,high,drop,ok,,,none,,"The author 'Venice Trex' has no verifiable web presence or academic/industry credentials, and the book is independently published in 2025 with zero ratings or reviews. No web evidence could be found to support quality or credibility. While the topic (market microstructure and algorithmic trading) is highly relevant to Atlas, the complete absence of author credentials, publisher credibility, and any external validation makes this unsuitable for inclusion.",unknown author with no web presence; independently published 2025; no ratings or reviews; no web evidence found; generic description with vague credentials ('solid research and industry know-how'),173,Market Microstructure and Algorithmic Trading
180,The Microstructure of Financial Derivatives Markets,"Brenda González-Hermosillo, Bank of Canada",metadata_only,REVIEW_C,medium,low,review,ok,,,none,,"This appears to be a Bank of Canada working paper or technical publication from 1994 on derivatives market microstructure, a relevant but narrow academic topic. No ratings, reviews, or web evidence are available to assess reception or impact. The author is affiliated with the Bank of Canada, lending some credibility, but without further evidence of influence or citation this cannot be confidently placed above REVIEW_C. A human should verify whether this is a widely cited academic paper or a minor internal report.",no web evidence found; no ratings or reviews; likely a working paper or technical report from 1994,174,The Microstructure of Financial Derivatives Markets
181,High-Frequency Trading,Irene Aldridge,metadata_only,KEEP_A,high,medium,keep,ok,,,none,,"Irene Aldridge is a recognized practitioner-academic authority on high-frequency trading, and this Wiley second edition is widely cited as a canonical reference on HFT theory and practice. The book covers institutional-grade content on market microstructure, algorithmic strategies, and risk management, making it highly relevant to Atlas's trading/markets scope. No web evidence was found, but the author's credentials, reputable publisher, and the book's known standing in the field support KEEP_A status via canonical override.",,175,High-Frequency Trading
182,Market Microstructure,"Frédéric Abergel, Jean-Philippe Bouchaud, Thierry Foucault, Charles-Albert Lehalle, Mathieu Rosenbaum",metadata_only,KEEP_B,high,medium,keep,ok,,,none,,"Published by Wiley with a highly credible author lineup including Jean-Philippe Bouchaud (renowned physicist/quantitative finance researcher), Thierry Foucault (leading microstructure theorist), and Charles-Albert Lehalle (market microstructure practitioner/researcher). The book directly addresses core market microstructure topics—stylized facts, price impact, execution costs, electronic markets liquidity—making it highly relevant for Atlas. No rating data is available, but the institutional backing (Institut Louis Bachelier conference proceedings), publisher, and author credentials strongly support keeping it. The specialist academic nature of the content warrants KEEP_B rather than KEEP_A given the absence of broader canonical recognition.",,176,Market Microstructure
183,The Role of Market-Maker/Dealer Inventories in the Price Formation Process,Evelyn Rill,metadata_only,DROP_D,medium,high,drop,ok,,,none,,"This is an undergraduate bachelor thesis published by GRIN Verlag, a platform known for publishing student papers without meaningful peer review or editorial standards. Despite covering a relevant microstructure topic (market-maker inventories and price formation), the academic and practitioner value of a student thesis from this source is insufficient for a quality knowledge base. No web evidence, citations, or ratings support inclusion.",Bachelor thesis published by GRIN Verlag (a vanity/self-publishing platform for student papers); No ratings or reviews found; No web evidence of recognition or citation; GRIN Verlag specifically aggregates student theses with minimal editorial oversight,177,The Role of Market-Maker/Dealer Inventories in the Price Formation Process
184,Lecture Notes In Market Microstructure And Trading,Peter Joakim Westerholm,metadata_only,KEEP_B,high,medium,keep,ok,,,none,,"Published by World Scientific, a reputable academic publisher, and authored by a Professor of Finance with real trading experience, this book covers market microstructure and trading — highly relevant to Atlas's core domain. The description indicates theoretically rigorous content connecting academic frameworks to practical applications, consistent with a credible specialist text. No ratings data is available, but the author's credentials and publisher quality support keeping it as a specialist resource.",,178,Lecture Notes In Market Microstructure And Trading
185,Encyclopedia of Business Ethics and Society,Robert W. Kolb,metadata_only,REVIEW_C,low,low,review,ok,,,none,,"This is a five-volume reference encyclopedia on business ethics and corporate social responsibility, published by SAGE in 2007. While academically credible (SAGE, Robert Kolb as editor), its subject matter—business ethics, stakeholder theory, corporate social responsibility—is only tangentially related to Atlas's core focus on investing, trading, financial markets, and macro. Encyclopedia format is also poorly suited to book recommendations. Without ratings or web evidence, confidence is low, but relevance concerns alone suggest it does not belong in Atlas.",encyclopedia/reference format not suited to Atlas recommendations; business ethics and society scope largely outside investing/trading/markets/macro; no web evidence or ratings available,179,Encyclopedia of Business Ethics and Society
186,Financial Statement Analysis for Value Investing,"Stephen Penman, Peter F. Pope",metadata_only,KEEP_A,high,medium,keep,ok,,,none,,"Stephen Penman is a highly regarded authority on accounting-based valuation, known for foundational works like 'Accounting for Value' and 'Financial Statement Analysis and Security Valuation'; Columbia University Press is a top-tier academic publisher. The book directly addresses financial statement analysis for value investing, making it highly relevant to Atlas's core scope. Despite no ratings (2025 publication, too new), the author's canonical status and publisher credibility strongly justify KEEP_A via canonical override.",,180,Financial Statement Analysis for Value Investing
187,Financial Statement Analysis,Andrew P. C.,metadata_only,DROP_D,medium,low,drop,ok,,,none,,"No publisher, no verifiable author (listed only as 'Andrew P. C.'), no ratings, and no web evidence exist for this book. The description uses name-dropping of famous investors and promotional language typical of low-credibility self-published titles. Without any corroborating evidence of quality or reputation, this book cannot be confidently retained in the corpus.",unknown publisher; unknown/partial author name; no ratings or reviews found; marketing language invoking Buffett/Einhorn/Chanos to sell book; subtitle 'Blueprint for Investing Success' is promotional/hyperbolic; no web evidence or credible citations found,181,Financial Statement Analysis
188,Investment Analysis and Portfolio Management,"Dr.Girija Nandini, Dr.Pramod Kumar Patjoshi",metadata_only,DROP_D,medium,low,drop,ok,,,none,,"This book is published by an obscure publisher with no web presence and authored by associate professors at a regional Indian university, with zero ratings, no web evidence, and no citations or reading-list mentions. The title is topically relevant to investing and portfolio management, but there is no evidence of quality, reach, or canonical status. Without any corroborating evidence of credibility, this falls below the threshold for inclusion in Atlas.",unknown/obscure publisher (SK Research Group of Companies); no web evidence or ratings found; academic textbook from regional Indian university with no visibility; no manual annotations or citations in Atlas,182,Investment Analysis and Portfolio Management
189,Quantitative Investment Analysis,"Richard A. DeFusco, Dennis W. McLeavey, Jerald E. Pinto, David E. Runkle, Mark J. P. Anson",metadata_only,KEEP_A,high,medium,keep,ok,,,none,,"This is the official CFA Institute curriculum textbook for quantitative methods, published by Wiley and authored by credentialed CFA curriculum contributors. It is a canonical reference in the investment analysis field, widely used in professional training and education. The description confirms strong relevance to statistics, finance, and investment, with structured pedagogical features typical of professional certification materials. No red flags; the lack of rating data is due to missing web evidence, not quality concerns.",,183,Quantitative Investment Analysis
190,Financial Statement Analysis,"Martin S. Fridson, Fernando Alvarez",metadata_only,KEEP_A,high,medium,keep,ok,,,none,,"Martin Fridson is a widely respected authority in fixed income and financial analysis, and this book (now in its 5th edition, 2022) is a canonical text on financial statement analysis used by investment professionals and CFA candidates. Published by Wiley, it covers GAAP/non-GAAP scrutiny, valuation for M&A, and stock evaluation — highly relevant to Atlas's investing/markets scope. The multi-edition longevity and credible authorship justify a KEEP_A canonical override despite the absence of a rating.",,184,Financial Statement Analysis
191,Financial Statement Analysis,"Martin S. Fridson, Fernando Alvarez",metadata_only,KEEP_A,high,medium,keep,ok,,,none,,"Martin Fridson is a highly respected credit analyst and CFA-curriculum contributor; this book is a widely recognized standard text on financial statement analysis used in investment and valuation contexts. Published by Wiley in its 5th edition, it covers GAAP/non-GAAP analysis for equity valuation and M&A, placing it squarely in Atlas's core investing/financial markets scope. The canonical override applies given Fridson's authoritative standing and the book's multi-edition longevity despite no web evidence or ratings captured.",,184,Financial Statement Analysis
193,Financial Reporting and Analysis,Lawrence Revsine,metadata_only,KEEP_B,medium,low,keep,ok,,,none,,"Lawrence Revsine is a respected accounting academic and 'Financial Reporting and Analysis' is a well-known textbook used in CFA and MBA curricula, published by Pearson Prentice Hall. No web evidence or ratings are available, but the title, author credentials, and publisher suggest a credible, substantive work. It is moderately relevant to Atlas as financial statement analysis underpins fundamental investing and equity research. Confidence is low due to absence of ratings or corroborating evidence.",,186,Financial Reporting and Analysis
194,Asian Financial Statement Analysis,"ChinHwee Tan, Thomas R. Robinson",metadata_only,KEEP_B,high,medium,keep,ok,,,none,,"Published by John Wiley & Sons in 2014, this is a specialist title on Asian (particularly Chinese) financial statement analysis and fraud detection — directly relevant to investors evaluating emerging-market equities. Thomas R. Robinson is a credible author with CFA Institute affiliations, lending authority to the work. No ratings data is available, but the publisher, subject matter, and author credentials support retention. The topic of detecting accounting irregularities in Asian markets fills a genuine knowledge gap for investors.",,187,Asian Financial Statement Analysis
195,Investment Analysis & Portfolio Selection,"Herbert E. Phillips, John C. Ritchie",metadata_only,REVIEW_C,medium,low,review,ok,,,none,,"This is a 1983 textbook on investment analysis and portfolio selection from South Western Educational Publishing, which is a credible academic publisher. The topic is directly relevant to Atlas's scope, but the book is quite dated and there is no web evidence, ratings, or citation data to confirm its canonical status or ongoing relevance. Without further evidence of its influence or use on reading lists, a human review is warranted.",no web evidence; 1983 publication may be outdated; no rating data,188,Investment Analysis & Portfolio Selection
196,International Financial Statement Analysis,"Thomas R. Robinson, Hennie van Greuning, CFA, Elaine Henry, Michael A. Broihahn",metadata_only,KEEP_A,high,medium,keep,ok,,,none,,"This is the CFA Institute Investment Series textbook on international financial statement analysis, published by Wiley with CFA-credentialed authors including Thomas Robinson and Hennie van Greuning. It is a foundational, curriculum-grade reference covering accounting mechanics, global financial reporting differences, and securities valuation implications—all highly relevant to financial analysis and investing. The CFA Institute imprimatur and Wiley publishing make this a canonical professional reference despite no available ratings.",,185,International Financial Statement Analysis
197,Financial Statement Analysis and Security Valuation,Stephen Penman,metadata_only,KEEP_A,high,medium,keep,ok,4.0,2,google,,"Stephen Penman is a highly respected Columbia Business School professor and this textbook is considered a canonical graduate-level resource on fundamental analysis and security valuation, widely used in CFA programs and finance curricula. Published by McGraw-Hill/Irwin, it integrates accounting with modern finance theory in a rigorous, practitioner-relevant framework. The very low Google rating count (2) is unreliable for a specialized academic textbook; the book's canonical status in equity valuation education overrides the thin rating evidence. Highly relevant to Atlas's investing and financial markets scope.",,189,Financial Statement Analysis and Security Valuation
198,Fundamental Analysis For Dummies,Matthew Krantz,metadata_only,REVIEW_C,high,low,review,ok,,,none,,"Fundamental Analysis For Dummies by Matthew Krantz (Wiley, 2023) is directly relevant to investing and financial analysis, covering core FA concepts like revenue, expenses, assets, and macroeconomic factors. However, the 'For Dummies' branding signals a beginner-oriented, introductory treatment that typically lacks the depth expected for Atlas's specialist audience. No ratings or web evidence are available to assess reception, and no prior Atlas annotations exist, warranting a human review decision.",'For Dummies' introductory/beginner format; no ratings or reviews available; no web evidence,190,Fundamental Analysis For Dummies
199,Financial and Management Accounting,"Diamond, Hansen",metadata_only,DROP_D,low,high,drop,ok,,,none,,"This is a first-year undergraduate/graduate accounting textbook covering bookkeeping fundamentals, ABC costing, and financial statement basics — not investing, trading, financial markets, or macro. The scope is squarely in introductory managerial and financial accounting education, which falls outside Atlas's domain. No ratings evidence exists, and the 1994 date makes it obsolete even within its own field.",introductory textbook for first-year accounting course; no ratings or reviews found; 1994 publication with dated content; accounting/bookkeeping focus outside Atlas investing/trading/markets/macro scope,191,Financial and Management Accounting
200,High-Performance Algorithmic Trading Using AI,Melick R. Baranasooriya,metadata_only,DROP_D,medium,medium,drop,ok,,,none,,"The description explicitly targets beginners and experienced professionals alike with a broad survey of AI/ML trading topics, signaling a general introductory text rather than a rigorous specialist work. BPB Publications is a low-prestige publisher with little standing in the finance/quant community. The author has no verifiable reputation in algorithmic trading, and there is no web evidence of citations, reading-list mentions, or community recognition. With no ratings, no web presence, and multiple quality concerns, this does not meet Atlas standards.",'for beginners' signal in description; unknown/unverified author; BPB Publications is a low-prestige technical publisher; no ratings or reviews found; no web evidence of credibility or recognition,192,High-Performance Algorithmic Trading Using AI
201,Professional Automated Trading,Eugene A. Durenard,metadata_only,KEEP_B,high,low,keep,ok,,,none,,"Published by John Wiley & Sons in 2013, this book addresses professional automated/algorithmic trading with a technical focus on artificial life and control theory applied to trading systems — directly relevant to Atlas's scope. The author, Eugene Durenard, appears to have practitioner experience in proprietary trading. No rating data is available, but the publisher credibility, technical depth signaled in the description, and absence of red flags support a KEEP_B designation pending further evidence.",,193,Professional Automated Trading
202,The Evolution of On-Chain Trading,Dwayne Anderson,metadata_only,DROP_D,medium,high,drop,ok,,,none,,"Estalontech is a known producer of low-quality, often PLR (private label rights) digital content, and the author Dwayne Anderson has no verifiable credibility in the crypto or trading space. No ratings, reviews, or web evidence exist to support the book's quality. The description contains wealth-building hype language typical of low-quality content, and the combination of unknown author, suspect publisher, and zero web presence strongly indicates a DROP_D.",unknown publisher (Estalontech); unknown author with no web presence; no ratings or reviews; description contains 'build long-term wealth' hype language; 2025 publication with zero web evidence suggests low-quality or self-published,194,The Evolution of On-Chain Trading
203,Treasury Bond Futures and Options,"Owain Johnson, Eric Leininger, Jonathan Kronstein, Agha Mirza",metadata_only,KEEP_B,high,low,keep,ok,,,none,,"This is a forthcoming Taylor & Francis title focused specifically on U.S. Treasury futures and options markets — highly relevant to Atlas's investing, trading, and financial markets scope. The authors appear to be practitioners or academics in fixed income derivatives, and the publisher is credible. Described as 'the first standard reference' on the topic, which if accurate would make it a valuable specialist addition, but without web evidence or ratings confidence is low.","2026 publication date (future/forthcoming, no ratings yet); no web evidence or reviews available",195,Treasury Bond Futures and Options
204,Breaking the Black Box,Martin J. Pring,metadata_only,KEEP_B,medium,low,keep,ok,,,none,,"Martin J. Pring is a well-credentialed and widely respected technical analysis author (known for works like 'Technical Analysis Explained'), and McGraw Hill Professional is a credible publisher, lending baseline credibility. However, the description suggests this may be a software package or interactive CD-ROM product rather than a conventional book, which raises questions about its standalone educational value for Atlas. With no ratings, no web evidence, and an ambiguous product description, confidence is low; a human review is warranted to confirm format and content before keeping.",vague/minimal description suggests software/CD-ROM companion product rather than standalone book; no ratings or web evidence available,196,Breaking the Black Box
205,All About Technical Analysis,Constance M. Brown,metadata_only,KEEP_B,high,low,keep,ok,,,none,,"Constance M. Brown is a credible technical analysis author known for works like 'Technical Analysis for the Trading Professional,' and McGraw-Hill is a reputable publisher. This is an introductory-level book in the 'All About' series, which limits its depth compared to Brown's more advanced works, but it is still a legitimate technical analysis resource from a recognized practitioner. No ratings data is available to confirm reception, so confidence remains low, but the author's credentials and publisher support a KEEP_B designation.",'All About' series branding suggests introductory/beginner level; no ratings data available; no web evidence,197,All About Technical Analysis
206,Secrets of the SOES Bandit,"Harvey I. Houtkin, David Waldman",metadata_only,REVIEW_C,medium,low,review,ok,,,none,,"Houtkin was a genuine pioneer of SOES/direct-access trading in the late 1990s and McGraw-Hill is a credible publisher, giving the book some historical legitimacy. However, SOES was discontinued in 2001, making the specific techniques largely obsolete, and the 'Secrets' framing is a mild red flag. Without ratings data or web evidence confirming ongoing readership or canonical status, this sits in uncertain territory requiring a human call on historical vs. practical value.","'Secrets' in title triggers soft red flag; 1999 vintage — SOES (Small Order Execution System) abolished in 2001, severely limiting contemporary relevance; No ratings or reviews found",198,Secrets of the SOES Bandit
207,Currency Kings: How Billionaire Traders Made their Fortune Trading Forex and How You Can Too,Ben Robson,metadata_only,REVIEW_C,high,low,review,ok,,,none,,"Published by McGraw Hill Professional (credible publisher) and focused on forex trading with apparent case-study structure of billionaire traders, giving it some relevance and legitimacy. However, the subtitle 'How You Can Too' and promotional description language raise mild red flags typical of retail-targeted trading books. With no ratings, reviews, or web evidence available, there is insufficient data to confidently place this above REVIEW_C; a human reviewer should assess whether the content is substantive or primarily aspirational.",subtitle contains 'How You Can Too' pattern suggestive of aspirational/retail pitch; no ratings or web evidence available; description language leans promotional,199,Currency Kings: How Billionaire Traders Made their Fortune Trading Forex and How You Can Too
208,The Trading Systems Toolkit,Joe Krutsinger,metadata_only,KEEP_B,high,low,keep,ok,,,none,,"Published by McGraw Hill Professional in 1994, this is a specialist trading systems book covering construction, testing, and application of stock and futures systems — directly relevant to Atlas's scope. Joe Krutsinger is a known trading systems author from the 1990s era, and McGraw Hill is a credible publisher. Without ratings or web evidence, confidence is low, but the title, publisher, and description suggest legitimate specialist content warranting a KEEP_B pending further review.",no web evidence; no ratings available; 1994 publication may be dated,200,The Trading Systems Toolkit
209,Mastering Futures Trading,Bo Yoder,metadata_only,KEEP_B,high,low,keep,ok,,,none,,"Published by McGraw Hill Professional in 2004, this is a credible specialist text on futures trading strategy by Bo Yoder, covering trend identification and directional bias — directly relevant to Atlas's trading/markets scope. No ratings data is available and web evidence is absent, but the publisher and topic are solid indicators of reasonable quality. No red flags such as summary/workbook or hyperbolic claims are present. Assigned KEEP_B with low confidence pending further evidence.",,201,Mastering Futures Trading
210,International Directory of Company Histories,"Tina Grant, Thomas Derdak",metadata_only,DROP_D,low,medium,drop,ok,,,none,,"This is a multi-volume corporate history reference directory, not a book about investing, trading, financial markets, or macroeconomics. While it may have peripheral utility for business research, it is a library reference work rather than an educational or analytical text in Atlas's scope. The format (encyclopedia/directory) is not appropriate for a book recommender platform.",reference directory / encyclopedia format; not focused on investing/trading/markets/macro; multi-volume reference work not suited for Atlas book recommender,202,International Directory of Company Histories
211,Algorithmic FX & Currency Trading with Python,"Vincent Bisette, James Preston",metadata_only,DROP_D,medium,low,drop,ok,,,none,,"This book has no web evidence, no ratings, and is published by an independent/self-publisher with no established reputation. The authors (Vincent Bisette, James Preston) have no verifiable track record or credibility signals found. The 2026 date suggests it is either not yet published or very newly released with zero community validation. Without any evidence of quality, canonical status, or community recognition, this cannot be kept in Atlas.","Independently published with no web presence or reviews; Year listed as 2026 (future-dated, not yet published or very new); Unknown authors with no verifiable credentials found; No ratings, no citations, no reading-list mentions; Publisher listed as 'Independently Published' / 'Reactive Publishing' — low credibility signal",203,Algorithmic FX & Currency Trading with Python
212,Zero-Fee Illusion,Ada T. Thornhill,metadata_only,REVIEW_C,high,low,review,ok,,,none,,"The topic — Payment for Order Flow, zero-commission brokerages, and retail investor exploitation by HFT firms — is highly relevant to Atlas's investing/markets scope. However, Ada T. Thornhill has no verifiable web presence, epubli is a self-publishing platform with minimal editorial standards, and the 2026 publication date raises questions about the book's existence or legitimacy. With zero ratings, no reviews, and no web evidence, this cannot be confidently kept or dropped without human review.",unknown author with no web presence; published by epubli (self-publishing platform); publication year 2026 (future/unverified); no ratings or reviews found; no web evidence available,204,Zero-Fee Illusion
213,Strategic Trading in Illiquid Markets,Burkart Mönch,metadata_only,REVIEW_C,medium,low,review,ok,,,none,,"This appears to be a published doctoral thesis on market microstructure and illiquid markets trading strategies, published by Springer in 2005. The topic is relevant to trading and financial markets, and Springer is a credible academic publisher. However, with no ratings, no web evidence, and thesis-format origins, it is a narrow specialist work with uncertain impact; a human reviewer should assess whether it adds unique value to Atlas's catalog.",thesis/academic dissertation format; no web evidence found; no ratings or reviews available; narrow specialist topic,205,Strategic Trading in Illiquid Markets
214,The Structural Trading Constitution,Donovan Sandifer,metadata_only,DROP_D,medium,low,drop,ok,,,none,,"No web evidence, no ratings, and no verifiable track record for the author or publisher. The book is independently published with a future publication date of 2026, raising authenticity concerns. While the topic (liquidity, institutional participation, market structure) is relevant to trading, the lack of any corroborating evidence of quality or credibility makes this insufficient for inclusion without further review.",independently published; unknown author with no web presence; publication year 2026 (future/unverified); no ratings or reviews; no web evidence found; description reads as self-promotional doctrine,206,The Structural Trading Constitution
215,The Liquidity Blueprint,Ishan Saraf,metadata_only,DROP_D,medium,high,drop,ok,,,none,,"This book has no web presence, no ratings, an unknown author, and a vanity/unknown publisher. The description is laden with hyperbolic marketing language and retail-vs-institutional tropes common in low-quality trading content. The terminology (Judas Swing) is associated with derivative ICT/SMC content that is widely considered low-credibility in professional trading circles. No evidence of canonical status, credible authorship, or community recognition exists.","Unknown author with no web presence or verifiable credentials; Unknown/vanity publisher (Writer's Pocket); No ratings or reviews found anywhere; Description uses hyperbolic marketing language ('masterclass', 'professional-grade strategies', 'dismantles illusions'); 2025 publication with zero web evidence or community discussion; Retail vs. smart money / institutional framing is a common low-quality trading book trope; 'Judas Swing' terminology associated with low-quality ICT-derivative content",207,The Liquidity Blueprint
216,"The Hidden Cost Trap: Uncovering Fees, Spreads, and Slippage—and the Simple Strategies to Keep More of Your Money",Quentin Ashbourne,metadata_only,DROP_D,medium,high,drop,ok,,,none,,"The book is explicitly marketed as a 'beginner's guide' and published by BookRix, a self-publishing platform with minimal editorial standards. The author Quentin Ashbourne has no discernible web presence or credibility signals, and there are zero ratings or reviews anywhere. The description and framing trigger the hard red-flag rule for beginner-targeted content from an unverified author on a vanity press.",explicitly labeled beginner's guide; unknown author with no web presence; published by BookRix (self-publishing/vanity platform); no ratings or reviews found; 2025 publication with zero web evidence,208,"The Hidden Cost Trap: Uncovering Fees, Spreads, and Slippage—and the Simple Strategies to Keep More of Your Money"
217,Market Microstructure & High-Frequency Trading,"Hayden Van Der Post, James Preston",metadata_only,DROP_D,medium,high,drop,ok,,,none,,"The author names Hayden Van Der Post and James Preston are associated with 'Reactive Publishing,' a known AI-generated content operation producing high volumes of low-quality independently published finance books. No web evidence, reviews, or credible citations exist for this title. Despite the relevant topic (market microstructure, HFT), the provenance and publisher strongly indicate a low-quality, algorithmically generated work that should not be included in Atlas.","Independently published with no verifiable author credentials; Published 2025 with no web presence or reviews; 'Reactive Publishing' imprint associated with low-quality AI-generated content mills; Hayden Van Der Post / James Preston are pen names linked to prolific AI-generated book series; Step-by-step guide / practitioner framing with no cited expertise; No web evidence, citations, or reading-list mentions",209,Market Microstructure & High-Frequency Trading
218,Architecting AI Forex Trading Systems,Konstantin Titov,metadata_only,REVIEW_C,high,low,review,ok,,,none,,"The book is topically relevant to Atlas (AI-driven forex/trading systems) and the description avoids overt 'get rich' or shortcuts language, explicitly disclaiming 'magic algorithms.' However, it is independently published, attributed to an unknown author (Konstantin Titov) with no verifiable web presence, and dated 2026 with zero ratings or reviews, making quality assessment impossible from available evidence. A human review is warranted before inclusion.",independently published; year 2026 (future/not yet released); unknown author with no web presence found; no ratings or reviews available,210,Architecting AI Forex Trading Systems
219,Reinforcement Learning for Live Market Execution,Sterling Whitmore,metadata_only,REVIEW_C,high,low,review,ok,,,none,,"The topic — reinforcement learning applied to live market execution and algorithmic trading — is highly relevant to Atlas's scope and the description sounds technically oriented rather than pop-finance. However, the author 'Sterling Whitmore' has no verifiable web presence, the book is independently published in 2025 with zero reviews or citations found, and no external evidence supports quality claims. Without corroborating evidence of author credentials or reader reception, this requires human review before inclusion.",independently published; unknown author with no verifiable credentials; 2025 publication with no web presence or reviews; no rating data available,211,Reinforcement Learning for Live Market Execution
220,Execution Intelligence,James Preston,metadata_only,REVIEW_C,high,low,review,ok,,,none,,"The topic—execution quality, order routing, and algorithmic order engines for retail traders—is highly relevant to Atlas's trading/markets scope. However, the book is independently published in 2025 by an unknown author (James Preston) with zero web presence, no ratings, and no community validation. The description is substantive and not obviously a summary/workbook, but without any corroborating evidence of credibility, a human review is warranted before inclusion.",independently published; 2025 publication with no web evidence; unknown author; no ratings or reviews found,212,Execution Intelligence
221,Nonlinear Risk Systems,James Preston,metadata_only,REVIEW_C,high,low,review,ok,,,none,,"The topic — nonlinear risk, tail events, convexity, regime shifts, feedback loops — is highly relevant to Atlas's investing and financial markets scope, and the description reads as substantive and practitioner-oriented rather than superficial. However, the author James Preston is unknown with no verifiable credentials found, the publisher is independent, the book is dated 2026 suggesting it is not yet published, and there is zero web evidence or rating data to corroborate quality. A human review is warranted before inclusion.",independently published; year 2026 (future/pre-release); unknown author with no web presence found; no ratings or reviews available,213,Nonlinear Risk Systems
222,Trading and Investing for Beginners,Rubén Villahermosa,metadata_only,DROP_D,medium,high,drop,ok,,,none,,"The title explicitly contains 'for beginners', triggering the hard red-flag rule for DROP_D. The book is self-published with no verifiable ratings or reviews, and the description uses beginner/introductory framing with no evidence of canonical status or credible endorsements. No override conditions are met.",'for beginners' in title; self-published; no ratings or reviews found; description uses 'learn from scratch' beginner framing; self-promotional 'Amazon bestseller' claim in description,214,Trading and Investing for Beginners
223,Financial Market Liberalization,Olin Lewis Wethington,metadata_only,REVIEW_C,medium,low,review,ok,,,none,,"Published by McGraw-Hill in 1994, this title on financial market liberalization is potentially relevant to macro and financial markets but no web evidence, ratings, or description exist to confirm quality or scope. The author Olin Lewis Wethington is not widely recognized in standard financial literature based on available metadata. Without additional evidence, a human review is warranted before inclusion.",no web evidence; no ratings or reviews found; no description available; 1994 publication may be dated,215,Financial Market Liberalization
224,Protecting Shareholder Value,Abraham M. George,metadata_only,REVIEW_C,medium,low,review,ok,,,none,,"The book covers corporate financial market risk, hedging, and exposure management from a practitioner's perspective, which is moderately relevant to Atlas's investing/markets scope. However, there is no publisher, no ratings, no web evidence, and no manual annotations to establish credibility or canonical status. The 1996 date and absence of any corroborating evidence make this a borderline case requiring human review.",no publisher listed; no ratings or reviews found; 1996 publication may be outdated for market risk coverage; no web evidence to verify credibility,216,Protecting Shareholder Value
225,Towards Harmonious Society,Alfred Aisedionlen,metadata_only,DROP_D,low,high,drop,ok,,,none,,"The title 'Towards Harmonious Society' signals a social or political philosophy work with no apparent connection to investing, trading, financial markets, or macro. There is no publisher, no ratings, no web evidence, and no description to suggest otherwise. This book has no relevance to Atlas's scope and no quality signals to justify retention.","no publisher; no ratings or reviews; no web evidence; title suggests social/political philosophy, not investing or financial markets; 1989 obscure publication with no traceable footprint",217,Towards Harmonious Society
226,Impact of the COVID-19 Pandemic on Trade and Development,United Nations Publications,metadata_only,REVIEW_C,medium,low,review,ok,,,none,,"This is a United Nations institutional report on COVID-19's impact on trade and development, which has tangential relevance to macro and trade topics within Atlas's scope but is primarily a policy document rather than an investing or trading resource. No ratings or web evidence are available to assess quality or reception. The UN is a credible publisher for macro/trade data, but the report's policy-recommendation framing and development focus make it a weak fit for Atlas's core audience of investors and traders.",no web evidence; no rating data; government/UN institutional report rather than investment/trading-focused book,218,Impact of the COVID-19 Pandemic on Trade and Development
227,"American Book Publishing Record Cumulative, 1876-1949",R.R. Bowker Company. Department of Bibliography,metadata_only,DROP_D,low,high,drop,ok,,,none,,"This is a bibliographic reference catalog (R.R. Bowker's cumulative book publishing record) covering titles published between 1876 and 1949. It has no relevance to investing, trading, financial markets, or macroeconomics. It is a library reference tool, not a substantive work in Atlas's domain.","bibliographic reference catalog, not a book about investing or financial markets; no relevance to Atlas scope",219,"American Book Publishing Record Cumulative, 1876-1949"
228,Basics of Multilateral Institutions and Multinational Organizations,G. Gregory Letterman,metadata_only,DROP_D,low,medium,drop,ok,,,none,,"This appears to be a legal reference directory cataloguing multilateral institutions for international law practitioners, not an investing, trading, or macro-focused work. The description focuses on organizational identification rather than financial analysis or market insight. No ratings, reviews, or credible reading-list mentions exist to override the low relevance assessment. The book falls outside Atlas's core scope and lacks the quality signals needed for inclusion.",reference/directory format rather than investing/trading insight; no ratings or reviews found; 2002 publication likely outdated; publisher appears self-titled/niche legal reference series; tangential to core investing/trading/markets/macro scope,220,Basics of Multilateral Institutions and Multinational Organizations
229,Monetary Policy in the Countries of the European Economic Community,European Economic Community. Monetary Committee,metadata_only,DROP_D,low,medium,drop,ok,,,none,,"This is a 1974 European Economic Community Monetary Committee institutional report on monetary policy, likely a dry policy/regulatory document rather than an investing or trading reference. No web evidence, ratings, or reviews exist to establish reputation or readership. Given its age, institutional nature, and narrow scope as an EEC policy document, it holds little relevance for Atlas's investing, trading, and financial markets audience.",1974 institutional report; no ratings or reviews; narrow historical/policy document; low general relevance for investing/trading audience,221,Monetary Policy in the Countries of the European Economic Community
230,European Monetary Union,Georges Caravelis,metadata_only,REVIEW_C,medium,low,review,ok,,,none,,"This 1994 academic study on European Monetary Union is topically relevant to macro/financial markets but has no publisher, no ratings, and no web evidence to assess quality or reputation. The author Georges Caravelis is unknown and the book predates EMU's actual implementation, limiting its current relevance. Without any corroborating evidence of quality or canonical status, a human review is warranted before keeping or dropping.",no publisher listed; no ratings or reviews found; obscure author with no web presence; 1994 publication may be outdated for EMU analysis,222,European Monetary Union
231,Value Investing: A Guide for Individual Investors,Miguel A. Muñoz,metadata_only,DROP_D,medium,high,drop,ok,,,none,,"This is a self-published book with no ratings, no reviews, and no web evidence of credibility or adoption. The description is generic, leaning on Graham and Buffett name-drops without demonstrating original scholarship or practitioner authority. The self-publishing model combined with zero discoverability and beginner-oriented framing places this firmly in DROP_D territory.",self-published (author as publisher); no ratings or reviews found; no web presence or evidence; 'for individual investors' beginner framing; generic description heavily name-dropping Graham/Buffett without original credential signals,223,Value Investing: A Guide for Individual Investors
232,"Value Investing Essentials: Principles, Strategies, and Insights",Abhishek Parihar,metadata_only,DROP_D,medium,high,drop,ok,,,none,,"This is a self-published book by an unknown author with no external ratings, reviews, or web presence. The description uses self-promotional language ('renowned coach') without verifiable credentials, and the title/framing ('Essentials,' 'comprehensive guide') signals a generic introductory work. No evidence of canonical status, credible publisher, or meaningful readership to override the weak provenance.",self-published (author as publisher); no web evidence or ratings; generic title with 'Essentials' and 'for beginners' framing; unknown author with self-promotional 'renowned coach' claim; 2024 with zero Atlas annotations or external recognition,224,"Value Investing Essentials: Principles, Strategies, and Insights"
233,Stock Market Investing Course,Brian Smith,metadata_only,DROP_D,medium,high,drop,ok,,,none,,"This book is explicitly framed as a beginner 'course' with a generic, unknown author and a placeholder publisher, all strong signals of low-quality self-published content. No ratings, reviews, or web evidence exist to override these concerns. The description covers only basic introductory material with no indication of canonical status or specialist credibility. Hard red-flag rule applies due to 'course' framing and 'for beginners' targeting.",titled as a 'course'; explicitly targets beginners; unknown author with no web presence; placeholder publisher ('THE PUBLISHER'); no ratings or reviews found; no year of publication,225,Stock Market Investing Course
234,Mastering Stock Market Investing: From History to Strategy,HECTOR J. M,metadata_only,DROP_D,medium,high,drop,ok,,,none,,"Published by the author themselves ('HECTOR J. M'), with no web presence, no ratings, and no reviews found anywhere. The title and description are generic and formulaic, targeting both novice and experienced investors with standard stock market topics, showing no unique expertise or authoritative perspective. The absence of any credibility signals — no publisher, no reviews, no citations — makes this a clear drop.",self-published by unknown author; no ratings or reviews found; generic 'mastering' title targeting 'novice and experienced investors'; no web presence or credibility signals; 2024 unknown author with no track record,226,Mastering Stock Market Investing: From History to Strategy
235,Fundamentals of Investment Management,"Geoffrey A. Hirt, Stanley B. Block",metadata_only,REVIEW_C,high,low,review,ok,,,none,,"This is a comprehensive investment management textbook by Hirt and Block covering equities, bonds, options, technical analysis, and financial statement analysis — highly relevant to Atlas's scope. Published in 1990 by Irwin Professional Publishing, it is likely a solid academic text, but it is dated and there is no web evidence or ratings to confirm its current standing or reputation. Given the metadata-only basis and age, a human review is warranted to determine if it merits inclusion over more modern alternatives.",dated (1990); no web evidence found; no ratings available; textbook format may limit practical trading/investing depth,227,Fundamentals of Investment Management
236,Fundamentals of Investments,"Gordon J. Alexander, William F. Sharpe, Jeffery V. Bailey",metadata_only,KEEP_B,high,medium,keep,ok,,,none,,"Co-authored by William F. Sharpe (Nobel laureate, creator of the Sharpe ratio), this is a credible academic investments textbook with strong foundational relevance to investing and financial markets. The 1993 edition is older but the authorship lends it canonical weight as an introductory investments text. No web evidence or ratings are available, but the author credentials and subject matter (securities analysis, institutional features, investment theory) are directly relevant to Atlas's scope.",,228,Fundamentals of Investments
237,Investing in the Nigerian Capital Market,Suleiman Akwu-Odo Salihu Aruwa,metadata_only,REVIEW_C,medium,low,review,ok,,,none,,"This 2007 book focuses on the Nigerian capital market, which is relevant to investing/financial markets but in a narrow regional context. There is no publisher information, no ratings, no web evidence, and no manual annotations in Atlas, making quality assessment very difficult. Given the lack of any corroborating evidence of credibility or wide recognition, a human review is warranted before keeping or dropping.",no publisher listed; no web evidence found; no ratings or reviews; narrow regional focus (Nigerian capital market),229,Investing in the Nigerian Capital Market
238,Valuing Financial Institutions,Z. Christopher Mercer,metadata_only,KEEP_B,high,low,keep,ok,,,none,,"Published by McGraw-Hill Professional Publishing, a credible academic/professional publisher, and authored by Z. Christopher Mercer, a recognized practitioner in business valuation. The title is directly relevant to financial institutions valuation, a specialized but important topic within investing and financial markets. The 1991 date makes it older but potentially foundational in its niche; without ratings or web evidence, confidence remains low but metadata supports a KEEP_B designation.",no web evidence found; older publication (1991); no ratings available,230,Valuing Financial Institutions
239,Electronic Swing Trading for Maximum Profit,Misha T. Sarkovich,metadata_only,DROP_D,medium,medium,drop,ok,,,none,,"Published in 2000 by Prima Lifestyles (a general trade publisher), this book has no ratings, no web presence, and no evidence of canonical status. The title's 'Maximum Profit' framing and the description's promotional language ('simple steps', 'trade like pros') trigger soft red flags. The electronic trading landscape has changed so dramatically since 2000 that the content would be largely obsolete, and there is no evidence this was a standout work even in its era.",'for maximum profit' hyperbolic framing; no web evidence or ratings found; 2000 publication date makes electronic trading content outdated; unknown/unverifiable author credentials; description uses 'simple steps' and 'increase profit' promotional language,231,Electronic Swing Trading for Maximum Profit
240,Practical Investment Management,Robert A. Strong,metadata_only,REVIEW_C,medium,low,review,ok,5.0,1,google,,"This is an introductory investments textbook from South-Western (a credible academic publisher) by Robert A. Strong, covering standard investment management topics with CFA-level depth. However, the single 5.0 Google rating provides no meaningful quality signal, no web evidence was found, and the 2001 publication date raises currency concerns. The textbook framing and beginner audience limit its relevance for Atlas's practitioner-focused investing corpus, warranting human review.","rating based on single review, statistically meaningless; introductory textbook aimed at first-time investment students; no web evidence or citations found; 2001 publication may be outdated",232,Practical Investment Management
241,Active Asset Allocation,"Walter R. Good, Jack R. Meyer",metadata_only,KEEP_B,high,low,keep,ok,,,none,,"Published by McGraw-Hill in 1993, this is a professional-level text on asset allocation and portfolio management combining passive and active strategies — squarely within Atlas's investing/markets scope. Jack R. Meyer was a well-regarded institutional investor (Harvard Management Company), lending credibility to the authorship. No ratings or web evidence are available, but the publisher, professional audience framing, and subject matter support KEEP_B over a drop. The 1993 date means some content may be dated, but foundational asset allocation concepts retain relevance.",no ratings or reviews found; older publication (1993); no web evidence,233,Active Asset Allocation
242,Investing with Exchange-Traded Funds Made Easy,Marvin Appel,metadata_only,REVIEW_C,medium,low,review,ok,3.0,1,google,,"Published by a credible imprint (FT/Prentice Hall) with a domain-relevant author (Marvin Appel), but the 'Made Easy' framing, promotional 'will make you money' blurb, and introductory scope push toward a borderline drop. The single Google rating of 3.0 is essentially meaningless, and no web evidence exists to confirm broader reception or canonical status. Given uncertainty, a human review is warranted rather than an outright drop.",'Made Easy' title signals introductory/beginner framing; promotional blurb with 'will make you money' claim; only 1 rating with low score; no web evidence found; dated (2007),234,Investing with Exchange-Traded Funds Made Easy
243,Value Investing Today,Charles H. Brandes,metadata_only,KEEP_B,high,medium,keep,ok,,,none,,"Charles H. Brandes is a respected institutional value investor who founded Brandes Investment Partners and studied directly under Benjamin Graham. This book is a credible practitioner's guide to value investing, published by a reputable professional publisher, and the third edition signals sustained market demand. While no ratings data is available, the author's credentials and topic alignment with core Atlas themes (value investing, equities, Graham/Buffett tradition) support retention.",,235,Value Investing Today
244,Investment Banking and Investment Opportunities in China,K. Thomas Liaw,metadata_only,KEEP_B,medium,low,keep,ok,,,none,,"Published by John Wiley & Sons, a credible academic/professional publisher, and authored by K. Thomas Liaw, a finance professor with other published works in banking. The book covers investment banking and investment opportunities in China, which is relevant to financial markets and macro but is a specialist/regional focus. The 2007 publication date limits its practical utility given China's dramatic market evolution since then, but it may retain historical or structural value as a reference.",no web evidence found; no ratings available; dated (2007) for a rapidly evolving market,236,Investment Banking and Investment Opportunities in China
245,Finance and Investment Handbook,"John Downes, Jordan Elliot Goodman",metadata_only,KEEP_B,high,medium,keep,ok,,,none,,"Published by Barron's Educational Series, a credible financial publisher, and authored by John Downes and Jordan Goodman, who are well-regarded financial reference writers. The book is a comprehensive finance and investment reference/dictionary covering 5,000+ terms, investment opportunities, and corporate report analysis, making it highly relevant to Atlas's scope. Despite no web evidence or ratings, the cited praise from USA Today and Oakland Tribune, combined with the publisher's reputation and multiple updated editions, supports KEEP_B status as a credible specialist reference. No red flags for summary/workbook or hyperbolic claims.",,237,Finance and Investment Handbook
246,The Intelligent Guide to Stock Market Investment,"Kevin Keasey, Robert Hudson, Kevin Littler",metadata_only,REVIEW_C,high,low,review,ok,,,none,,"Published by John Wiley & Sons and authored by a team of financial researchers, this book appears credible and relevant to stock market investment. However, with no ratings, no web evidence, and a 1998 publication date, it is difficult to assess its current standing or impact. The description suggests a balanced, academic-practitioner approach that avoids simplistic formulas, which is a positive signal, but without corroborating evidence a human review is warranted.",1998 publication date makes content potentially outdated; no web evidence found; no ratings or reviews available,238,The Intelligent Guide to Stock Market Investment
247,Value Investing with the Masters,Kirk Kazanjian,metadata_only,KEEP_B,high,low,keep,ok,,,none,,"Published by a credible publisher (Prentice Hall Press) in 2002, this book presents interviews with 20 value-investing managers, a format with a strong tradition in the genre (similar to 'The Market Wizards' series). Kirk Kazanjian is a recognized investment author with multiple books on similar topics. No ratings data is available, but the subject matter is directly relevant to Atlas's core investing/value-investing coverage and shows no red flags of low quality or spam.",,239,Value Investing with the Masters
248,"Financial Institutions, Investments, and Management",Herbert B. Mayo,metadata_only,DROP_D,medium,medium,drop,ok,,,none,,"This is an introductory survey textbook explicitly designed for beginning students with no finance background, which falls outside Atlas's target of canonical/specialist investing and markets books. The description emphasizes beginner accessibility and cost competitiveness rather than depth or original insight. No ratings, reviews, or web evidence exist to support canonical status, and the 2001 publication date limits current relevance.",introductory textbook for beginners; minimal background assumed; no web evidence or ratings; dated (2001); purely educational survey text,240,"Financial Institutions, Investments, and Management"
249,"Investing with the Insiders, Legally","Aaron B. Feigen, Donald James Christensen",metadata_only,REVIEW_C,medium,low,review,ok,,,none,,"Published by Simon & Schuster in 1988, which lends some credibility, but there is no ratings data, no web evidence, and no description to evaluate content quality. The title suggests relevance to insider trading and legal investment strategies, which is within Atlas's scope, but the age of the book and lack of any corroborating evidence make a confident tier assignment impossible. A human review is warranted to determine whether this has lasting value or has been superseded.",no web evidence found; no ratings data; 1988 publication may be dated,241,"Investing with the Insiders, Legally"
250,The Psychology of Electronic Trading,Brendon C. W. Seeto,metadata_only,REVIEW_C,medium,low,review,ok,,,none,,"No web evidence, no publisher information, and no ratings are available for this book, making quality assessment highly uncertain. The topic — psychology of electronic trading — is relevant to Atlas's scope, but the author Brendon C. W. Seeto appears to have little to no established reputation in the field. Given the lack of any corroborating evidence of credibility or readership, a human review is warranted before inclusion.",unknown publisher; no ratings or reviews found; obscure author with no web presence; dated (2004) — electronic trading landscape has changed substantially,242,The Psychology of Electronic Trading
251,British Financial Markets and Institutions,"Jenifer Piesse, K. V. Peasnell, Charles W. R. Ward",metadata_only,REVIEW_C,medium,low,review,ok,5.0,1,google,,"Published in 1995 by a credible academic publisher (FT/Prentice Hall) with respectable authors, this is a legitimate academic textbook covering British financial markets and institutions. However, it is nearly 30 years old, making much of its institutional and regulatory content obsolete, and the single 5-star Google rating provides no meaningful quality signal. Its textbook/introductory nature and significant age make it borderline for Atlas's needs, warranting human review.",single rating — statistically meaningless; 1995 publication — significantly dated; introductory/textbook format; no web evidence found,243,British Financial Markets and Institutions
252,Fundamentals of Investment,Samuel O. Rice,metadata_only,REVIEW_C,medium,low,review,ok,,,none,,"This is a 1925 investment fundamentals text by Samuel O. Rice with no publisher, no ratings, no web evidence, and no existing annotations. The historical date and unknown author make it impossible to assess canonical status or quality. Without further evidence of the author's credentials or the book's influence, a human review is warranted before inclusion.",no publisher listed; no web evidence; 1925 publication date may limit practical relevance; unknown author,244,Fundamentals of Investment
253,The Pension Plan Investor,Daniel M. Kehrer,metadata_only,REVIEW_C,medium,low,review,ok,,,none,,"Published by Irwin Professional Publishing (a credible financial publisher) in 1991, this book targets pension plan investing which is relevant to the investing/financial markets scope. However, with no ratings, no web evidence, no description, and a 30+ year-old publication date (pension rules have changed substantially), there is insufficient evidence to confidently place it. A human reviewer should assess whether the content remains relevant or has been superseded.",1991 publication may be outdated for pension regulations; no web evidence found; no ratings available,245,The Pension Plan Investor
254,Technical Analysis of the Futures Markets,John J. Murphy,metadata_only,KEEP_A,high,high,keep,ok,,,none,,"John J. Murphy is one of the most respected authorities in technical analysis, and this 1986 book is a foundational text in the field — essentially the precursor to his landmark 'Technical Analysis of the Financial Markets.' Published by Prentice Hall Press and covering futures markets specifically, it is widely cited on trading and technical analysis reading lists. Canonical override applies: the author's credibility and the book's foundational status are well established despite the absence of ratings data.",,246,Technical Analysis of the Futures Markets
255,Technical Analysis Of Stock Market For Beginners,Stock Market Guru,metadata_only,DROP_D,medium,high,drop,ok,,,none,,"This book triggers multiple hard red flags: the 'For Beginners' suffix, an anonymous author/publisher named 'Stock Market Guru,' no publication year, and no ratings or web presence. The description appears to be lifted wholesale from John Murphy's 'Technical Analysis of the Financial Markets,' strongly suggesting this is a low-quality derivative or plagiarized work. There is no credible evidence to override a DROP_D classification.","'For Beginners' in title triggers hard red-flag rule; Author and publisher both listed as 'Stock Market Guru' — anonymous/spammy identity; No publication year, no web evidence, no ratings; Description appears to be plagiarized/copied from John Murphy's canonical technical analysis book; No credible publisher",247,Technical Analysis Of Stock Market For Beginners
256,The Day Trader's Manual,William F. Eng,metadata_only,KEEP_B,high,low,keep,ok,,,none,,"William F. Eng is a credible technical analyst and author (also wrote 'The Technical Analysis of Stocks, Options & Futures'), and this 1993 Wiley-era book covers systematic day-trading frameworks for futures, options, and equities — directly within Atlas scope. No ratings data available, but the description is substantive and professional, with no red flags of low-quality content. Without web evidence or ratings, confidence is low, but the author's track record and publisher context support keeping it as a credible specialist title.",,248,The Day Trader's Manual
257,Jake Bernstein's Facts on Futures,Jacob Bernstein,metadata_only,KEEP_B,high,low,keep,ok,,,none,,"Jacob Bernstein is a well-known futures trading educator and author with a substantial body of work in the field; Irwin Professional Publishing is a credible financial publisher. The book covers futures trading mechanics and advanced trading topics, which are highly relevant to Atlas's scope. No ratings or web evidence are available, but the author's reputation and publisher credibility support keeping it as a specialist resource. The 1987 date means some mechanics content may be dated, but foundational futures trading concepts remain relevant.",no ratings or reviews found; 1987 publication date may limit contemporary relevance,249,Jake Bernstein's Facts on Futures
258,How the Average Investor Can Use Technical Analysis for Stock Profits,James Dines,metadata_only,REVIEW_C,high,low,review,ok,,,none,,"James Dines is a historically notable technical analyst and newsletter writer ('The Dines Letter'), giving this 1972 work some credibility as an early technical analysis text. However, no ratings, reviews, or corroborating web evidence are available to confirm its standing. The title's 'average investor' framing is mildly concerning but not disqualifying given the era and author's reputation. Without further evidence, a human review is warranted to determine if it has canonical status in early technical analysis literature.",'average investor' framing borders on mass-market accessibility pitch; 1972 publication with no web evidence or ratings,250,How the Average Investor Can Use Technical Analysis for Stock Profits
259,International Money and Foreign Exchange Markets,Julian Walmsley,metadata_only,REVIEW_C,medium,low,review,ok,,,none,,"This is a 1996 Wiley textbook on international money and foreign exchange markets by Julian Walmsley, which is relevant to forex and macro topics in Atlas's scope. However, it is explicitly aimed at undergraduate students, is nearly 30 years old, and there is no web evidence, ratings, or reading-list mentions to gauge its canonical status or ongoing relevance. Without stronger evidence of lasting influence, a human review is warranted before keeping or dropping.",1996 publication may be outdated for forex markets; explicitly targeted at undergraduates as a textbook; no web evidence or ratings found,251,International Money and Foreign Exchange Markets
260,The Valuation of Shares and the Efficient-markets Theory,Michael Arthur Firth,metadata_only,REVIEW_C,medium,low,review,ok,,,none,,"Michael Arthur Firth is a credible academic in finance/accounting, and the topic—share valuation and efficient markets theory—is directly relevant to investing and financial markets. However, the 1977 publication date, absence of any ratings, no publisher information, and lack of web evidence make it impossible to assess current relevance or quality. The book may be a dated academic text superseded by more canonical works on EMH, warranting human review.",no web evidence; no publisher listed; 1977 vintage with no ratings or reviews found; no description available,252,The Valuation of Shares and the Efficient-markets Theory
261,How Well Do Foreign Exchange Markets Function,Jeffrey A. Frankel,metadata_only,REVIEW_C,medium,low,review,ok,,,none,,"Jeffrey A. Frankel is a credible Harvard economist specializing in international finance and foreign exchange markets, lending some authority to this work. However, this appears to be a working paper or policy paper rather than a book, with no publisher, no ratings, and no web evidence. The Tobin tax discussion is historically interesting but narrow in scope, and the 1996 date limits contemporary relevance. Without stronger evidence of book-format publication or canonical status, a human review is warranted.","appears to be a working paper or policy paper, not a trade book; no publisher listed; no ratings or reviews found; 1996 paper on Tobin tax may be outdated",253,How Well Do Foreign Exchange Markets Function
262,Booms and busts,James Ciment,metadata_only,KEEP_B,high,medium,keep,ok,,,none,,"Published by Routledge, a credible academic publisher, this encyclopedic reference covering three centuries of economic booms and busts with 400+ signed articles is directly relevant to investing, trading, and macro themes. The scope — from Tulipmania to the 2009 stimulus — covers canonical market events and key figures, making it a solid specialist reference work. No rating data is available, but the publisher, editorial format, and subject matter support KEEP_B status. No red flags in the description.",,254,Booms and busts
263,Behavioral Finance,"Joachim Goldberg, Rüdiger von Nitzsch",metadata_only,KEEP_B,high,low,keep,ok,,,none,,"Published by Wiley in 2001, this is a credible academic/professional text on behavioral finance applied to financial markets, a well-established and relevant topic for Atlas. The authors Goldberg and von Nitzsch are German behavioral finance scholars with academic credentials, and the book bridges behavioral psychology with technical analysis and trading. No web evidence was found, but the publisher, subject matter, and description are consistent with a legitimate specialist title. Rated KEEP_B rather than KEEP_A due to limited evidence of canonical status or wide citation.",,255,Behavioral Finance
264,"Writer's Market, 1997",Kirsten C. Holm,metadata_only,DROP_D,low,high,drop,ok,,,none,,"Writer's Market 1997 is a publishing industry directory for writers seeking to submit manuscripts to editors and publishers. It has zero relevance to investing, trading, financial markets, or macroeconomics. This book is entirely outside Atlas's scope and should be dropped.",completely irrelevant to investing/trading/financial markets/macro; writer's market guide for authors/writers not investors; directory/reference book for publishing industry,256,"Writer's Market, 1997"
265,Timing the Market,Curtis M. Arnold,metadata_only,REVIEW_C,high,low,review,ok,,,none,,"The book covers technical analysis for market timing, which is directly relevant to Atlas's scope of trading and financial markets. However, there is no web evidence, no ratings, no publisher listed, and the description uses self-promotional language that reduces confidence. Curtis Arnold is a known technical analyst author (PPS Trading System), but without corroborating evidence this book warrants human review before inclusion.","no publisher listed; self-promotional description language ('groundbreaking', 'one of the best-written'); no web evidence found; 1993 publication may be outdated",257,Timing the Market
266,The Corporation Trust Company's Federal Trade Commission Service: Docket of complaints; Stipulations,Corporation Trust Company,metadata_only,DROP_D,low,high,drop,ok,,,none,,"This is a 1926 legal reference compilation of FTC complaint dockets and stipulations, not a book on investing, trading, financial markets, or macroeconomics. It is a historical regulatory document with no ratings, no web evidence, and no relevance to Atlas's core scope. It should be dropped on both relevance and quality grounds.",1926 legal/regulatory docket compilation; no ratings or reviews; not a book on investing/trading/markets/macro; purely a legal reference document,258,The Corporation Trust Company's Federal Trade Commission Service: Docket of complaints; Stipulations
267,Financial Futures,"Carroll R. Melton, Terry Vance Pukula",metadata_only,REVIEW_C,medium,low,review,ok,,,none,,"This 1984 book covers interest rate risk management using financial futures, which is relevant to Atlas's domain, but it is highly dated and predates modern derivatives markets significantly. No publisher, ratings, or web evidence exist to establish credibility or impact, and the authors are not recognizable figures in finance. Given the age and lack of any supporting evidence, a human review is warranted before keeping or dropping.",no publisher listed; 1984 publication date — highly dated; no web evidence or ratings found; unknown authors with no verifiable credentials,259,Financial Futures
268,Risk Management for Forex Trading Beginners,J.R. Bosanko,metadata_only,DROP_D,medium,high,drop,ok,,,none,,"The title explicitly targets beginners and the description is generic with no evidence of depth or authority. The author J.R. Bosanko has no detectable web presence or credentials, and there is no publisher or publication year. With no ratings, no web evidence, and multiple hard red flags, this book does not meet Atlas quality standards.",'for beginners' in title; unknown author with no web presence; no publisher; no year; no ratings or reviews; beginner/introductory framing; description is generic and low-quality,260,Risk Management for Forex Trading Beginners
269,Global Investment Risk Management,Ezra Zask,metadata_only,REVIEW_C,medium,low,review,ok,,,none,,"Ezra Zask is a credible finance professional known for work on derivatives and risk management, and the title is directly relevant to global investment risk — a core Atlas topic. However, with no web evidence, no ratings, no publisher information, and a 1993 publication date, there is insufficient signal to confirm quality or current relevance. A human review is warranted to determine whether this is a foundational specialist text or an obscure dated work.",no web evidence found; no publisher listed; 1993 publication may be dated; no ratings or reviews available,261,Global Investment Risk Management
270,Risk Management for Forex Trading Beginners,Jose Pecunia,metadata_only,DROP_D,medium,high,drop,ok,,,none,,"The title explicitly targets beginners, the author is unknown with no verifiable credentials, and there is no publisher or publication year. No ratings or reviews exist, and the description reads as self-promotional with no evidence of substantive content. This fits the hard red-flag criteria for a low-quality beginner book and should be dropped.",'for beginners' in title; unknown author with no credentials; no publisher; no year; no ratings or reviews; description is self-promotional and warns against the very industry it participates in,262,Risk Management for Forex Trading Beginners
271,Economic Review,Federal Reserve Bank of Atlanta,metadata_only,DROP_D,medium,low,drop,ok,,,none,,"This appears to be a single-year issue of the Federal Reserve Bank of Atlanta's Economic Review, which is a periodical journal publication rather than a standalone book. As a dated institutional review issue with no description, no ratings, and no web evidence, it lacks the characteristics of a bookshelf-worthy reference. While the source (Federal Reserve Bank of Atlanta) is credible and the content would be relevant to macro/economics, a single journal issue from 1997 is not appropriate for Atlas's book recommender.",periodical/journal issue not a book; no description or substantive content metadata; 1997 single-year economic review publication,263,Economic Review
272,Financial Engineering,John Francis Marshall,metadata_only,KEEP_B,high,low,keep,ok,,,none,,"John Francis Marshall is a recognized academic in financial engineering, and this 1992 text is an early foundational work in the field covering derivatives, risk management, and structured products — all highly relevant to Atlas's scope. No web evidence is available to confirm canonical status, but the title, author credentials, and early publication date suggest legitimate specialist value. The absence of ratings and publisher information limits confidence, but no red flags are present.",,264,Financial Engineering
273,Chasing Alpha,Philip Augar,metadata_only,KEEP_B,high,medium,keep,ok,,,none,,"Philip Augar is a credible, well-regarded author on UK financial history (known for 'The Death of Gentlemanly Capitalism' and 'The Bank That Lived a Little'), and this book covers the City of London's financial sector leading into the 2008 crisis — highly relevant to Atlas's investing/markets/macro scope. The description positions it as a substantive insider history, not a self-help or summary work. Publisher attribution ('Bodley Head Childrens') appears to be a metadata error and should not penalize the book. No ratings data available, but Augar's established credibility supports at least KEEP_B.",,265,Chasing Alpha
274,The Current State of Business Disciplines: Finance,Shri Bhagwan Dahiya,metadata_only,DROP_D,low,low,drop,ok,,,none,,"This appears to be an obscure academic edited volume from 2000 with no publisher, no ratings, no web evidence, and no existing annotations. The title suggests a broad survey/overview of finance as an academic discipline rather than actionable investing, trading, or market content. With no credibility signals and low relevance to Atlas's core scope, this defaults to DROP_D.",no publisher listed; no ratings or reviews; no web evidence; academic edited volume from 2000 with unclear scope; not a primary investing/trading/markets text,266,The Current State of Business Disciplines: Finance
275,Report of the Trade and Development Board ...,United Nations Conference on Trade and Development. Trade and Development Board,metadata_only,DROP_D,low,high,drop,ok,,,none,,"This is an official UN institutional annual report from the Trade and Development Board, not a book on investing, trading, or financial markets. It is a procedural government document with no ratings, no web evidence, and no relevance to Atlas's scope. It should be dropped.",government/UN institutional report; no rating or reviews; procedural/bureaucratic document; not a book for investors or traders; 1996 dated annual report,267,Report of the Trade and Development Board ...
276,The Internet Investor,J. Timothy Maude,metadata_only,DROP_D,low,high,drop,ok,,,none,,"This 1999 book is a directory of internet investing websites, which is entirely obsolete given how dramatically the web has changed in 25 years. The content—listings and reviews of internet sites—has zero lasting value and is not a substantive investing text. No ratings, citations, or reading-list appearances were found, and the book offers no enduring educational content relevant to Atlas's scope.",severely outdated (1999 internet directory); no ratings or reviews found; content is a directory/listing of websites rather than investing knowledge; publisher not well-known in finance,268,The Internet Investor
277,Behavioral Finance,Hersh Shefrin,metadata_only,KEEP_A,high,medium,keep,ok,,,none,,"Hersh Shefrin is one of the founding figures of behavioral finance, and a 2001 book under this title is almost certainly his seminal academic work 'Beyond Greed and Fear' or his edited collection, both canonical references in the behavioral finance literature. Shefrin's work is consistently cited on finance reading lists and in academic curricula alongside Thaler, Kahneman, and Statman. The absence of ratings and web evidence is due to metadata gaps, not poor quality. Canonical override applies given author's foundational status in the field.",,269,Behavioral Finance
278,Annual Report,Suomen Pankki,metadata_only,DROP_D,low,high,drop,ok,,,none,,"This is an annual report from Suomen Pankki (Bank of Finland), a central bank institutional publication from 2004, not a book suitable for a retail investing/trading/macro recommender. Annual reports are administrative documents, not educational or investment-oriented books. It has no ratings, no description, and no web evidence supporting its relevance to Atlas's scope.","annual report, not a book; institutional publication; no description or ratings; not a retail/educational investing/trading title",270,Annual Report
279,Planning Your First International Investment Trip,Canada. Department of Foreign Affairs and International Trade. Investment Marketing Division,metadata_only,DROP_D,low,high,drop,ok,,,none,,"This is a 1995 Canadian government promotional/administrative guide for planning international investment trips, not a substantive book on investing, trading, or financial markets. It is a dated government department publication with no ratings, no web evidence, and no relevance to Atlas's core scope. It should be dropped as a non-book government document of minimal educational value for investors.",government pamphlet/guide not a substantive book; 1995 dated government publication; no ratings or reviews; not a book about investing/trading/financial markets,271,Planning Your First International Investment Trip
280,Forest Carbon and Local Livelihoods,"Joyotee Smith, Sara J. Scherr",metadata_only,DROP_D,low,high,drop,ok,,,none,,"This book concerns forest carbon projects, CDM (Clean Development Mechanism) forestry guidelines, and rural livelihoods — an environmental policy and development topic with no meaningful connection to investing, trading, financial markets, or macro. Despite the tangential relationship to carbon markets, it is fundamentally a policy/NGO-oriented paper on forestry and poverty, not a markets or finance resource. No ratings, publisher, or web evidence exist to suggest canonical status.",no ratings or reviews; outside investing/trading/markets/macro scope; policy/environmental science topic; no publisher listed; no web evidence,272,Forest Carbon and Local Livelihoods
281,Proceedings of the Insurance Accounting and Systems Association,Insurance Accounting and Systems Association,metadata_only,DROP_D,low,high,drop,ok,,,none,,"This is a 1984 conference proceedings document from an insurance accounting trade association, not a book relevant to investing, trading, financial markets, or macro. No ratings, no web evidence, and no relevance to Atlas's scope. The subject matter (insurance accounting systems) is a narrow professional/technical niche outside Atlas's domain.",proceedings/conference document not a book; 1984 insurance accounting niche; no ratings or web evidence; not relevant to investing/trading/markets/macro,273,Proceedings of the Insurance Accounting and Systems Association
282,The Redemption of Labour,Cecil Balfour Phipson,metadata_only,DROP_D,low,high,drop,ok,,,none,,"This 1892 work by Cecil Balfour Phipson has no web evidence, no ratings, no publisher information, and zero Atlas annotations. The title 'The Redemption of Labour' suggests a social reform or labor economics tract from the Victorian era, which is outside Atlas's investing, trading, financial markets, and macro scope. There is no evidence of canonical status or ongoing relevance to Atlas's domain.",1892 publication with no web evidence; no publisher listed; title suggests labor/social reform rather than investing or financial markets; unknown author with no traceable reputation,274,The Redemption of Labour
283,Takeovers and Freezeouts,"Martin Lipton, Erica H. Steinberger",metadata_only,REVIEW_C,medium,low,review,ok,,,none,,"Martin Lipton is a highly credible author — a legendary M&A lawyer and founding partner of Wachtell Lipton — which lends this work authority in corporate takeover law. The subject matter (takeovers and freezeouts) is relevant to M&A investing and corporate finance but is primarily a legal treatise rather than an investing/trading guide. Without web evidence, ratings, or publisher confirmation, and given the 1978 date making content potentially outdated, a human review is warranted to determine if this legal reference remains relevant to Atlas's scope.",no web evidence; no publisher info; no rating data; 1978 publication may be outdated,275,Takeovers and Freezeouts
284,The New Science of Asset Allocation,Warren E. Bitters,metadata_only,REVIEW_C,high,low,review,ok,,,none,,"The topic — asset allocation for investment managers — is highly relevant to Atlas's scope, and Routledge is a credible academic publisher. However, Warren E. Bitters is an obscure author with no web presence or ratings evidence found, making quality assessment impossible from metadata alone. The 1997 publication date raises concerns about currency given the evolution of asset allocation methods since then. A human review is warranted to verify the author's credentials and the book's ongoing relevance.",unknown author; no web evidence; no ratings available; 1997 publication may be outdated,276,The New Science of Asset Allocation
285,Managing Pension Funds in a Volatile Environment,Patrick J. Davey,metadata_only,REVIEW_C,medium,low,review,ok,,,none,,"This 1988 book on pension fund management is topically relevant to institutional investing and portfolio management in financial markets. However, there is no web evidence, no publisher information, no ratings, and the author Patrick J. Davey is not recognizable as a canonical figure in the field. The age of the publication and lack of any corroborating evidence make it impossible to assess quality or influence confidently, warranting human review.",no web evidence; no publisher listed; 1988 publication may be outdated; unknown author,277,Managing Pension Funds in a Volatile Environment
286,Annual Report,Hong Kong Monetary Authority,metadata_only,DROP_D,low,high,drop,ok,,,none,,"This is an annual report from the Hong Kong Monetary Authority, an institutional government document rather than a book on investing, trading, or financial markets. It has no ratings, no description, and no evidence of being used as a learning resource. It falls outside Atlas's scope of book-based knowledge for investors and traders.","annual report / institutional document, not a book; no publisher or description; no ratings or reviews; not a tradeable knowledge resource for investors",278,Annual Report
287,Trading Psychology and Decision Making,Chism Faustino,metadata_only,DROP_D,medium,high,drop,ok,,,none,,"No web evidence exists for this book, the author, or the publisher 'SamEnrico', which is a strong signal of a low-quality or non-credible publication. The description is generic and formulaic, matching the pattern of content-farm or self-published books with little substantive value. The 2026 publication year with zero reviews or ratings further undermines credibility. No canonical override applies as there is no evidence of reputation or standing in the field.",unknown author with no web presence; unknown/unverifiable publisher 'SamEnrico'; future publication year 2026 with no evidence; generic description matching low-quality content farms; no ratings or reviews; description uses 'financial success at any level' phrasing typical of low-quality titles,279,Trading Psychology and Decision Making
288,Trading Psychology: Mastering Your Mind in the Crypto Markets,Rozan Spirit,metadata_only,DROP_D,medium,high,drop,ok,,,none,,"Self-published by an unknown author with no web presence, no ratings, and no reviews, this book triggers multiple hard red flags including 'secrets' language and hyperbolic framing ('dominating the volatile crypto markets'). The description targets beginners with generic trading psychology content narrowly focused on crypto, offering no evidence of credibility, canonical status, or specialist expertise. This is consistent with low-quality, commoditized content and warrants DROP_D.",self-published unknown author; no ratings or reviews; uses 'secrets' language in description; crypto-niche beginner-oriented framing; 2025 publication with zero web presence; hyperbolic 'dominating' language,280,Trading Psychology: Mastering Your Mind in the Crypto Markets
289,Three Essays on Behavioral Finance,Gabriele M. Lepori,metadata_only,REVIEW_C,medium,low,review,ok,,,none,,"This appears to be an academic dissertation or thesis (2008) on behavioral finance, which is directly relevant to financial markets. However, there is no publisher, no ratings, no reviews, and no web evidence to assess its quality or influence. Without evidence of citations, readership, or broader recognition, it cannot be confidently placed above REVIEW_C.",likely a doctoral dissertation or academic thesis; no publisher listed; no ratings or reviews found; no web evidence available,281,Three Essays on Behavioral Finance
290,Psychological Traits and Trading Strategies,Bruno Biais,metadata_only,REVIEW_C,medium,low,review,ok,,,none,,"Bruno Biais is a credible academic finance researcher (Toulouse School of Economics) known for work in market microstructure and behavioral finance, lending some credibility to this title. However, the lack of publisher, ratings, description, or any web evidence strongly suggests this is a working paper, conference paper, or unpublished manuscript rather than a commercially published book. The topic of psychological traits and trading strategies is directly relevant to Atlas's scope, but insufficient evidence exists to confidently tier this as a full book worthy of inclusion.",no publisher listed; no ratings or reviews found; likely an academic working paper or conference paper rather than a book; year 2002 with no web evidence suggests limited distribution,282,Psychological Traits and Trading Strategies
291,Insider Trading,"William K. S. Wang, Marc I. Steinberg",metadata_only,KEEP_B,medium,low,keep,ok,,,none,,"Wang and Steinberg are recognized legal scholars in securities law, and 'Insider Trading' is a well-known practitioner/academic reference in this field. The book addresses insider trading liability from a legal compliance perspective, which is tangentially relevant to financial markets participants but is primarily a legal treatise rather than an investing/trading guide. Without ratings or web evidence, confidence is low, but the author credentials and subject matter suggest it merits retention as a specialist legal reference for market participants.",,283,Insider Trading
292,Counterintuitive Investing,Harlan D. Platt,metadata_only,REVIEW_C,medium,low,review,ok,,,none,,"This 2005 book on contrarian investing strategies is relevant to the Atlas domain but has no ratings, no web evidence, and no visible presence on reputable reading lists. The author (Harlan D. Platt) is an academic at Northeastern and the publisher (Thomson South-Western) is credible, but without any community signal or citation evidence it is impossible to confirm whether this is a valuable specialist text or a forgettable academic work. A human review is warranted before keeping or dropping.",no web evidence found; no ratings available; obscure author with limited public profile; published by minor academic press imprint in 2005 with no follow-up visibility,284,Counterintuitive Investing
293,Technical Analysis,"Charles D. Kirkpatrick, Julie R. Dahlquist",metadata_only,KEEP_A,high,medium,keep,ok,,,none,,"Charles Kirkpatrick and Julie Dahlquist's 'Technical Analysis' published by Financial Times/Prentice Hall is widely recognized as one of the most comprehensive and authoritative textbooks on technical analysis, frequently used as the official study material for the Chartered Market Technician (CMT) designation. The publisher is credible and the description confirms it is a serious reference work rather than a beginner/summary title. The CMT association and academic-level treatment make this a canonical resource in the technical analysis space despite the absence of rating data.",,285,Technical Analysis
294,Social Simulation,"Bruce Edmonds, Cesareo Hernandez, Klaus G. Troitzsch",metadata_only,DROP_D,low,medium,drop,ok,,,none,,"This is an academic reference on social simulation and agent-based modeling, published by IGI Global, with no direct relevance to investing, trading, financial markets, or macroeconomics. While agent-based modeling has some tangential applications in finance, this book's scope is broadly social-scientific rather than finance-specific. No ratings, reviews, or reading-list mentions were found, and no manual annotations exist in Atlas.",academic niche outside investing/trading/markets/macro scope; no web evidence or ratings found; IGI Global academic reference volume with limited practitioner relevance,286,Social Simulation
295,Pioneers of Financial Economics: Twentieth-century contributions,"Geoffrey Poitras, Franck Jovanovic",metadata_only,KEEP_B,high,medium,keep,ok,,,none,,"Published by Edward Elgar, a reputable academic press, this scholarly volume covers the intellectual history of financial economics featuring foundational figures like Irving Fisher, Harry Markowitz, and Fischer Black. The commissioned essays format and focus on Nobel Prize winners and early 20th-century contributors signals genuine academic rigor. No ratings are available, but the publisher credibility, author credentials, and highly relevant subject matter support KEEP_B status. No red flags present.",,287,Pioneers of Financial Economics: Twentieth-century contributions
296,Securities Regulation,"John C. Coffee, Hillary A. Sale",metadata_only,DROP_D,low,medium,drop,ok,,,none,,"This is a law school casebook on securities regulation law, published by Foundation Press (a legal academic publisher), focused on legal doctrine, SEC enforcement, and regulatory frameworks rather than investing, trading, or financial markets from a practitioner or analytical perspective. John C. Coffee is a prominent securities law scholar, but the book's scope is squarely legal education, not financial markets knowledge. Atlas targets investing/trading/markets/macro content, making this low-relevance despite the authors' credibility. It should be dropped on relevance grounds.",law school casebook; legal/regulatory textbook not investing/trading focused; academic course material not practitioner-oriented,288,Securities Regulation
297,The Psychology of Investing,John R. Nofsinger,metadata_only,KEEP_B,high,medium,keep,ok,,,none,,"John R. Nofsinger is a well-regarded academic in behavioral finance, and 'The Psychology of Investing' is a widely used textbook covering investor behavior, cognitive biases, and their wealth impact — all highly relevant to Atlas's investing scope. The structured four-part framework described matches a credible academic text rather than a pop-finance book. No rating data is available, but the author's academic credentials and textbook status support a KEEP_B classification.",,289,The Psychology of Investing
298,"A THEORY OF OVERCONFIDENCE, SELF-ATTRIBUTIONS AND SECURITY MARKET UNDER- AND OVERRACTIONS",KENT DANIEL,metadata_only,KEEP_B,high,medium,keep,ok,,,none,,"This appears to be the seminal 1998 working paper by Kent Daniel, David Hirshleifer, and Amir Subrahmanyam on investor overconfidence and security market under/overreactions, which is one of the most cited papers in behavioral finance. Kent Daniel is a well-regarded finance academic at Columbia, and this paper is foundational in the behavioral finance literature explaining momentum and reversals. Despite lacking a formal publisher or ratings (as it is a working paper/NBER paper rather than a book), its canonical status in behavioral finance justifies keeping it. Relevance to investing and financial markets is high.",,290,"A THEORY OF OVERCONFIDENCE, SELF-ATTRIBUTIONS AND SECURITY MARKET UNDER- AND OVERRACTIONS"
299,Cornell University Courses of Study,Cornell University,metadata_only,DROP_D,low,high,drop,ok,,,none,,"This is a Cornell University course catalog, an administrative publication listing academic courses and programs. It has no relevance to investing, trading, financial markets, or macroeconomics as a subject-matter book. It is not a book in any meaningful sense for Atlas's purposes and should be dropped.",university course catalog not a book; no relevance to investing/trading/markets/macro; administrative/institutional document,291,Cornell University Courses of Study
300,From Early Warning Systems to Asset Managers' Behavior,Daniela Beckmann,metadata_only,REVIEW_C,medium,low,review,ok,,,none,,"This appears to be an academic dissertation or monograph published by Peter Lang (a known academic press for dissertations) covering early warning systems for financial crises and asset manager behavior — topics relevant to financial markets and macro. However, there is no web evidence, no ratings, and no indication of broader readership or citation impact. Without evidence of influence or adoption on reading lists, this remains uncertain and warrants human review rather than a confident keep or drop.",academic monograph from niche publisher; no web evidence; no ratings or reviews found; narrow academic scope,292,From Early Warning Systems to Asset Managers' Behavior
301,Investments,"Frank K. Reilly, Edgar Norton",metadata_only,KEEP_B,high,medium,keep,ok,,,none,,"Frank Reilly is a well-established finance academic best known for 'Investment Analysis and Portfolio Management,' and this textbook appears to be a related investments text covering portfolio management, global investing, and CFA exam material. South-Western/Thomson is a credible academic publisher for finance textbooks. The content (securities analysis, portfolio theory, CFA prep) is highly relevant to Atlas's investing and financial markets scope. No web evidence available, but the author's reputation and publisher credibility support a KEEP_B designation.",,293,Investments
302,Dictionary of Finance and Investment Terms,"John Downes, Jordan Elliot Goodman",metadata_only,KEEP_B,high,medium,keep,ok,,,none,,"Barron's Dictionary of Finance and Investment Terms by Downes and Goodman is a long-standing, widely-used reference work in the field, published by a reputable educational publisher and covering investing, economics, accounting, and banking terminology directly relevant to Atlas's scope. It is a standard reference title that has gone through multiple editions, indicating sustained professional and educational utility. While no ratings data is available, its canonical status as a reference dictionary and credible authorship/publisher support retaining it. It is a reference work rather than a narrative text, making it a specialist utility title warranting KEEP_B rather than KEEP_A.",,294,Dictionary of Finance and Investment Terms
303,Investment Cycles in Capitalist Economies,Jerry Courvisanos,metadata_only,KEEP_B,medium,low,keep,ok,,,none,,"Published by Edward Elgar, a reputable academic economics publisher, this 1996 monograph develops a Kaleckian investment cycle model incorporating behavioral and evolutionary analysis — directly relevant to capital accumulation and macroeconomic investment theory. The work appears to be a serious academic contribution rather than a popular or low-quality text. However, no ratings or web evidence are available, and its relevance to Atlas's practical investing/trading focus is indirect (more academic macro/heterodox economics than market-oriented).",,295,Investment Cycles in Capitalist Economies
304,Comprehensive Annual Financial Report,Fire and Police Pension Association of Colorado,metadata_only,DROP_D,low,high,drop,ok,,,none,,"This is a government pension fund's annual financial report (CAFR), not a book on investing, trading, or financial markets. It is an institutional compliance document specific to the Fire and Police Pension Association of Colorado with no relevance to Atlas's domain of investment education or market analysis. It has no ratings, no publisher, and no general readership.",government/institutional report not a book; no ratings or reviews; not a general investing/trading/markets resource; annual report for a specific pension fund,296,Comprehensive Annual Financial Report
305,Forbes,Bertie Charles Forbes,metadata_only,DROP_D,medium,high,drop,ok,,,none,,"This entry describes Forbes magazine, a periodical, not a book. Atlas is a book recommender, making this entry categorically inappropriate for inclusion regardless of the magazine's quality or relevance. No publisher, rating, or meaningful bibliographic data supports treating this as a standalone book.","not a book — this is a periodical/magazine; no publisher or rating data; catalog entry for a magazine issue, not a standalone book",297,Forbes
306,International Journal of Production Economics,Elsevier,metadata_only,DROP_D,low,high,drop,ok,,,none,,"This entry is an academic journal (International Journal of Production Economics published by Elsevier), not a book, and therefore fundamentally unsuitable for Atlas's book recommender. Its focus on production economics is outside the investing, trading, financial markets, and macro scope of Atlas. There is no rating data, no web evidence, and no manual annotations to support retention.","Not a book — this is an academic journal; Publisher/author listed as Elsevier (journal publisher); No description, no ratings, no web evidence; Outside Atlas scope (production economics, not investing/trading/markets/macro)",298,International Journal of Production Economics
307,A Practical Guide to Sovereign Wealth Funds,Adnan Hassan,metadata_only,REVIEW_C,medium,low,review,ok,,,none,,"Published by Euromoney Publications, a credible specialist financial publisher, which lends some credibility to this 2009 guide on sovereign wealth funds. SWFs are relevant to macro and institutional investing, giving it moderate relevance to Atlas's scope. However, there is no rating data, no web evidence, and no manual annotations to confirm quality or reception. A human review is warranted to determine whether this is a substantive specialist reference or a thin overview.",no ratings or reviews found; no web evidence; niche topic with limited audience,299,A Practical Guide to Sovereign Wealth Funds
308,"Banking, Financial Integration, and International Crises","Leonardo Hernández, Klaus Schmidt-Hebbel",metadata_only,REVIEW_C,medium,low,review,ok,,,none,,"The title suggests academic/policy-oriented content on banking integration and international financial crises, which is relevant to macro and financial markets. Klaus Schmidt-Hebbel is a credible economist associated with the Central Bank of Chile and OECD work, lending some authority. However, with no publisher, no ratings, no description, and no web evidence, confidence is too low to assign a definitive tier. A human review is warranted to determine if this is a substantial edited volume or a minor working paper compilation.",no web evidence; no publisher listed; no rating or review data; no description,300,"Banking, Financial Integration, and International Crises"
309,International Handbook of Development Economics,"Amitava Krishna Dutt, Jaime Ros",metadata_only,REVIEW_C,low,low,review,ok,,,none,,"This is a two-volume academic reference on development economics, a field adjacent to but distinct from Atlas's core scope of investing, trading, financial markets, and macro. While development economics has some macro overlap, the primary focus on economic development policy is low-relevance for Atlas users. No ratings or web evidence are available to assess quality, and no manual annotations exist, making a confident judgment difficult.",no rating data; development economics focus rather than investing/trading/markets/macro,301,International Handbook of Development Economics
310,Catalog,University of Colorado Boulder,metadata_only,DROP_D,low,high,drop,ok,,,none,,"This is a university course catalog published by the University of Colorado Boulder in 2005, not a book about investing, trading, or financial markets. It has no relevance to Atlas's scope and is an institutional administrative document. There is no rating data and no web evidence to suggest otherwise.","university course catalog, not a book; no relevance to investing/trading/financial markets/macro; no ratings or reviews; institutional document, not a publishable work",302,Catalog
311,Congressional Record,United States. Congress,metadata_only,DROP_D,low,high,drop,ok,,,none,,"The Congressional Record is a verbatim transcript of U.S. Congressional proceedings, not a book about investing, trading, financial markets, or macroeconomics. It is a primary government document with no direct relevance to Atlas's scope. There is no rating, no description, and no evidence of use as a finance/investing resource.",primary government document not a book; no relevance to investing/trading/financial markets/macro; congressional record is a legislative proceedings transcript,303,Congressional Record
312,Access Register,Canada,metadata_only,DROP_D,low,high,drop,ok,,,none,,"This entry appears to be a government administrative document or catalog record from Canada (1985) titled 'Access Register,' with no description, no publisher, and no web evidence. It has no apparent relevance to investing, trading, financial markets, or macro topics. There is no basis to retain this in Atlas.",no description; no publisher; title 'Access Register' is not related to investing/trading/financial markets; author listed as 'Canada' suggests a government document or catalog entry; 1985 publication with no web evidence,304,Access Register
313,International Trade and Business Cycles,Marianne Baxter,metadata_only,REVIEW_C,medium,low,review,ok,,,none,,"Marianne Baxter is a credible academic economist known for work on international macroeconomics and business cycles (e.g., the Baxter-King filter), and the topic of international trade and business cycles is relevant to macro. However, this appears to be an academic working paper or book chapter rather than a standalone published book, with no publisher listed and no rating evidence. Without confirmation it is a full book rather than a paper, it warrants human review before inclusion.","appears to be an academic working paper or chapter, not a standalone book; no publisher listed; no ratings or reviews found; 1995 date suggests it may be a conference paper or NBER working paper",305,International Trade and Business Cycles
314,World Economic Interdependence and the Evolving North-South Relationship,Organisation for Economic Co-operation and Development,metadata_only,DROP_D,low,medium,drop,ok,,,none,,"This is a 1983 OECD policy report on North-South economic relations, not a book on investing, trading, or financial markets. It is highly dated and has no ratings, reviews, or web evidence suggesting ongoing relevance. Its relevance to Atlas's core scope of investing, trading, and macro is extremely peripheral, making it unsuitable for inclusion.",1983 OECD policy report; no ratings or reviews; no web evidence; highly dated; not a book for investors or traders,306,World Economic Interdependence and the Evolving North-South Relationship
315,Surplus Capacity in the International Metals Industry,"John Cordes, Thomas F. Torries",metadata_only,DROP_D,low,low,drop,ok,,,none,,"This appears to be a narrow 1989 academic or government report on surplus capacity in metals industries, with no publisher, no ratings, and no web evidence. The topic is tangentially related to commodities but is primarily an industrial economics study rather than an investing, trading, or macro finance resource. With no evidence of broader recognition or relevance to Atlas's core scope, this should be dropped.",no publisher info; no ratings or reviews; 1989 niche academic report; no web evidence; narrow industrial economics topic outside investing/trading/macro scope,307,Surplus Capacity in the International Metals Industry
316,Trustee Investment Strategy for Endowments and Foundations,Chris Russell,metadata_only,KEEP_B,medium,low,keep,ok,,,none,,"Published by John Wiley & Sons in 2006, this book addresses a genuine specialist niche — trustee investment governance for endowments and foundations — which is credibly relevant to institutional investing and fiduciary responsibility. The description is professional and substantive, with no red flags suggesting low quality or hype. However, no ratings or web evidence are available, and the topic sits at the narrower end of Atlas's investing/markets scope, making a KEEP_B the appropriate conservative assignment pending further evidence.",,308,Trustee Investment Strategy for Endowments and Foundations
317,Rekindling Investment for Economic Development in Nigeria,Nigerian Economic Society. Annual Conference,metadata_only,DROP_D,low,high,drop,ok,,,none,,"This is a 1998 Nigerian Economic Society conference proceedings volume focused on regional development economics, not investing, trading, or financial markets. No ratings, reviews, or web evidence exist. The narrow geographic and policy-development scope makes it low-relevance for Atlas, which focuses on investing, trading, and macro. No canonical override applies.",no rating or reviews; highly specific regional academic conference proceedings; 1998 publication with no web presence; not relevant to investing/trading/financial markets/macro scope,309,Rekindling Investment for Economic Development in Nigeria
318,Aanwinsten van de Centrale Bibliotheek (Queteletfonds),Bibliothèque centrale (Fonds Quetelet),metadata_only,DROP_D,low,high,drop,ok,,,none,,"This is an acquisitions catalog from the Belgian Quetelet Fund Central Library (a statistics/economics library), not an investing or trading book. It is a bibliographic listing of library acquisitions, entirely irrelevant to Atlas's scope. No ratings, no web evidence, and no relevance to investing, trading, or financial markets.",library acquisitions catalog; not a book for investors/traders; no description or ratings; institutional bibliography/catalog entry,310,Aanwinsten van de Centrale Bibliotheek (Queteletfonds)
319,Index to Overhead Transparencies,National Information Center for Educational Media,metadata_only,DROP_D,low,high,drop,ok,,,none,,"This is a 1975 library reference index for overhead transparencies published by the National Information Center for Educational Media — an educational media catalog with zero relevance to investing, trading, financial markets, or macro. It is not a book in any meaningful sense for Atlas's purposes. No ratings, no web evidence, and no connection to the domain.",not related to investing/trading/markets/macro; library catalog/index reference material from 1975; no ratings or reviews; no relevance to Atlas scope,311,Index to Overhead Transparencies
320,Index to Educational Overhead Transparencies,National Information Center for Educational Media,metadata_only,DROP_D,low,high,drop,ok,,,none,,"This is a 1975 index of educational overhead transparencies published by a media information center — entirely unrelated to investing, trading, financial markets, or macro. It is a bibliographic catalog with no investment content whatsoever. There is no basis for retention in Atlas.",no relevance to investing/trading/financial markets/macro; 1975 index/catalog of educational media transparencies; purely archival/bibliographic reference material,312,Index to Educational Overhead Transparencies
321,Transactions Costs and Internal Labor Markets,Sherwin Rosen,metadata_only,DROP_D,low,medium,drop,ok,,,none,,"This appears to be a 1987 academic paper or working paper by economist Sherwin Rosen applying transactions cost theory to internal labor markets — not a book relevant to investing, trading, or financial markets. While Rosen is a respected labor economist, the content is narrowly focused on organizational economics and labor allocation theory. No publisher, ratings, or web evidence support it as a standalone book, and its relevance to Atlas's investing/trading/macro scope is very low.","academic working paper / conference paper, not a book; no publisher listed; labor economics / organizational theory focus, not investing/trading/markets/macro",313,Transactions Costs and Internal Labor Markets
322,Tax Neutrality and Intangible Capital,"Don Fullerton, Andrew B. Lyon",metadata_only,REVIEW_C,medium,low,review,ok,,,none,,"This appears to be a 1987 academic paper or NBER working paper by Don Fullerton and Andrew Lyon on tax neutrality and intangible capital — a narrow topic in public finance/tax economics. While the authors are credible economists (Fullerton is well-known in public finance), there is no evidence this is a standalone book with significant readership or relevance to Atlas's investing/trading/markets focus. Without publisher info, ratings, or web evidence, confidence is low and a human review is warranted.",no publisher listed; no ratings or reviews found; 1987 NBER working paper / academic paper rather than book; very narrow academic tax policy topic,314,Tax Neutrality and Intangible Capital
323,Contraction and Expansion,Richard Barry Freeman,metadata_only,DROP_D,low,high,drop,ok,,,none,,"This appears to be an academic working paper (not a book) on public vs. private sector unionism trends, authored by labor economist Richard Freeman. The subject matter — union organization and management opposition — is labor economics, not investing, trading, financial markets, or macro. It has no publisher, no ratings, and no web evidence. It falls entirely outside Atlas's scope.",academic paper not a book; labor economics / union studies topic unrelated to investing/trading/financial markets/macro; no publisher; no ratings or web evidence,315,Contraction and Expansion
324,Can States Stop Corporate Takeovers?,Sharon Pamepinto,metadata_only,DROP_D,low,high,drop,ok,,,none,,"This 1987 work appears to be a narrow legal or policy monograph on state regulation of corporate takeovers, with no publisher listed, no ratings, and no web evidence of ongoing relevance. While M&A and takeovers are tangentially related to finance, this book focuses on legal/regulatory policy rather than investing or trading practice. With no credibility signals and low relevance to Atlas's core scope, it should be dropped.",no publisher; no rating or reviews; 1987 legal/policy text with no web presence; low relevance to investing/trading/markets/macro,316,Can States Stop Corporate Takeovers?
325,The Parliamentary Debates (Hansard).,Great Britain. Parliament. House of Lords,metadata_only,DROP_D,low,high,drop,ok,,,none,,"This is the official Hansard record of UK House of Lords parliamentary debates, a government document rather than a book on investing, trading, or financial markets. It has no relevance to Atlas's scope and no ratings or supporting evidence. There is no basis to keep this in a financial book recommender.","government parliamentary record, not a book; no relevance to investing/trading/financial markets/macro; no ratings or reviews",317,The Parliamentary Debates (Hansard).
326,Marketing and Economic Development,"James E. Littlefield, Magdolna Csath",metadata_only,DROP_D,low,high,drop,ok,,,none,,"This is a 1988 academic conference proceedings volume on marketing and economic development, with no ratings, no web presence, and no manual annotations in Atlas. The content focuses on marketing in less-developed countries and cultural/ethical aspects of marketing rather than investing, trading, financial markets, or macro topics. It falls well outside Atlas's core relevance scope and has no evidence of canonical status or ongoing readership.",conference proceedings volume; no ratings or reviews; marketing/development focus outside investing/trading/markets/macro scope; 1988 academic conference record with no web presence,318,Marketing and Economic Development
327,Python for Automated Trading Systems,J.P.Morgan,metadata_only,DROP_D,medium,high,drop,ok,,,none,,"This book has no verifiable publication metadata, no ratings, and uses a fraudulent or misleading publisher name ('J.P.Morgan') that misappropriates a well-known brand. The description is heavily promotional with hyperbolic language typical of low-quality self-published trading guides. No web evidence, canonical citations, or credible author signals were found to override these red flags.","Publisher listed as 'J.P.Morgan' which is almost certainly a fake/misleading publisher name (not the investment bank); No year of publication; No ratings or reviews found anywhere; Description uses hyperbolic/salesy language ('Transform Your Trading Game', 'Unlock the future'); Targets 'beginners' in crypto trading bots — a common low-quality niche; No web evidence or credibility signals found",319,Python for Automated Trading Systems
328,Strategic Futures Trading,Jacob Bernstein,metadata_only,KEEP_B,high,low,keep,ok,,,none,,"Jacob Bernstein is a recognized and prolific author in futures trading with a long track record of credible specialist works. Published by Kaplan Publishing, the book covers timing indicators and risk management for futures speculation — directly relevant to Atlas's scope. No ratings or web evidence are available, but the author's reputation and topic specificity support a KEEP_B designation. The content is technical and practitioner-focused rather than hyperbolic or beginner-oriented.",no web evidence found; no ratings available; 1992 publication may be dated,320,Strategic Futures Trading
329,Computerized Trading,Mark Jurik,metadata_only,REVIEW_C,high,low,review,ok,,,none,,"Mark Jurik is a known figure in technical analysis and algorithmic trading, and Penguin Putnam is a credible publisher, lending some legitimacy to this multi-contributor guide on computerized trading. The topic is highly relevant to Atlas's scope. However, no ratings or web evidence exist to confirm quality or reception, and the 1999 date means much of the content may be obsolete given how dramatically computerized trading has evolved. A human review is warranted to assess whether it retains canonical or historical value.",no ratings or reviews found; description uses mild hype ('ground-breaking'); 1999 publication may be outdated for computerized trading,321,Computerized Trading
330,Electronic Currency Trading for Maximum Profit,"Keith Long, Kurt Walter",metadata_only,DROP_D,medium,medium,drop,ok,,,none,,"This 2001 forex trading book by obscure authors via a general trade publisher has no ratings, no web evidence, and no canonical standing. The 'Maximum Profit' framing triggers the hard red-flag rule for hyperbolic return claims. Even setting that aside, a 20+ year old book on electronic currency trading would be severely outdated and lacks any evidence of lasting influence or credibility in the field.","'Maximum Profit' in title suggests hyperbolic framing; published 2001 making content highly dated for electronic/online forex trading; unknown authors with no web presence found; Prima Lifestyles is a general trade publisher, not a specialist finance imprint",322,Electronic Currency Trading for Maximum Profit
331,The Compleat Day-trader,Jacob Bernstein,metadata_only,KEEP_B,high,low,keep,ok,,,none,,"Jacob Bernstein is a credible and prolific author on futures and technical trading, and McGraw-Hill is a reputable financial publisher. The book focuses specifically on day trading futures markets with charts and strategy analysis, which is highly relevant to Atlas's scope. The 1995 publication date makes some content dated, but foundational day-trading methodology retains value. No ratings are available, but the author/publisher combination supports a KEEP_B designation pending further review.",no ratings available; dated (1995); no web evidence,323,The Compleat Day-trader
332,The C.F.A. Digest,Institute of Chartered Financial Analysts,metadata_only,DROP_D,medium,low,drop,ok,,,none,,"The CFA Digest is a periodical digest publication by the Institute of Chartered Financial Analysts, summarizing research articles rather than serving as a standalone educational book. No ratings, reviews, or web evidence exist to support its value as a book recommendation. As a digest/summary serial from 1994, it does not fit the Atlas book-recommendation format and is unlikely to be useful to readers as a discrete title.",digest/summary publication; no description; no ratings or reviews; periodical/serial rather than standalone book; 1994 institutional digest unlikely to add value as a book recommendation,324,The C.F.A. Digest
333,What Works in Online Trading,Mark Etzkorn,metadata_only,REVIEW_C,medium,low,review,ok,,,none,,"Published by Wiley in 2001, which lends some credibility, but no ratings, reviews, or web evidence are available to assess reception. The book investigates online day trading practices from the early internet era, which limits its contemporary relevance given how dramatically markets and technology have changed. Without further evidence of canonical status or author reputation, a human review is warranted before keeping or dropping.",dated (2001); no web evidence found; no ratings available; day trading focus may be too narrow/niche,325,What Works in Online Trading
334,Getting More Out of TIAA-CREF,John J. Harrigan,metadata_only,DROP_D,low,high,drop,ok,,,none,,"This 1995 book covers a single retirement account provider (TIAA-CREF), making it extremely narrow in scope and highly dated. There is no publisher, no ratings, no web evidence, and no annotations in Atlas to support its quality or relevance. Its niche focus on one institution's retirement plan does not meet the investing/trading/markets/macro relevance threshold for Atlas.",no publisher listed; no ratings or reviews found; very narrow niche topic (single retirement plan provider); 1995 publication highly dated; no web evidence of credibility or use,326,Getting More Out of TIAA-CREF
335,The Austrian Financial Markets,Wolfgang Müller,metadata_only,DROP_D,low,low,drop,ok,,,none,,"This 1997 book covers Austrian financial markets specifically, which is a very narrow regional scope with limited relevance to Atlas's broader investing, trading, and macro focus. No publisher, ratings, reviews, or web evidence are available to assess quality. Given its age, regional specificity, and complete lack of supporting evidence, it is not suitable for inclusion.",no web evidence; no publisher listed; highly niche regional market focus; 1997 publication likely outdated; no ratings or reviews,327,The Austrian Financial Markets
336,How to Select Top-performing Mutual Fund Investments,"Aaron H. Coleman, David H. Coleman",metadata_only,DROP_D,medium,high,drop,ok,,,none,,"This 1993 book on mutual fund selection by unknown authors from an obscure publisher has no ratings, no web evidence, and no credibility signals. The content is likely severely outdated given the significant changes in the mutual fund industry over the past 30 years. With no canonical status, no author reputation, and no supporting evidence, this book does not meet Atlas quality standards.",no ratings or reviews found; obscure publisher with no web presence; 1993 publication date makes content outdated for mutual fund selection; unknown authors with no credibility signals; beginner/introductory framing,328,How to Select Top-performing Mutual Fund Investments
337,Emerging Governance Practices in Enterprise Risk Management,Matteo Tonello,metadata_only,REVIEW_C,medium,low,review,ok,,,none,,"This appears to be a corporate governance/ERM report by Matteo Tonello, likely published by The Conference Board given his affiliation, focused on enterprise risk management practices at organizations. While ERM has some relevance to financial risk management, this report targets corporate governance practitioners rather than investors or traders. No ratings, reviews, or web evidence exist to assess quality or impact.",no web evidence; corporate governance report rather than investing/trading book; 2007 publication may be dated for ERM practices,329,Emerging Governance Practices in Enterprise Risk Management
338,Annual Report,Mitsubishi Tōkyō Fainansharu Gurūpu,metadata_only,DROP_D,low,high,drop,ok,,,none,,"This is a corporate annual report from Mitsubishi Tokyo Financial Group (2001), not a book. Annual reports are primary corporate documents, not educational or analytical works suitable for a book recommendation platform. It has no ratings, no description, and no web evidence supporting its inclusion in Atlas.","annual report, not a book; corporate document not suitable for a book recommender; no publisher or description; no ratings or reviews",330,Annual Report
339,INFORMS Annual Meeting,Institute for Operations Research and the Management Sciences. National Meeting,metadata_only,DROP_D,low,high,drop,ok,,,none,,"This entry appears to be an INFORMS annual meeting program or conference proceedings, not a proper book. It has no description, no publisher, no ratings, and no web evidence. Conference proceedings from an operations research society are not appropriate for Atlas's investing/trading/markets/macro book recommender.","conference proceedings/meeting program, not a book; no description, no publisher, no ratings; not a retail book suitable for a reading recommender",331,INFORMS Annual Meeting
340,Consultants and Consulting Organizations Directory,Janice W. McLean,metadata_only,DROP_D,low,high,drop,ok,,,none,,"This is a 1999 directory indexing consulting firms and consultants by geography, activity, and name — a reference catalog with no relevance to investing, trading, financial markets, or macroeconomics. It has no ratings, no web evidence, and no canonical status in Atlas's domain. It should be dropped on both relevance and quality grounds.","directory/reference index, not a book on investing or trading; no ratings or web evidence; not relevant to investing/trading/financial markets/macro",332,Consultants and Consulting Organizations Directory
341,Building Algorithmic Trading Systems,William Johnson,metadata_only,REVIEW_C,high,low,review,ok,,,none,,"The book covers a highly relevant topic (algorithmic trading systems) and the description sounds substantive, covering data analysis, risk management, and ML/AI applications. However, HiTeX Press is an obscure publisher with no verifiable reputation, there is zero web evidence or community validation, and no ratings exist. Without any corroborating evidence of author credentials or community reception, this requires human review before keeping.",unknown publisher (HiTeX Press); no web evidence found; no ratings or reviews; 2024 publication with zero web presence; step-by-step guide framing edges toward introductory/beginner territory,333,Building Algorithmic Trading Systems
342,Financial Econometrics,William Johnson,metadata_only,REVIEW_C,high,low,review,ok,,,none,,"The topic (financial econometrics, volatility modeling, time series, options pricing) is highly relevant to Atlas's investing/markets scope. However, the publisher HiTeX Press is obscure, the author William Johnson has no verifiable credentials or web presence, and there is zero external evidence of the book's quality or adoption. The 'beginners and seasoned professionals' framing is a soft red flag but not disqualifying; this warrants human review rather than an automatic drop.",unknown publisher (HiTeX Press); unknown author with no web presence; 2024 publication with zero web evidence; description mentions 'beginners' as target audience,334,Financial Econometrics
343,Continuous-time Methods and Market Microstructure,Andrew Wen-Chuan Lo,metadata_only,KEEP_B,high,medium,keep,ok,,,none,,"Andrew Lo is a highly credible and foundational figure in financial econometrics and market microstructure, and this Edward Elgar collection covers core topics (random walk, asset pricing, APT, term structure, variance bounds) that are directly relevant to Atlas's investing/trading/markets scope. The absence of ratings is neutral given the academic anthology format and reputable publisher. The description aligns well with serious graduate-level financial econometrics content rather than a popular or low-quality summary work.",,335,Continuous-time Methods and Market Microstructure
344,Market Microstructure and Market Liquidity,"Jun Muranaga, Tokiko Shimizu",metadata_only,REVIEW_C,high,low,review,ok,,,none,,"The topic — market microstructure and liquidity — is directly relevant to Atlas's scope, and the analytical approach (simulation model, efficiency/stability relationship) suggests a credible academic or policy-oriented work. However, no publisher information, no ratings, no web evidence, and no manual annotations are available, making quality assessment very uncertain. The authors appear to be associated with the Bank of Japan (a credible institutional context for 1999), but without corroborating evidence this warrants human review rather than a confident keep or drop decision.",,336,Market Microstructure and Market Liquidity
345,Econometric Models of Limit-order Executions,"Andrew Wen-Chuan Lo, Archie Craig MacKinlay, June Zhang",metadata_only,REVIEW_C,medium,low,review,ok,,,none,,"This appears to be an academic working paper (1997) by Andrew Lo and Craig MacKinlay (credible finance/econometrics authors) on limit-order execution modeling, which is directly relevant to market microstructure. However, the description is entirely mismatched — it discusses monetary shocks and business cycles, not limit orders — suggesting a metadata error. Without web evidence and with a garbled description, this cannot be confidently classified.","description mismatch: title is about limit-order executions but description discusses monetary policy/business cycle models; likely a working paper or academic paper, not a book; no publisher, no ratings, no web evidence",337,Econometric Models of Limit-order Executions
346,Expectations and Market Microstructure when Liquidity is Lost,"Jun Muranaga, Tokiko Shimizu",metadata_only,REVIEW_C,medium,low,review,ok,,,none,,"This appears to be a working paper or research memo by Bank of Japan researchers on market microstructure and liquidity evaporation, topics highly relevant to financial markets. However, there is no publisher, no ratings data, no web evidence, and no manual annotations, making quality assessment nearly impossible. The topic (price discovery halts, liquidity evaporation via simulation) is academically relevant but the document format is unclear — it may not qualify as a standalone book.",no publisher listed; no ratings or reviews found; appears to be a working paper or conference paper rather than a book; 1999 date suggests it may be a research memo,338,Expectations and Market Microstructure when Liquidity is Lost
347,The Law and Economics of Best Execution,Jonathan R. Macey,metadata_only,REVIEW_C,medium,low,review,ok,,,none,,"Jonathan R. Macey is a credible Yale law professor known for securities and corporate law scholarship, lending some credibility to this title. The topic of best execution in financial markets is relevant to trading and market microstructure. However, no web evidence, ratings, or publisher information is available, and the 1997 date makes it potentially dated. Without further evidence, this warrants human review rather than a confident keep or drop decision.",no web evidence; no publisher listed; no ratings or reviews,339,The Law and Economics of Best Execution
348,The Microstructure of Securities Markets,Kalman J. Cohen,metadata_only,KEEP_B,high,low,keep,ok,,,none,,"Kalman J. Cohen was a prominent finance academic, and 'The Microstructure of Securities Markets' (Prentice Hall, 1986) addresses market microstructure — a highly relevant topic for trading and financial markets. Published by a credible academic press during the foundational era of microstructure research, this is likely a serious scholarly work. No web evidence or ratings are available, so confidence is low, but the title, author credentials, and publisher suggest genuine academic value warranting a KEEP_B designation pending further review.",,340,The Microstructure of Securities Markets
349,The Flow of Information in Financial Markets,Allan A. Zebedee,metadata_only,REVIEW_C,medium,low,review,ok,,,none,,"The title suggests relevance to market microstructure and information asymmetry in financial markets, which aligns with Atlas's scope. However, there is no web evidence, no publisher, no ratings, and the author Allan A. Zebedee is not recognizable as a prominent figure in the field. With metadata only, this cannot be confidently placed without human review.",no publisher listed; no web evidence found; no ratings or reviews; unknown author,341,The Flow of Information in Financial Markets
350,Journal of Financial Economics,"Graduate School of Management, Harvard University, University of Rochester",metadata_only,DROP_D,high,high,drop,ok,,,none,,"The Journal of Financial Economics is a prestigious peer-reviewed academic journal, not a book. It is not suitable for inclusion in a book recommender system. While highly relevant to the investing/finance domain, cataloging a journal (or a journal issue) rather than a standalone book is a category error for Atlas's purposes.","This is an academic journal, not a book; Not appropriate for a book recommender catalog; No meaningful metadata to judge as a standalone work",342,Journal of Financial Economics
351,An Intraday Analysis of Stock Market Liquidity,Joe Lange,metadata_only,REVIEW_C,medium,low,review,ok,,,none,,"The title suggests a niche academic or technical study on intraday stock market liquidity, which is relevant to trading and financial markets. However, there is no publisher, no ratings, no reviews, and no web evidence to assess quality or credibility. Without corroborating evidence of peer recognition, citation, or publication by a reputable press, this cannot be confidently kept or dropped and warrants human review.",no publisher listed; no ratings or reviews found; no web evidence; obscure or unpublished work,343,An Intraday Analysis of Stock Market Liquidity
352,Transaction Costs and Institutional Investor Trading Strategies,"Robert Alan Schwartz, David K. Whitcomb",metadata_only,KEEP_B,high,low,keep,ok,,,none,,"Robert Schwartz is a well-regarded academic in market microstructure and institutional trading, and transaction costs are a core topic in institutional investing and trading strategy. The 1988 date suggests this is an early specialist academic work in a foundational area. No ratings or web evidence are available, but the author's credibility and direct relevance to Atlas's scope support keeping it as a credible specialist title.",,344,Transaction Costs and Institutional Investor Trading Strategies
353,"An Analysis of Market Organization, Order Strategy and Market Quality",Gail Michele Belonsky,metadata_only,DROP_D,medium,low,drop,ok,,,none,,"This appears to be an unpublished academic dissertation or working paper from 1996 with no publisher, no ratings, and no web evidence of circulation or impact. While the topic (market microstructure, order strategy, market quality) is relevant to trading and financial markets, there is no evidence this work achieved any notable readership or influence. With zero web presence and no supporting metadata, it cannot be confidently recommended for Atlas.",no publisher listed; no ratings or reviews found; likely academic dissertation or unpublished thesis from 1996; no web evidence or citations found,345,"An Analysis of Market Organization, Order Strategy and Market Quality"
354,Financial Futures and Options Markets,Robert T. Daigler,metadata_only,KEEP_B,high,low,keep,ok,,,none,,"Robert T. Daigler is a recognized academic in derivatives markets, and this 1994 HarperCollins College text on financial futures and options is directly relevant to trading and financial markets. No ratings or web evidence are available, but the publisher and author credentials suggest a credible specialist textbook rather than a low-quality work. Given the highly relevant subject matter and academic provenance, KEEP_B is appropriate pending further verification.",,346,Financial Futures and Options Markets
355,Effects of Trading Halt System on Market Functioning,"Jun Muranaga, Tokiko Shimizu",metadata_only,REVIEW_C,medium,low,review,ok,,,none,,"This appears to be an academic or working paper on market microstructure, specifically trading halt mechanisms and their effects on market functioning — a relevant but niche topic within financial markets. The authors Jun Muranaga and Tokiko Shimizu are likely affiliated with the Bank of Japan based on naming conventions and the 1999 timeframe, suggesting institutional credibility. However, with no publisher, no ratings, and no web evidence, it is impossible to assess quality or impact confidently. A human reviewer should determine whether this is a credible research paper worth including for specialist microstructure coverage.",no publisher listed; no ratings or reviews found; no web evidence,347,Effects of Trading Halt System on Market Functioning
356,An Ordered Probit Analysis of Transaction Stock Prices,"Jerry A. Hausman, Andrew Wen-Chuan Lo, Archie Craig MacKinlay",metadata_only,REVIEW_C,medium,low,review,ok,,,none,,"This appears to be an academic research paper (likely an NBER working paper) by highly credible authors—Hausman, Lo, and MacKinlay are all prominent financial economists—on microstructure econometrics of transaction prices. However, it is almost certainly not a standalone book but rather a journal article or working paper, making it inappropriate for a book recommendation platform. Without publisher information, ratings, or web evidence confirming book status, this warrants human review rather than automatic retention or dropping.","appears to be an academic working paper/article, not a book; no publisher listed; no ratings or reviews found; 1991 date suggests this may be a NBER working paper",348,An Ordered Probit Analysis of Transaction Stock Prices
357,International Investments,Bruno H. Solnik,metadata_only,KEEP_B,high,medium,keep,ok,,,none,,"Bruno Solnik is a highly respected academic and practitioner in international finance, and 'International Investments' is a well-known textbook that has gone through multiple editions, widely used in finance courses covering international diversification, currency risk, and global portfolio management. Published by Addison Wesley, a credible academic publisher, the book covers core topics directly relevant to Atlas's investing and financial markets scope. No ratings are available but the canonical status of this textbook and the author's strong reputation justify a KEEP_B designation.",,349,International Investments
358,Limit Order Book as a Market for Liquidity,"Thierry Foucault, Ohad Kadan, Eugene Kandel",metadata_only,KEEP_B,high,medium,keep,ok,,,none,,"Thierry Foucault is a highly respected academic in market microstructure, and this 2001 paper/book on limit order books is a foundational work in the field, widely cited in academic literature on trading and market design. The topic is directly relevant to Atlas's investing and financial markets scope, specifically covering market microstructure and liquidity provision mechanisms. No ratings exist as this appears to be an academic working paper or monograph rather than a trade book, but the authors' credentials (Foucault, Kadan, Kandel) and the canonical nature of the subject matter support keeping it.",,350,Limit Order Book as a Market for Liquidity
359,Performance of International Securities Markets,Heiko Schmiedel,metadata_only,DROP_D,medium,low,drop,ok,,,none,,"This appears to be a narrow academic dissertation or working paper (the description 'Tiivistelmä' is Finnish for 'abstract'), with no publisher, no ratings, and no web evidence of circulation or influence. There is no indication it has been widely read, cited on investment reading lists, or recognized as a canonical work in international securities markets. With no corroborating evidence of quality or impact, this does not meet the bar for Atlas inclusion.",no ratings or reviews found; no publisher listed; description is only 'Tiivistelmä' (abstract/summary in Finnish); likely an academic dissertation or working paper with minimal reach,351,Performance of International Securities Markets
360,Regulating Exchanges and Alternative Trading Systems,"Jonathan R. Macey, Maureen O'Hara",metadata_only,KEEP_B,high,medium,keep,ok,,,none,,"Jonathan Macey (Yale Law) and Maureen O'Hara (Cornell, market microstructure authority) are both highly credible academic experts in financial markets and regulation. The topic—regulating exchanges and alternative trading systems—is directly relevant to Atlas's financial markets scope, especially given the rise of ECNs and ATSs in the late 1990s regulatory environment. No rating data is available, but the author credentials and subject matter strongly support retention as a credible specialist work. Published in 1998, it is historically significant as a foundational academic treatment of exchange regulation.",,352,Regulating Exchanges and Alternative Trading Systems
361,Share Liquidity and Corporate Efforts to Enhance it,Maria Gårdängen,metadata_only,DROP_D,low,low,drop,ok,,,none,,"This appears to be a narrow academic dissertation or working paper from 2005 on share liquidity, with no publisher, no ratings, and no web evidence of broader impact or recognition. The topic is tangentially related to financial markets but the work shows no signs of canonical status or wide readership. With zero annotations, no evidence of use on reading lists, and metadata-only evaluation, this does not meet the bar for Atlas inclusion.",no publisher info; no ratings or reviews; no web evidence; likely academic thesis/dissertation with very limited reach,353,Share Liquidity and Corporate Efforts to Enhance it
362,Financial Modelling,Andrzej M. J. Skulimowski,metadata_only,REVIEW_C,medium,low,review,ok,,,none,,"Metadata-only assessment with no web evidence, no publisher, no description, and no ratings available for this 1999 book by Andrzej Skulimowski. The title 'Financial Modelling' is highly relevant to Atlas's investing/financial markets scope, but without any corroborating evidence of quality, readership, or canonical status, a confident tier assignment is not possible. Skulimowski appears to be an academic researcher in decision support and AI, but this specific work cannot be verified. Flagged for human review.",no publisher listed; no description available; no web evidence; 1999 publication with no ratings or reviews found,354,Financial Modelling
363,The Challenge of Information Technology for the Securities Markets,Salomon Brothers Center for the Study of Financial Institutions,metadata_only,DROP_D,low,low,drop,ok,,,none,,"This 1989 volume focuses on information technology infrastructure for securities markets, a topic that is both extremely dated and only tangentially relevant to Atlas's core investing/trading/markets/macro scope. No ratings, reviews, or web evidence were found to suggest canonical status or ongoing relevance. The Salomon Brothers Center is credible, but the subject matter has been entirely superseded by decades of technological change.","1989 publication date — severely outdated for IT/technology topics; No ratings or reviews found; No web evidence or citations found; Narrow institutional/technical focus on IT infrastructure, not investing/trading/markets/macro",355,The Challenge of Information Technology for the Securities Markets
365,Financial Statement Analysis,Charles H. Gibson,metadata_only,KEEP_B,high,low,keep,ok,,,none,,"Charles H. Gibson's 'Financial Statement Analysis' is a well-known textbook in accounting and finance education, widely used in university courses, and the description emphasizes real-world examples and analytical depth rather than oversimplification. South-Western Educational Publishing is a credible academic publisher. The 1998 edition is dated but the subject matter—financial statement analysis—is directly relevant to investing and financial markets. No ratings data is available, but the book's academic pedigree and subject relevance support a KEEP_B designation.",,356,Financial Statement Analysis
366,Financial Statement Analysis,"Ray Ball, S. P. Kothari",metadata_only,KEEP_B,high,medium,keep,ok,,,none,,"Ray Ball and S.P. Kothari are both highly respected academic finance scholars — Ball is famous for the Ball-Brown (1968) study on earnings and stock prices, and Kothari is a leading authority on accounting-based valuation and financial statement analysis. Published by McGraw-Hill in 1994, this textbook on financial statement analysis is directly relevant to investing and markets. No rating data is available, but the authors' strong academic credentials and the topic's direct relevance to fundamental analysis support keeping it.",,357,Financial Statement Analysis
367,Financial Reporting and Statement Analysis,Clyde P. Stickney,metadata_only,KEEP_B,medium,low,keep,ok,,,none,,"Clyde Stickney is a well-regarded accounting/finance academic and this textbook on financial statement analysis has been used in MBA programs, covering economically relevant analysis of firms. The strategic approach integrating economics, accounting, and business strategy gives it moderate relevance to investing and financial markets. However, the 1996 date makes it potentially outdated, and no ratings data is available to confirm current standing. Keeping as KEEP_B given the credible academic author and substantive topic relevance to fundamental analysis.",no web evidence; 1996 publication may be dated; textbook format,358,Financial Reporting and Statement Analysis
368,Analysis of American and Canadian Securities for the Use of English Investors,Kenneth Ffarington Bellairs,metadata_only,REVIEW_C,medium,low,review,ok,,,none,,"This is a 19th-century (1874) specialized text on North American securities for British investors, which is topically relevant to investing and financial markets. However, there is no web evidence, no ratings, no publisher information, and the author is obscure, making quality assessment extremely difficult. Its historical age may give it archival interest but limits practical relevance for a modern investing/trading recommender; a human should decide whether its historical value warrants inclusion.",no web evidence; obscure 19th-century text; no publisher info; no ratings or reviews,359,Analysis of American and Canadian Securities for the Use of English Investors
369,Financial Statement Analysis,Leopold A. Bernstein,metadata_only,KEEP_B,high,medium,keep,ok,2.5,2,google,,"Leopold Bernstein's 'Financial Statement Analysis' is a well-known, foundational textbook in financial analysis, published by McGraw-Hill/Irwin — a highly credible academic publisher. The Google rating of 2.5 is based on only 2 reviews and carries no statistical weight. The book is widely recognized in the field and has been a standard reference for practitioners and students of accounting-based financial analysis, making it highly relevant to Atlas's investing/markets scope.",Google rating extremely low but based on only 2 reviews — statistically meaningless,360,Financial Statement Analysis
370,Modern Strategy for Successful Investing,"Keith V. Smith, David K. Eiteman",metadata_only,REVIEW_C,medium,low,review,ok,,,none,,"This 1974 investing strategy book has no web evidence, no ratings, and no description to evaluate quality or relevance. David K. Eiteman is a credible finance academic known for international finance textbooks, lending some credibility. However, without further evidence of canonical status or continued relevance, a human review is warranted before inclusion.",no web evidence; no publisher listed; 1974 publication may be outdated for modern markets; no description available,361,Modern Strategy for Successful Investing
371,Practical Financial Statement Analysis,Roy A. Foulke,metadata_only,KEEP_B,high,low,keep,ok,,,none,,"Roy A. Foulke was a well-regarded financial analyst at Dun & Bradstreet and this title was a widely used reference on financial statement analysis in its era, appearing on academic reading lists mid-20th century. The topic — financial statement analysis — is directly relevant to investing and financial markets. However, given the 1950 publication date and lack of any web evidence or ratings, its contemporary relevance and availability are uncertain. Rated KEEP_B as a credible specialist historical work, but warrants human review given its age.",1950 publication — very dated; no web evidence found; no ratings available,362,Practical Financial Statement Analysis
372,The Analysis of Financial Statements,Harry George Guthmann,metadata_only,REVIEW_C,medium,low,review,ok,,,none,,"Harry George Guthmann was a respected finance professor at Northwestern, and early financial statement analysis texts from this era (like Graham's Security Analysis, 1934) can carry canonical weight. However, this 1925 text predates Graham and lacks any web evidence, ratings, or publisher confirmation to assess its current relevance or standing. Without evidence of continued citation or inclusion on reputable reading lists, it warrants human review rather than an automatic keep or drop.",very old (1925); no ratings or reviews found; no publisher listed; no description available,363,The Analysis of Financial Statements
373,Badger on Investment Principles and Practices,Ralph Eastman Badger,metadata_only,REVIEW_C,medium,low,review,ok,,,none,,"Ralph Eastman Badger was a recognized academic in finance/investment during the early 20th century, and a 1928 text on investment principles has historical relevance to the investing domain. However, there is no web evidence, ratings, or publisher information to confirm quality or canonical status. Without corroborating evidence of its influence or standing on reading lists, this warrants human review rather than a confident keep or drop.",no ratings or reviews found; 1928 publication with no web evidence; no publisher information,364,Badger on Investment Principles and Practices
374,Sources of Investment Information,Special Libraries Association. Exhibit Committee,metadata_only,DROP_D,low,high,drop,ok,,,none,,"This is a 1929 reference bibliography compiled by a library association's exhibit committee, not a substantive work on investing, trading, or financial markets. It is nearly 100 years old, rendering any investment information it contains wholly obsolete. No ratings, reviews, or web evidence exist to suggest any lasting relevance or canonical status.",published 1929 - severely outdated; no publisher or description; no ratings or reviews; reference/bibliography guide rather than substantive investing content,365,Sources of Investment Information
375,Handbook of International Accounting,Frederick D. S. Choi,metadata_only,REVIEW_C,medium,low,review,ok,,,none,,"Published in 1991 by Wiley and authored by Frederick Choi, a credible academic in international accounting, this is a legitimate reference work from a reputable publisher. However, the 1991 date means it predates major developments like IFRS convergence, making much of the technical content obsolete. Relevance to Atlas's investing/trading/markets/macro scope is moderate at best, as international accounting standards are more relevant to financial reporting than active investing or trading. Without ratings or web evidence, a human review is warranted to assess whether it retains canonical reference value.",1991 publication date — likely outdated for current accounting standards; no ratings or reviews found; no web evidence,366,Handbook of International Accounting
376,Insurance Company Investment Management Handbook,"Edmund A. Mennis, Stanley D. Ryals",metadata_only,REVIEW_C,medium,low,review,ok,,,none,,"This is a specialist handbook on insurance company investment management, which is tangentially relevant to institutional investing within Atlas's scope. Edmund Mennis had credibility as a CFA-affiliated author on investment topics, suggesting professional-grade content. However, with no ratings, no web evidence, no publisher information, and a 1992 publication date, there is insufficient evidence to confirm quality or continued relevance. A human review is warranted to determine if the content remains useful for institutional investing coverage.",no web evidence; no publisher listed; 1992 publication may be outdated for regulatory/investment guidance,367,Insurance Company Investment Management Handbook
377,Venture's Guide to Investing in Private Companies,"Arthur Lipper, George Ryan",metadata_only,KEEP_B,medium,low,keep,ok,,,none,,"Arthur Lipper was a credible Wall Street figure and entrepreneur with domain expertise in venture and private equity investing, and Irwin Professional Publishing was a respected financial publisher. The title is directly relevant to private company investing, a specialist topic within Atlas's scope. However, the 1984 publication date limits contemporary relevance, and without ratings or web evidence confidence is low. Rated KEEP_B as a credible specialist work from an established author and publisher.",no web evidence found; 1984 publication may be outdated for private equity practices,368,Venture's Guide to Investing in Private Companies
378,Techniques of Financial Analysis,Erich A. Helfert,metadata_only,KEEP_B,high,medium,keep,ok,,,none,,"Erich Helfert's 'Techniques of Financial Analysis' is a well-established textbook published by McGraw-Hill/Irwin, now in its 10th edition with over 500,000 copies in print across 9 languages — strong signals of canonical status in financial analysis education. The description emphasizes practical financial decision-making and cash flow analysis, directly relevant to Atlas's investing/trading/financial markets scope. No web evidence was found, but the metadata strongly supports credibility given the publisher, longevity (35+ years), and sales figures. No red flags present.",,369,Techniques of Financial Analysis
379,The Evening Sessions,University of Toledo,metadata_only,DROP_D,low,high,drop,ok,,,none,,"This appears to be a 1921 institutional publication from the University of Toledo with no description, no ratings, and no web evidence. It has no apparent relevance to investing, trading, financial markets, or macro economics. There is no basis to retain this in Atlas.",no relevance to investing/trading/markets/macro; 1921 university publication with no description; institutional document not a book,370,The Evening Sessions
380,Investment Basics,Joyce Edna Jones,metadata_only,DROP_D,low,high,drop,ok,,,none,,"This book has no publisher, no ratings, no web evidence, and no known author reputation. The 'Investment Basics' title signals a generic introductory work unlikely to meet Atlas's standards for canonical or specialist investing content. With zero evidence of credibility or relevance to Atlas's scope, this is a clear drop.",'basics' in title signals introductory/beginner content; unknown author with no web presence; no publisher listed; no ratings or reviews found; no web evidence whatsoever,371,Investment Basics
381,Understanding Financial Statements,"Lyn M. Fraser, Aileen Ormiston",metadata_only,KEEP_B,medium,low,keep,ok,,,none,,"Fraser and Ormiston's 'Understanding Financial Statements' is a long-running textbook (multiple editions) used in university business and accounting courses, giving it credibility as an educational resource. Its focus on interpreting and evaluating financial statements for business decision-making has direct relevance to fundamental investing and financial analysis. However, it is primarily a supplementary academic text rather than a practitioner or investing-focused book, and no ratings or web evidence are available to confirm current standing. It warrants KEEP_B as a credible foundational text for financial statement analysis relevant to investors.",supplementary/textbook format; no web evidence; 2001 edition may be outdated,372,Understanding Financial Statements
382,Analyzing Financial Statements,Stephen Gilman,metadata_only,REVIEW_C,medium,low,review,ok,,,none,,"Stephen Gilman's 1925 work on financial statement analysis is a historically early text in the field, predating Benjamin Graham's foundational works. Without web evidence, publisher info, or ratings, it is unclear whether this book has canonical status or is simply an obscure historical artifact. A human reviewer should assess whether it holds historical significance in financial analysis literature worth preserving in Atlas.",no web evidence; no publisher info; 1925 publication may be obsolete for modern financial analysis; no ratings or reviews found,373,Analyzing Financial Statements
383,An Analysis of Investment Banking for Vocational Guidance,Investment Bankers Association of America. Education Committee,metadata_only,DROP_D,medium,low,drop,ok,,,none,,"This 1929 document appears to be a vocational guidance pamphlet produced by an industry association committee, not a substantive investment or financial markets text. No ratings, no publisher, and no web evidence exist to establish any readership or lasting relevance. The vocational guidance framing places it outside Atlas's core scope of investing, trading, and financial markets education. Given its age and nature as an institutional report, it holds no practical value for modern users.","vocational guidance document not an investment/trading book; 1929 publication with no modern readership evidence; institutional committee authorship suggests pamphlet/report not a book; no publisher, no ratings, no web evidence",374,An Analysis of Investment Banking for Vocational Guidance
384,Annual Report of the President of the University for the Year Ending ...,Stanford University,metadata_only,DROP_D,low,high,drop,ok,,,none,,"This is a 1927 Stanford University administrative annual report covering faculty publications, departmental activities, and internal financial operations — not a work on investing, trading, financial markets, or macroeconomics. It has no relevance to Atlas's knowledge domain. There is no rating data, no web evidence, and no justification for retention.",institutional administrative report; not a book on investing/trading/markets/macro; 1927 university annual report with no relevance to Atlas scope,375,Annual Report of the President of the University for the Year Ending ...
385,The Analysis of Financial Statements,Aaron Morton Sakolski,metadata_only,REVIEW_C,medium,low,review,ok,,,none,,"This 1923 text on financial statement analysis is historically early in the field, predating Benjamin Graham's foundational works. Aaron Morton Sakolski was a legitimate early 20th-century financial economist, but without web evidence or ratings it is unclear whether this book retains any canonical status or modern relevance. The topic is directly relevant to investing/financial analysis, but its age and lack of any supporting evidence warrant human review rather than a confident keep or drop decision.",no ratings or reviews found; very old (1923); no publisher information; no web evidence,376,The Analysis of Financial Statements
386,Moody's Analyses of Railroad Investments,John Sherman Porter,metadata_only,REVIEW_C,medium,low,review,ok,,,none,,"This is a 1926 Moody's railroad investment analysis reference volume, part of a historical annual series covering securities across multiple sectors. While Moody's is a credible financial institution with historical significance, this appears to be a dated reference/almanac rather than a broadly useful investing book. Without web evidence, ratings, or modern reading-list citations, a human should determine whether the historical archival value warrants inclusion in Atlas.",1926 publication date — historical artifact; no ratings or reviews found; no publisher identified; reference/almanac style annual rather than instructional investing book,377,Moody's Analyses of Railroad Investments
387,An Analysis of Issues Related to Criteria for Determining Materiality,Financial Accounting Standards Board,metadata_only,DROP_D,low,high,drop,ok,,,none,,"This is a 1975 FASB discussion document on materiality criteria for accounting standards, which is a narrow regulatory/accounting standards topic rather than investing, trading, or financial markets content. It is an institutional working paper rather than a book for investors or market participants. No ratings, reviews, or web evidence support its inclusion in Atlas.","1975 FASB discussion memorandum/study document; not a trade or educational book; accounting standards regulatory document, not investing/trading/markets content; no ratings or reviews",378,An Analysis of Issues Related to Criteria for Determining Materiality
388,Ratio Analysis of Financial Statements,"Alexander Wall, Raymond William Duning",metadata_only,REVIEW_C,medium,low,review,ok,,,none,,"Alexander Wall is historically notable as a pioneer of ratio analysis in financial statement analysis, and this 1928 work is potentially a foundational text in the field. However, with no web evidence, no publisher, no description, and no ratings, it is impossible to confirm canonical status or current relevance. Given its age and niche historical significance, a human should decide whether it merits inclusion in Atlas's corpus.",no web evidence; very old publication (1928); no publisher listed; no description,379,Ratio Analysis of Financial Statements
389,Investment Analysis,Walter Edwards Lagerquist,metadata_only,REVIEW_C,medium,low,review,ok,,,none,,"This is a 1922 investment analysis text with no web evidence, ratings, or publisher information available. While the title is directly relevant to Atlas's scope, its extreme age likely renders its content obsolete for practical investing guidance. Without evidence of canonical status or continued academic citation, this warrants human review rather than automatic retention or dropping.",1922 publication — very dated; no publisher info; no web evidence or ratings; unknown author prominence,380,Investment Analysis
390,2400 Business Books and Guide to Business Literature,New Jersey. Public Library,metadata_only,DROP_D,low,high,drop,ok,,,none,,"This is a 1920 New Jersey Public Library bibliography/guide to business literature, not an investing or financial markets book in its own right. It is a catalog or reading list, not substantive educational content. With no ratings, no web evidence, and no relevance to Atlas's core scope, it should be dropped.",bibliography/guide not a substantive book; 1920 library catalog; no ratings or reviews; not investing/trading/markets/macro content,381,2400 Business Books and Guide to Business Literature
391,2400 Business Books,"Newark Public Library. Business Branch, Linda Huckel Morley, Adelaide Cecilia Knight",metadata_only,DROP_D,low,high,drop,ok,,,none,,"This is a 1920 Newark Public Library catalog listing 2400 business books — it is a bibliographic reference list, not a substantive work on investing, trading, financial markets, or macro. It has no ratings, no web evidence, and no relevance to Atlas's domain. Should be dropped as irrelevant.","bibliography/catalog list, not a book about investing or markets; 1920 library catalog with no substantive content; no relevance to investing/trading/financial markets/macro",382,2400 Business Books
392,"2100 Business Books, and Guide to Business Literature",Newark Public Library. Business Branch,metadata_only,DROP_D,low,high,drop,ok,,,none,,"This is a 1920 library reference bibliography cataloging business books, not a substantive work on investing, trading, financial markets, or macro. It is purely a guide to literature with no original analytical content relevant to Atlas's scope. Its extreme age (over 100 years) and nature as a catalog make it irrelevant for modern financial knowledge recommendations.","bibliography/guide to literature, not a book about investing or trading; published 1920, severely outdated; no ratings or reviews; library catalog/reference guide, not substantive content",383,"2100 Business Books, and Guide to Business Literature"
393,Barron's Finance & Investment Handbook,"John Downes, Jordan Elliot Goodman",metadata_only,KEEP_B,high,medium,keep,ok,,,none,,"Barron's Finance & Investment Handbook is a well-established comprehensive reference work by credible authors (Downes & Goodman) published by Barron's Educational Series, a respected financial publisher. It has gone through multiple editions and has been positively cited by USA Today and other outlets as a required reference for investors and students. The 5,000+ term financial dictionary and investment guidance make it highly relevant to Atlas's scope. While listed year is 1990, the description references a 2006 updated edition, indicating sustained relevance and longevity.",,384,Barron's Finance & Investment Handbook
394,Coordination of Investments in Transport Infrastructures,Commission of the European Communities,metadata_only,DROP_D,low,high,drop,ok,,,none,,"This is a 1973 European Commission policy document on transport infrastructure coordination, which is a government administrative/policy publication rather than an investing, trading, or financial markets book. It falls entirely outside Atlas's scope of investing, trading, financial markets, and macro. No ratings, reviews, or web evidence exist to support any quality assessment.",1973 government policy document; no ratings or reviews; transport infrastructure policy outside investing/trading/markets scope; no web evidence,385,Coordination of Investments in Transport Infrastructures
395,Models for Investors in Real World Markets,"James R. Thompson, Edward E. Williams, M. Chapman Findlay, III",metadata_only,KEEP_B,high,low,keep,ok,,,none,,"Published by Wiley-Interscience (a credible academic imprint) and authored by academic researchers, this book offers a substantive anti-efficient-markets critique of investment theory, inspired by the LTCM collapse — a highly relevant topic for Atlas. No ratings data available, but the publisher, academic authorship, and serious subject matter suggest credible specialist-level content. Absence of web evidence prevents a stronger confidence rating, but no red flags are present.",,386,Models for Investors in Real World Markets
396,Analysis of Industrial Securities,Carl Kraft,metadata_only,REVIEW_C,medium,low,review,ok,,,none,,"This 1930 text on industrial securities analysis is topically relevant to investing and financial markets, but Carl Kraft is not a recognized canonical figure and there is no web evidence, ratings, or publisher information to assess quality. The historical date and topic suggest it could be a legitimate early work in security analysis, but without corroborating evidence it cannot be confidently placed above REVIEW_C. A human should determine whether this book has historical significance or is simply an obscure, low-impact text.",no web evidence; unknown publisher; no ratings or reviews found; obscure author,387,Analysis of Industrial Securities
397,"Audits of Investment Companies, with Conforming Changes as of May 1, 1994",American Institute of Certified Public Accountants. Investment Companies Special Committee,metadata_only,DROP_D,low,high,drop,ok,,,none,,"This is a 1994 AICPA technical audit guide for investment companies, focused on accounting compliance and auditing standards rather than investing, trading, or financial markets education. It is a professional regulatory/accounting reference, not relevant to Atlas's scope of investing, trading, financial markets, or macro. The 30-year-old dated material and absence of any ratings or web presence further confirm this should be dropped.",1994 audit compliance/accounting manual; highly dated technical reference; not investing/trading/markets/macro content; no ratings or web evidence,388,"Audits of Investment Companies, with Conforming Changes as of May 1, 1994"
398,The Quant Trader's Handbook,Josh Luberisse,metadata_only,DROP_D,medium,low,drop,ok,,,none,,"Josh Luberisse and Fortis Novum Mundum are unknown quantities with no web evidence, reviews, or citations to establish credibility. The description employs 'secrets' language flagged in the rubric, and the publisher appears to be a vanity or self-publishing imprint. With no ratings, no reviews, and no canonical standing, there is insufficient evidence to keep this book in Atlas.",unknown/vanity publisher (Fortis Novum Mundum); no year published; no ratings or reviews found; description uses 'secrets' language; no web evidence or citations found; author has no established credibility in quantitative finance,389,The Quant Trader's Handbook
399,The 3-Level Bitcoin & Crypto Investing Framework,Andreas Tulong,metadata_only,DROP_D,medium,high,drop,ok,,,none,,"This book is published by an obscure self-publisher (AT Crypto Research) with no web evidence, no ratings, and a description that reads as promotional/lead-generation material pointing to a website. The author Andreas Tulong has no established credibility in financial literature, and the book's framing around common beginner mistakes and 'frameworks' aligns with low-quality crypto content. No canonical or credible signals override the default DROP.",unknown self-publisher (AT Crypto Research); no ratings or reviews; description uses 'framework' and promotional URL suggesting lead-generation content; future publication year (2026) with no web presence; description targets beginners with hype-adjacent framing; no credible author credentials found,390,The 3-Level Bitcoin & Crypto Investing Framework
400,"Applied Commodity Price Analysis, Forecasting, and Risk Management",NCR-134 (Committee : U.S.). Conference,metadata_only,REVIEW_C,medium,low,review,ok,,,none,,"This appears to be a 1989 conference proceedings volume from the NCR-134 Committee, an agricultural economics research group focused on commodity markets — topically relevant to commodity price analysis and risk management within Atlas's scope. However, there is no web evidence, no ratings, no publisher information, and no annotation history to assess quality or ongoing relevance. The age and niche academic nature warrant human review rather than an automatic keep or drop.",no publisher listed; conference proceedings from 1989; no web evidence found; committee/institutional authorship with no broader reputation signal,391,"Applied Commodity Price Analysis, Forecasting, and Risk Management"
401,Forecasting Volatility in the Financial Markets,"John Knight, Stephen Satchell",metadata_only,KEEP_B,high,low,keep,ok,,,none,,"Published by Butterworth-Heinemann with academic editors (Knight and Satchell are established finance academics), this is a specialist technical text on volatility modeling and forecasting in financial markets — a core topic for Atlas. The description indicates rigorous treatment of GARCH-type models and risk measurement rather than popular/self-help content. No rating data available, but publisher credibility and subject relevance support KEEP_B.",,392,Forecasting Volatility in the Financial Markets
402,Market Integration and Price Execution for NYSE-listed Securities,Charles M. C. Lee,metadata_only,REVIEW_C,medium,low,review,ok,,,none,,"Charles M. C. Lee is a respected finance academic known for market microstructure research, and the title suggests a scholarly work on NYSE price execution and market integration — directly relevant to trading/markets. However, with no publisher, no ratings, no description, and no web evidence, it is unclear whether this is a standalone book or an academic paper/dissertation from 1993. Insufficient evidence to confirm it merits a place in Atlas without human review.",no publisher listed; no description; no web evidence; likely academic paper or monograph rather than book,393,Market Integration and Price Execution for NYSE-listed Securities
403,Purchase of Order Flows and Favorable Executions,Charles M. C. Lee,metadata_only,REVIEW_C,medium,low,review,ok,,,none,,"Charles M. C. Lee is a credible academic finance researcher known for market microstructure work, and the topic of order flow and trade execution is directly relevant to trading and financial markets. However, this 1991 entry appears to be an academic paper or working paper rather than a standalone book, given the lack of publisher, ratings, or any web evidence. Without confirmation that this is a book rather than an academic article, a human review is warranted.",no publisher listed; no ratings or reviews found; likely academic paper or working paper rather than a book,394,Purchase of Order Flows and Favorable Executions
404,Optimal Execution of Multiasset Block Orders Under Stochastic Liquidity,"Naoki Makimoto, Yoshihiko Sugihara",metadata_only,REVIEW_C,high,low,review,ok,,,none,,"This appears to be an academic research paper rather than a book, covering optimal execution and market microstructure — highly relevant to trading and financial markets. The topic (multiasset block order execution under stochastic liquidity) is technically sophisticated and credible, but without publisher information, ratings, or web evidence it is impossible to confirm this is a standalone book suitable for Atlas. A human reviewer should determine whether this is a journal article or working paper rather than a tradeable book.","academic paper, not a book; no publisher or rating data; no web evidence",395,Optimal Execution of Multiasset Block Orders Under Stochastic Liquidity
405,Microstructure,Hans R. Stoll,metadata_only,KEEP_B,high,medium,keep,ok,,,none,,"Hans R. Stoll is a prominent finance academic known for foundational work in market microstructure, including dealer markets and bid-ask spreads. A 1999 work titled 'Microstructure' by Stoll is highly relevant to trading and financial markets. No web evidence or ratings are available, but the author's credentials and topic specificity support keeping it. Rated KEEP_B rather than KEEP_A due to lack of corroborating evidence and missing publisher/description context.",,396,Microstructure
406,The Dow Jones-Irwin Guide to Trading Systems,Bruce Babcock,metadata_only,KEEP_B,high,medium,keep,ok,,,none,,"Bruce Babcock was a respected authority on mechanical trading systems and authored several credible works in this space; published by Dow Jones-Irwin (a reputable financial imprint, later part of McGraw-Hill) in 1989, this book covers systematic trading theory and backtesting across multiple markets — highly relevant to Atlas's trading/markets scope. No web evidence is available, but the publisher pedigree, author credibility, and substantive description support a KEEP_B designation. The 1989 date means some content may be dated, but foundational trading systems literature retains reference value.",,397,The Dow Jones-Irwin Guide to Trading Systems
407,Risk Management and Financial Derivatives,Satyajit Das,metadata_only,KEEP_B,high,medium,keep,ok,,,none,,"Satyajit Das is a widely respected authority on derivatives and risk management, having authored numerous canonical reference works in the field. Published by McGraw-Hill in 1998, this book covers financial derivatives mathematics and risk management methodology — core topics for Atlas. While no ratings or web evidence are available, the author's strong credibility and publisher reputation support a KEEP_B designation. The description does not trigger any hard red flags despite mentioning 'nontechnical,' as it is clearly a substantive technical reference rather than a beginner/get-rich title.",,398,Risk Management and Financial Derivatives
408,Technical Traders Guide to Computer Analysis of the Futures Markets,"Charles Lebeau, David W. Lucas",metadata_only,KEEP_B,high,medium,keep,ok,,,none,,"Charles LeBeau is a well-respected figure in technical analysis and futures trading systems, and this McGraw-Hill publication from 1992 is considered a foundational reference for computer-based futures system development. The book covers practical construction of trading systems using technical indicators, which is highly relevant to Atlas's trading/markets scope. No web evidence was available, but publisher credibility, author reputation, and substantive description support retaining it as a credible specialist title.",,399,Technical Traders Guide to Computer Analysis of the Futures Markets
409,Global Equity Markets,Robert Alan Schwartz,metadata_only,KEEP_B,high,low,keep,ok,,,none,,"Robert Alan Schwartz is a credible academic known for market microstructure research, and Irwin Professional Publishing was a reputable financial publisher. The book addresses global equity market structure with contributions from regulators and scholars, which is directly relevant to Atlas's investing and financial markets scope. However, its 1995 publication date limits contemporary utility, and the lack of any web evidence or ratings makes confidence low; it is retained as a specialist academic resource pending further review.",dated (1995); no web evidence found; no ratings available,400,Global Equity Markets
410,Proposals for a Securities Market Law for Canada: Background papers,"Philip Anisman, Canada. Department of Consumer and Corporate Affairs",metadata_only,DROP_D,low,medium,drop,ok,,,none,,"This is a 1979 Canadian government background paper on securities market legislation, produced for the Department of Consumer and Corporate Affairs. It falls squarely in the domain of securities law and regulatory policy rather than investing, trading, or financial markets as understood by Atlas. The material is highly dated and has no ratings, no web presence, and no apparent canonical status in the investing/finance literature.","government background paper / regulatory document; 1979 publication highly dated; securities law / regulatory framework, not investing/trading/markets",401,Proposals for a Securities Market Law for Canada: Background papers
411,The New Laws of the Stock Market Jungle,Michael J. Panzner,metadata_only,KEEP_B,high,low,keep,ok,,,none,,"Published by Financial Times/Prentice Hall, a credible financial publisher, with author Michael Panzner being a known market practitioner. The book addresses equity market structure, volatility, hedge funds, and trading dynamics — all highly relevant to Atlas's investing/trading scope. No ratings or web evidence available to confirm reception, but the publisher and topic suggest legitimate specialist content. Dated (2005) but the structural market analysis may retain value.",no web evidence found; no ratings available; content may be dated (2005),402,The New Laws of the Stock Market Jungle
412,Trading Forex by Liquidity,Konstantin Titov,metadata_only,DROP_D,medium,low,drop,ok,,,none,,"This is a self-published title by an unknown author with no ratings, reviews, or web presence, and a future publication date of 2026 raises credibility concerns. With zero web evidence, no established reputation, and no external validation, there is insufficient basis to keep this in a curated corpus. The topic (forex liquidity sessions) is relevant but the quality signals are too weak to justify inclusion.",self-published (author as publisher); year 2026 (future/unverified publication); no ratings or reviews; no web evidence found; unknown/unverified author,403,Trading Forex by Liquidity
413,Crypto Market Microstructure,Victor Trex,metadata_only,REVIEW_C,high,low,review,ok,,,none,,"The topic — crypto market microstructure covering AMMs, DEXs, and centralized order books — is highly relevant to Atlas's trading/markets scope, and the description is technically substantive rather than hyperbolic or beginner-oriented. However, the author Victor Trex and publisher HiTeX Press have no discoverable reputation or web presence, the book is brand new (2025) with zero ratings or reviews, and no corroborating evidence exists. Without any quality signal, this warrants human review rather than an automatic keep or drop.",unknown author (Victor Trex); unknown publisher (HiTeX Press); 2025 publication with zero web evidence; no ratings or reviews found,404,Crypto Market Microstructure
414,Optimal Trade Execution Under Stochastic Volatility and Liquidity,Patrick Cheridito,metadata_only,REVIEW_C,medium,low,review,ok,,,none,,"This appears to be an academic working paper or preprint by Patrick Cheridito (a credible quantitative finance/mathematics professor) on optimal trade execution under stochastic volatility, which is directly relevant to algorithmic trading and market microstructure. However, without a publisher, ratings, or web evidence, it is unclear whether this is a standalone book or a research paper, warranting human review rather than a definitive keep or drop decision.",no publisher listed; appears to be a working paper or academic preprint rather than a published book; no web evidence or ratings,405,Optimal Trade Execution Under Stochastic Volatility and Liquidity
415,"Liquidity, Resiliency and Market Quality Around Predictable Trades",Hendrik Bessembinder,metadata_only,REVIEW_C,medium,low,review,ok,,,none,,"Hendrik Bessembinder is a well-regarded finance academic known for market microstructure and asset pricing research, lending some credibility. However, this entry appears to be an academic working paper or journal article rather than a standalone book, with no publisher, no ratings, and no web evidence confirming book status. The topic (market microstructure, liquidity, ETF roll trades) is relevant to trading but the format makes it unsuitable for a book recommender without further verification.","appears to be an academic working paper/article, not a book; no publisher listed; no ratings or reviews",406,"Liquidity, Resiliency and Market Quality Around Predictable Trades"
416,Hidden Liquidity,Bidisha Chakrabarty,metadata_only,REVIEW_C,medium,low,review,ok,,,none,,"This appears to be an academic working paper or research article rather than a proper book — the description reads like an abstract discussing hidden orders in electronic limit order books around earnings announcements. No publisher is listed, no ratings exist, and there is no web evidence to confirm it was published as a standalone book. The topic (hidden liquidity and order books) is relevant to market microstructure, but without confirmation it is a proper book, it cannot be reliably kept.","appears to be an academic paper/working paper, not a book; no publisher listed; no web evidence; 2008 date with no ratings suggests limited distribution",407,Hidden Liquidity
417,"Trade Like a Rebel vol. 5 Pro Tools Margin, Leverage & Execution",FlexMind,metadata_only,DROP_D,medium,high,drop,ok,,,none,,"This is a self-published volume from an unknown publisher/author 'FlexMind' with zero web evidence, no ratings, and no credible credentials. The 'Trade Like a Rebel' branding and numbered series format suggest a low-quality, self-promotional product. While the topic (margin, leverage, execution) is relevant to trading, the complete absence of any market presence or credibility makes this unsuitable for Atlas.",self-published by unknown 'FlexMind' entity; part of a numbered series volume with no web presence; no ratings or reviews found; series title 'Trade Like a Rebel' carries hobbyist/guru tone; no year of publication,408,"Trade Like a Rebel vol. 5 Pro Tools Margin, Leverage & Execution"
418,Mastering Forex Spread Dynamics,Konstantin Titov,metadata_only,DROP_D,medium,high,drop,ok,,,none,,"This is a self-published book by an unknown author with no web presence, no ratings, and a future publication date of 2026, making credibility assessment nearly impossible. The self-publishing setup combined with zero external evidence and no existing Atlas annotations provides no basis for quality confidence. While the topic of forex spread dynamics is marginally relevant to trading, the book lacks any indicators of canonical status, credible authorship, or established readership that would justify retention.","self-published (author as publisher); publication year 2026 (future-dated, not yet established); no web evidence or ratings found; unknown author with no traceable reputation; educational guide framing suggests beginner/introductory content",409,Mastering Forex Spread Dynamics
419,Trade the Wild FX Exotics,Konstantin Titov,metadata_only,DROP_D,medium,low,drop,ok,,,none,,"Self-published with no ratings, reviews, or web presence, and a future 2026 publication date makes quality assessment impossible. Konstantin Titov has no established reputation in financial publishing that can be verified. While the topic (exotic FX trading) is relevant to Atlas's scope, the lack of any credibility signals and self-publishing status make this a drop under current evidence. Would require strong post-publication evidence to reconsider.",self-published (author as publisher); no ratings or reviews; 2026 publication date (not yet released); no web presence or evidence; no established author credentials found,410,Trade the Wild FX Exotics
