"google_volume_id","source_query","source_queries","source_start_index","source_result_index","global_rank","fetched_at","dedup_key","dedup_strategy","duplicate_count","title","subtitle","author","isbn_13","isbn_10","canonical_isbn_13","description","page_count","publication_year","published_date_raw","publisher","categories","language","cover_url","source","avg_rating","ratings_count"
"pn1TDwAAQBAJ","financial markets trading investing","financial markets trading investing","0","0","0","2026-05-14T12:48:25+00:00","9789811084973","isbn_13_explicit","1","Capital Markets Trading and Investment Strategies in China","A Practitioner's Guide","Xiaojiang Zhang","9789811084973","9811084971","9789811084973","This book covers in detail the building blocks of Chinese capital markets at the financial instrument level, the analytical pricing term structure of those instruments, the macro and industry economic framework and progress of the liberalization processes at work in the respective markets, the interaction of various participants in the markets, their trading and investment objectives and rationales, some of the most frequently applied trading and investment strategies, and risk management techniques. The book will especially benefit financial practitioners with in-depth knowledge of their respective capital markets area regarding foreign exchange, money markets, fixed income, and related derivatives, and who have a keen interest in gaining deeper insights into the Chinese market so as to develop or strengthen their global strategy application and risk management practice.","336","2018","2018-03-27","Springer","Business & Economics","en","https://books.google.com/books/content?id=pn1TDwAAQBAJ&printsec=frontcover&img=1&zoom=1&edge=curl&source=gbs_api","google_books","",""
"GMiiAxZy_t0C","financial markets trading investing","financial markets trading investing","0","1","1","2026-05-14T12:48:25+00:00","9780080951188","isbn_13_explicit","1","An Introduction to Trading in the Financial Markets: Trading, Markets, Instruments, and Processes","","R. Tee Williams","9780080951188","008095118X","9780080951188","Trading on the financial markets requires the mastery of many subjects, from strategies and the instruments being traded to market structures and the mechanisms that drive executions. This second of four volumes explores them all. After brief explanations of the activities associated with buying and selling, the book covers principals, agents, and the market venues in which they interact. Next come the instruments that they buy and sell: how are they categorized and how do they act? Concluding the volume is a discussion about major processes and the ways that they vary by market and instrument. Contributing to these explanations are visual cues that guide readers through the material. Making profitable trades might not be easy, but with the help of this book they are possible. - Explains the basics of investing and trading, markets, instruments, and processes - Presents major concepts with graphs and easily-understood definitions - Builds upon the introduction provided by Book 1 while preparing the reader for Books 3 and 4","463","2011","2011-02-18","Academic Press","Business & Economics","en","https://books.google.com/books/content?id=GMiiAxZy_t0C&printsec=frontcover&img=1&zoom=1&edge=curl&source=gbs_api","google_books","",""
"41jgAgAAQBAJ","financial markets trading investing","financial markets trading investing","0","2","2","2026-05-14T12:48:25+00:00","9788170948964","isbn_13_explicit","1","22 Stock Market Trading Secrets","","Ashu Dutt","9788170948964","8170948967","9788170948964","""You can make 50% to 100% every year with low risk. It's possible and it's true,"" says Ashu Dutt. ""Trading is one of the most rewarding occupations. If you can master chart reading and self-control, you have an unbelievable edge over others in the market."" In this conversational, easy-to-read book, Ashu reveals 22 stock market trading secrets to help you make big profits — secrets rooted in his decades of real-life market experience, secrets tested for their effectiveness, secrets that will give you that elusive trading edge: ● How to identify and trade the head of the price move for maximum profits ● Secrets of trading supports and resistance ● Rules for profitable entries and exits ● The never-nevers of successful trading – and the trading minefields to beware of ● The different types of market rallies and market falls – and how to profit from them ● How the right alignment of price, volume and time spells big profits ● All about stop losses ● How to profitably trade gaps — and when to stay out of the market ● How to prepare your mind for trading success ● The vital importance of money management and trading discipline. PLUS, much, much more... What makes this book so special is Ashu's ability to get under the hood and show you how and when to use all the money-making trading wisdom packed in this book, highlighting key points with numerous real-life market examples and trading anecdotes. Ashu Dutt is one of the most visible and respected faces in Indian financial markets. In this book he reveals the trading secrets and techniques that are typically the domain of big market players: ● 22 Trading Secrets ● Dozens of Trading Rules ● Numerous Profit-Making Action and Caution Triggers","178","2012","2012-08-01","Vision Books","Business & Economics","en","https://books.google.com/books/content?id=41jgAgAAQBAJ&printsec=frontcover&img=1&zoom=1&edge=curl&source=gbs_api","google_books","",""
"cfUKzgEACAAJ","financial markets trading investing","financial markets trading investing","0","3","3","2026-05-14T12:48:25+00:00","9781801184373","isbn_13_explicit","1","Stock Market Investing","A Comprehensive Guide for Beginners: Master the Financial Markets and Start Making Profit - 2 Manuscripts: Stock Trading Strategy, Dividend Investing","Mark Elder","9781801184373","1801184372","9781801184373","You'd like to start investing in stocks, but you don't know where to start? If you have been looking for a way to kiss your 9-to-5 goodbye for good and make sure your retirement is stress free and financially safe, then this is the book you have been waiting for! Here's the deal. You've tried several trading strategies online... But you still look in your bank account and see it empty. And no matter how hard you work, you always seem to have the same money. Sounds familiar? If it does, then the information inside this book is your answer. Because this is not some ""quick rich scheme"" which ruins your finances and leaves you feeling worse off than before. This book will provide all the answers you need and steps you should take to become an intelligent investor and an expert on stocks. Not only will you finally know exactly what stock investing is, but you'll be able to pick the best stocks, implement different strategies in your financial plans, and have a successful investment journey. Here's what you get with this book: The basics of the stock market to ensure you are well prepared to take full advantage of it when the time comes. A list of benefits you'll reap if you decide to invest in dividend stocks Easy techniques for picking the best stock to maximize your earnings Statistics, graphs, and real-life cases that prove the advantages of stock investing Hacks and tips for turning a passive investment into a productive one by using a Dividend Reinvestment method The importance of diversification when it comes to the success of any long-term investments you make A variety of common mistakes that new traders make as well as ways to easily avoid them once and for all, but also recommendations on what to look for when choosing your financial adviser And so much more! Even if you have never seen a financial graph in your life, you will be able to apply practical easy strategies, science-backed actions, that can create real change if practiced regularly. This is a scientifically constructed, yet easy to follow, trading protocol designed for both short and long term investing plans. It's easy to fall into a trap of not thinking about our faraway future when we're young and carefree. But the truth is, the sooner you start to plan your retirement, the better and safer it will be. Stop worrying about your future, and take steps to make it stress-free, safe and happy. So, what are you waiting for? If you want to take control of your financial future like never before, then scroll Scroll up and Get Your Copy Now!","316","2020","2020-04-14","","","en","https://books.google.com/books/content?id=cfUKzgEACAAJ&printsec=frontcover&img=1&zoom=1&source=gbs_api","google_books","",""
"BFBlAQAACAAJ","financial markets trading investing","financial markets trading investing","0","5","5","2026-05-14T12:48:25+00:00","9781118166505","isbn_13_explicit","1","How Markets Really Work","Quantitative Guide to Stock Market Behavior","Larry Connors","9781118166505","1118166507","9781118166505","For years, traders and investors have been using unproven assumptions about popular patterns such as breakouts, momentum, new highs, new lows, market breadth, put/call ratios and more without knowing if there is a statistical edge. Common wisdom holds that the stock markets are ever changing. But, as it turns out, common wisdom can be wrong. Offering a comprehensive look back at the way the markets have acted over the last two decades, How Markets Really Work: A Quantitative Guide to Stock Market Behavior, Second Edition shows that nothing has changed, that the markets behave the same way today as they have in years past, and that understanding this puts you in a prime position to profit. Written by two top financial experts and filled with charts and graphs that illustrate the market concepts they develop, the book takes a sometimes contrarian view of everything from market edges to historical volatility, and from volume to put/call ratio, giving you all that you need to truly understand how the markets function. Fully revised and updated, How Markets Really Work, Second Edition takes a level-headed, data-driven look at the markets to show how they function and how you can apply that information intelligently when making investment decisions.","192","2012","2012-03-06","Wiley","Business & Economics","en","https://books.google.com/books/content?id=BFBlAQAACAAJ&printsec=frontcover&img=1&zoom=1&source=gbs_api","google_books","",""
"b_MdzgEACAAJ","financial markets trading investing","financial markets trading investing","0","6","6","2026-05-14T12:48:25+00:00","9798582881179","isbn_13_explicit","1","STOCK MARKET INVESTING and FOREX TRADING FOR BEGINNERS - 6 Books in 1","How to Make Money With Financial Markets, Day Trade for a Living, Master Crypto Investing, and the Ultimate Money Management Guide","Warren Ramsey","9798582881179","","9798582881179","Would you like to get rich with trading? Are you looking for an action plan to maximize your Investing Strategies? Are you tired of making paltry profits? Why does that weirdo get so rich with investments? Do you want to know which are the risks, how to control them, and not to lose your profits? How did that man get all of that money? If this is what you've been wandering... well, get in line! You are facing the tough world of investments and trading. Sure, you are original, determined and highly skilled in your field, daily trying to win the market; but, somehow, you keep losing, while that pimply teenager with some unknown strategies gets rich. There's nothing more frustrating! What's missing to your trading career? A strategy! And, lucky you, we've got what's right for you. You will stop working hard for poor incomes. You will acquire up to date knowledge to make higher revenues with less effort. Here's what you'll find in these 6 manuscripts Manuscript 1: FINANCIAL MARKETS The Ultimate Beginners Guide The 8 types of financial markets explained The 5 fundamental principles of economics How to prevent crisis and use them to make great profits What are the 7 assets of your future portfolio How to define your financial goals for investments How Modigliani - Life Cycle Hypothesis can let you understand how the market moves Manuscript 2: TRADING PSYCHOLOGY Change Mindset Achieve Success The 9 fears of trading 4 personalities of the investor The technique of the boiled frog to change your life 9 Strategies to seek success in life Static vs dynamic mindset 10 habits to change your life The law of Pareto in trading Manuscript 3: STOCK MARKET The Easiest Beginner's Guide Fundamental analysis for trading The 7 golden rules of Benjamin Graham The 7 golden rules of Warren Buffet How and when to buy and to sell stocks 5 best free analyzers for 2021 The 8 points of Phil Fisher's investment philosophy 25 high yield stocks Manuscript 4: FOREX TRADING Make Money Today All you need to know about Forex trading Principles of fundamental and technical analysis The ultimate money management guide The 3 best advantages of trading explained How to win with Forex Swing trading, day trading with Forex, margin trading, and Forex scalping How to choose the perfect broker Manuscript 5: DAY TRADING Your Millionaire Guide What's the mindset of the successful day trader 5 good reasons to day trading The 3 best strategies to win in day trading How to make the best profit with the minimum investment Warren Buffett's strategies and secrets 10 mistakes you need to avoid Manuscript 6: CRYPTOCURRENCY INVESTING Blockchain Revolution The ultimate guide to master the blockchain world 7 steps to make a good youtube content The best strategies to make money with cryptocurrencies How to master the 5 best cryptocurrencies and make money with them Top 10 cryptocurrency investors How the Halving Bitcoin can make you huge profits Well, these are the tools you needed, the only step missing is your action! WHAT ARE YOU WAITING FOR? HIT THAT BUY NOW BUTTON!!!","820","2020","2020-12-17","","","en","https://books.google.com/books/content?id=b_MdzgEACAAJ&printsec=frontcover&img=1&zoom=1&source=gbs_api","google_books","",""
"QU2pLmie9SEC","financial markets trading investing","financial markets trading investing","0","10","10","2026-05-14T12:48:25+00:00","9780080951171","isbn_13_explicit","1","An Introduction to Trading in the Financial Markets: Market Basics","","R. Tee Williams","9780080951171","0080951171","9780080951171","How do financial markets operate on a daily basis? An Introduction to Trading in the Financial Markets: Market Basics is the first of four volumes, and introduces the structures, instruments, business functions, technology, regulations, and issues that commonly found in financial markets. Placing each of these elements into context, Tee Williams describes what people do to make the markets run. His descriptions apply to all financial markets, and he includes country-specific features, stories, historical facts, glossaries, and brief technical explanations that reveal individual variations and nuances. Reinforcing his insights are visual cues that guide readers through the material. While this book won't turn you into an expert broker, it will explain where brokers fit into front office, middle office, and back office operations. And that knowledge is valuable indeed. - Provides easy-to-understand descriptions of all major elements of financial markets - Filled with graphs and definitions that help readers learn quickly - Offers an integrated context based on the author's 30 years' experience","332","2010","2010-09-20","Academic Press","Business & Economics","en","https://books.google.com/books/content?id=QU2pLmie9SEC&printsec=frontcover&img=1&zoom=1&edge=curl&source=gbs_api","google_books","",""
"teitAAAAQBAJ","technical analysis trading markets","financial markets trading investing|technical analysis trading markets","0","0","0","2026-05-14T12:38:01+00:00","9781101659199","isbn_13_explicit","2","Technical Analysis of the Financial Markets","A Comprehensive Guide to Trading Methods and Applications","John J. Murphy","9781101659199","110165919X","9781101659199","John J. Murphy has now updated his landmark bestseller Technical Analysis of the Futures Markets, to include all of the financial markets. This outstanding reference has already taught thousands of traders the concepts of technical analysis and their application in the futures and stock markets. Covering the latest developments in computer technology, technical tools, and indicators, the second edition features new material on candlestick charting, intermarket relationships, stocks and stock rotation, plus state-of-the-art examples and figures. From how to read charts to understanding indicators and the crucial role technical analysis plays in investing, readers gain a thorough and accessible overview of the field of technical analysis, with a special emphasis on futures markets. Revised and expanded for the demands of today's financial world, this book is essential reading for anyone interested in tracking and analyzing market behavior.","579","1999","1999-01-01","Penguin","Business & Economics","en","https://books.google.com/books/content?id=teitAAAAQBAJ&printsec=frontcover&img=1&zoom=1&edge=curl&source=gbs_api","google_books","5","2"
"27fDXUtmaUYC","financial markets trading investing","financial markets trading investing","0","16","16","2026-05-14T12:48:25+00:00","9780139136993","isbn_13_explicit","1","Theory of Financial Markets","","Jan Mossin","9780139136993","0139136991","9780139136993","Monograph on financial market theory and the economics of uncertainty - examines capital market phenomena and offers a theoretical framework for financial policy formulation and corporate investment decision making. References.","198","1972","1972","Englewood Cliffs, N.J. : Prentice-Hall","Business & Economics","en","https://books.google.com/books/content?id=27fDXUtmaUYC&printsec=frontcover&img=1&zoom=1&source=gbs_api","google_books","",""
"j744AQAAIAAJ","financial markets trading investing","financial markets trading investing","40","9","49","2026-05-14T12:48:26+00:00","9789041197009","isbn_13_explicit","1","Yearbook of International Financial and Economic Law 1997","","Queen Mary and Westfield College Staff","9789041197009","9041197001","9789041197009","The second volume of this yearbook provides articles, comments, and analyses of developments throughout the previous year. A special focus section highlights the importance of arbitration and other forms of alternative dispute resolution in the financial field. Authors of major articles in this edition include Ernesto Aguirre of the International Monetary Fund, Dr. Paolo Clarotti of the European Commission, Dr. Michael Gruson of Shearman and Sterling, Konstantin Lubenchenko of the Bank of Russia, and Geoffrey P. Miller of NYU School of Law. Commentary is provided on subjects including asset securitisation in emerging markets, the Deposit-Guarantee Directive of the European Community, IOSCO and memoranda of understanding, the Vietnamese securities market, and the impact of the internet on U.S. regulation of securities markets. Recent developments, as with the previous edition, cover all major areas of the world. This year includes analysis of financial reform in China, consolidation within Mercosur, U.S. regulation of operating subsidiaries, the development of the Financial Supervisory Authority in the UK, banking law reform in central and eastern Europe, and the Korean and Thai financial crises. This volume should appeal to anyone with an interest in international financial and economic law throughout the world, a subject to which this volume as with its predecessor makes a significant contribution.","632","1999","1999-05-06","Springer","Law","en","https://books.google.com/books/content?id=j744AQAAIAAJ&printsec=frontcover&img=1&zoom=1&source=gbs_api","google_books","",""
"WrCW5SI-T7AC","financial markets trading investing","financial markets trading investing","40","15","55","2026-05-14T12:48:26+00:00","9781568029757","isbn_13_explicit","1","Federal Regulatory Directory, 12th Edition","","Kenneth Jost, David Masci, Brian Hansen, Mary H Cooper","9781568029757","1568029756","9781568029757","For more than 25 years the Federal Regulatory Directory has been the go-to guide for anyone looking for the most authoritative, thorough, and efficient source of key information on agencies and regulations that shape lives, policies, businesses, and government in the United States. The twelfth edition continues this strong tradition by offering the most current agency and regulation information, including up-to-date coverage of key recent changes in staff and agency structures. Book jacket.","826","2005","2005-12-21","CQ Press","Reference","en","https://books.google.com/books/content?id=WrCW5SI-T7AC&printsec=frontcover&img=1&zoom=1&source=gbs_api","google_books","",""
"8GF9zgEACAAJ","financial markets trading investing","financial markets trading investing","80","2","82","2026-05-14T12:48:28+00:00","9798728829126","isbn_13_explicit","1","Investing and Trading Strategies","4 Books in 1: the Complete Crash Course with Proven Strategies to Become a Profitable Trader in the Financial Markets and Stop Living Paycheck to Paycheck","Dave Robert Warren Graham","9798728829126","","9798728829126","Are investing and trading in the financial markets worth it? Are you thinking it's time to drastically change your life and start making REAL money with this activity? Yes, can do it, and this bundle will give you the right knowledge, simple and proven strategies to do just that. Keep reading to find out it. Many people are anxious about getting into the stock market, and, to be fair, they are right. A lot of bad information and unnecessary strategies are out there. You need to find the right information, organize your funds and be prepared before starting. With my new guide, you can learn all about the proven concepts that are simple to apply in trading, the different strategies that you can use, the types of stock available, which stocks are right, the different asset types, and how long you should hold a trade. Moreover, thanks to this book, you're going to make a difference. The difference between those who constantly earn on the financial markets and those who always lose money. Here's a small glimpse of what you're going to find inside: Collection 1: Stock Market Investing for Beginners and Options Trading Crash Course How to Get Start and Do's and Don'ts How to Master Stock Market, Bonds, Futurees, Forex and Commodities Technical Analysis Vs. Fundamental Analysis How to Build Your Investment Portfolio How to Use Options Trading to Protect and to Leverage your Capital Collection 2: Swing and Day Trading Strategies How to Use Swing and Day Trading Strategies to Boost your Income Pros and Cons of Swing Trading and Pros and Cons of Day Trading Understanding Money and Risk Management What is the Right Trading Mindset ...and that's only a little preview! If you want to learn the entire process to start trading, including knowing how much capital is needed, how much income an individual can make, the daily routine of a trader and above all how to apply the strategies you should use, then you can't miss this complete guide. ... and yes! It's worth it! We can make good money from the financial markets if we are passionate about this. There are so many successful investors, like me, who do it, and it is no mystery. With the right information in your hands, and some time and practice, you can become as effective as any other trader out there. You must believe me! Read on to gain the knowledge that will be the primary source of input for the decisions you will make as a trader or an investor! Are you ready to get started? Then click BUY NOW to get started today. Please note: the book is also available in 4 printed formats: 2 Paperback: ""Black and White"" and ""Full color"" 2 Hardcover: ""Black and White"" and ""Full color"" Click on "" See all formats and editions"" and Choose the best for you: ISBN: [979-8686738652] Paperback, Black&White ISBN: [978-1914409028] Paperback, Color ISBN: [979-8728829126] Hardcover, Black&White ISBN: [978-1914409035] Hardcover, Color","550","2021","2021-03-27","","","en","","google_books","",""
"ch9RAQAAIAAJ","financial markets trading investing","financial markets trading investing","80","11","91","2026-05-14T12:48:28+00:00","9780117018594","isbn_13_explicit","1","Britain 1995","An Official Handbook","Great Britain. Central Office of Information","9780117018594","0117018597","9780117018594","Now in its 48th edition, the Handbook is an authoritative annual compendium of Britain, providing an up-to-date account of all the latest policy developments in the UK.","580","1994","1994","","Almanacs","en","https://books.google.com/books/content?id=ch9RAQAAIAAJ&printsec=frontcover&img=1&zoom=1&source=gbs_api","google_books","",""
"s7dTEQAAQBAJ","fundamental analysis valuation investing","fundamental analysis valuation investing","0","1","1","2026-05-14T12:59:38+00:00","9782808697651","isbn_13_explicit","1","Mastering Value Investing","Insights from Benjamin Graham investment philosophy","Peter Benedikt","9782808697651","2808697651","9782808697651","Ready to invest like a pro? ""Mastering Value Investment"" distills the legendary strategies of Benjamin Graham— “the father of value investing”—to give you an edge in the stock market and secure lasting financial success! Why Mastering Value Investment? • Graham’s Winning Principles: Dive into key concepts like “margin of safety” and intrinsic value. Say goodbye to guesswork and start making smart, calculated investments! • Look Beyond the Market Noise: Cut through market hype and discover a company’s real worth with insights on analyzing profits, assets, and economic fundamentals. • Master Emotional Control: Learn how to stay cool during market swings, spot psychological traps, and avoid rash decisions. Think strategically, act confidently! • Build Wealth for the Long Run: This isn’t about quick wins; it’s about sustainable growth! With Graham’s principles, you’ll create a solid, adaptable investment strategy for life. Whether you’re just starting out or a seasoned investor, Mastering Value Investment is your guide to navigating the markets with precision, confidence, and a vision for the future. Get ready to take charge of your financial journey—your path to wealth starts here! ABOUT THE AUTHOR Peter Benedikt is a seasoned entrepreneur, investor, and business strategist with an extensive background in management.","77","2025","2025-04-04","Primento Digital sprl","Business & Economics","en","https://books.google.com/books/content?id=s7dTEQAAQBAJ&printsec=frontcover&img=1&zoom=1&edge=curl&source=gbs_api","google_books","",""
"fj1oEQAAQBAJ","fundamental analysis valuation investing","fundamental analysis valuation investing","0","5","5","2026-05-14T12:59:38+00:00","9783819747748","isbn_13_explicit","1","Simple Investing For Smart Kids:","Fun Habits and Techniques to ""Earning, Spending, Saving, Donating, Investing, and Growing"" Money For Your Kids Ages 8-16 [Easy Money Lessons for Your Children to Gain Confidence and Independence.]","Dean McNeil","9783819747748","3819747745","9783819747748","Simple Investing For Smart Kids: Fun Habits and Techniques to ""Earning, Spending, Saving, Donating, Investing, and Growing"" Money For Your Kids Ages 8-16 [Easy Money Lessons for Your Children to Gain Confidence and Independence.] Have you ever wished you knew how to invest in a simple and easy way, but had no idea where to start? This book will serve as your guiding light, providing you with essential insights and knowledge to make informed decisions that shape your financial future. Within these pages, we will delve into unique and exciting chapters, each designed to unlock the mysteries of the investment world. Our mission is to empower you with the tools and understanding to navigate the complex landscape of finance, paving the way for a prosperous and fulfilling future. Here Is A Preview Of What You'll Learn... Understanding the Basics of Investing The Power of Compound Interest Setting Financial Goals for Kids Different Types of Investments Stocks and Shares: Introduction for Kids Diversification: Spreading Your Investments The Importance of Research in Investing Investing in Technology and Innovation Environmental, Social, and Governance (ESG) Investing Value Investing: Finding Undervalued Stocks Growth Investing: Investing in High-Growth Companies And Much, much more! Take action now, follow the proven strategies within these pages, and grow your wealth while leaving a positive mark on the world. Scroll Up and Grab Your Copy Today!","394","2025","2025-06-24","epubli","Business & Economics","en","https://books.google.com/books/content?id=fj1oEQAAQBAJ&printsec=frontcover&img=1&zoom=1&edge=curl&source=gbs_api","google_books","",""
"GlY2pfZGrAkC","fundamental analysis valuation investing","fundamental analysis valuation investing","0","6","6","2026-05-14T12:59:38+00:00","9781451602197","isbn_13_explicit","1","Contrarian Investment Strategies in the Next Generation","","David Dreman","9781451602197","1451602197","9781451602197","David Dreman's name is synonymous with the term ""contrarian investing,"" and his contrarian strategies have been proven winners year after year. His techniques have spawned countless imitators, most of whom pay lip service to the buzzword ""contrarian,"" but few can match his performance. His Kemper-Dreman High Return Fund has been the leader since its inception in 1988 -- the number one equity-income fund among all 208 ranked by Lipper Analytical Services, Inc. Dreman is also one of a handful of money managers whose clients have beaten the runaway market over the past five, ten, and fifteen years. Now, as the longest bull market in the history of the stock market winds down, there is increasing volatility and a great deal of uncertainty. This is the climate that tests the mettle of the pros, the worries of the average investor, and the success of David Dreman's brilliant new strategies for the next millennium. ""Contrarian Investment Strategies: The Next Generation"" shows investors how to outperform professional money managers and profit from potential Wall Street panics -- all in Dreman's trademark style, which ""The New York Times"" calls ""witty and clear as a silver bell."" Dreman reveals a proven, systematic, and safe way to beat the market by buying stocks of good companies when they are currently out of favor. At the heart of his book is a fundamental psychological insight: investors overreact. Dreman demonstrates how investors consistently overvalue the so-called ""best"" stocks and undervalue the so-called ""worst"" stocks, and how earnings and other surprises affect the best and worst stocks in opposite ways. Since surprises are a way of life in the market, Dreman shows you how to profit from these surprises with his ingenious new techniques, most of which have been developed in the nineties. You'll learn: Why contrarian stocks offer extra protection in bear markets, as well as delivering superior returns when the bull roars. Why a high dividend yield is just as important for the aggressive investor as it is for ""widows and orphans."" Why owning Treasury bills and government bonds -- the ""safest investments"" for centuries -- is like being fully margined at the top of the 1929 market. Why Initial Public Offerings are a guaranteed loser's game. Why you should avoid Nasdaq (""the market of the next hundred years"") like the plague. Why crisis, panic, and even market downturns are the contrarian investor's best friend. Why the chances of hitting a home run using the Street's best research are worse than being the big winner in the New York State Lottery. Based on cutting-edge research and irrefutable statistics, David Dreman's revolutionary techniques will benefit professionals and laymen alike.","456","1998","1998-05-18","Simon and Schuster","Business & Economics","en","https://books.google.com/books/content?id=GlY2pfZGrAkC&printsec=frontcover&img=1&zoom=1&edge=curl&source=gbs_api","google_books","",""
"9fF3Gn_ZuvMC","fundamental analysis valuation investing","fundamental analysis valuation investing","0","7","7","2026-05-14T12:59:38+00:00","9783656301301","isbn_13_explicit","1","Value Stocks beat Growth Stocks: An empirical Analysis for the German Stock Market","","Christian Schießl","9783656301301","3656301301","9783656301301","Master's Thesis from the year 2012 in the subject Business economics - Banking, Stock Exchanges, Insurance, Accounting, grade: 1,0, University of Bamberg, language: English, abstract: Based on a sample of German stocks listed at the Frankfurt stock exchange, the study investigated the ability of hedge portfolio formation structures, built of three value premium proxies (P/B, P/E, and DY), the size factor, and the technical momentum factor, to generate excess returns in the period 1992 to 2011. The P/B hedge portfolio yields an average return of 1.59 percent per month, the P/E hedge portfolio 0.664 percent, and a portfolio formation approach ranked on DY delivers a return of 0.839. The results of multivariate regressions favor the Fama-French three-factor model in order to explain expected stock returns.","72","2012","2012-11-02","GRIN Verlag","Business & Economics","en","https://books.google.com/books/content?id=9fF3Gn_ZuvMC&printsec=frontcover&img=1&zoom=1&edge=curl&source=gbs_api","google_books","",""
"FPWzK0j2KU4C","fundamental analysis valuation investing","fundamental analysis valuation investing","0","8","8","2026-05-14T12:59:38+00:00","9783656178248","isbn_13_explicit","1","Value versus Growth - An Empirical Analysis of Equity Fund Managers ́ Capabilities to Generate Alpha","","Thomas Müller","9783656178248","3656178240","9783656178248","Bachelor Thesis from the year 2012 in the subject Business economics - Business Management, Corporate Governance, grade: 1,00, EBS European Business School gGmbH, language: English, abstract: Portfolio managers face the challenge to achieve excess returns comparative to a benchmark for their private or institutional clients. Researchers such as Fama and French (1992, 1996) or Lakonishok, Shleifer, and Vishny (1994) caused a stir with their findings that various investment styles tend to accomplish superior returns over a long-term horizon. Their findings proposed that value stocks tend to outperform growth stocks. This bachelor thesis raises the question whether value or growth fund managers are able to achieve a persistent outperformance relative to their internal and external benchmark. The findings have a crucial influence on investors considering an investment into the equity market by an active or passive portfolio management approach.","62","2012","2012-04-25","GRIN Verlag","Business & Economics","en","https://books.google.com/books/content?id=FPWzK0j2KU4C&printsec=frontcover&img=1&zoom=1&edge=curl&source=gbs_api","google_books","",""
"hgd3__K9cCkC","fundamental analysis valuation investing","fundamental analysis valuation investing","0","9","9","2026-05-14T12:59:38+00:00","9780471398103","isbn_13_explicit","1","Value Investing","A Balanced Approach","Martin J. Whitman","9780471398103","0471398101","9780471398103","Provides a modern analytical framework for assessing a company's true value Written by a true value investor known for his ability to buy undervalued companies and re-sell them at a substantial profit, Value Investing provides an analytical framework that evaluates the impact of real events-including restructuring, regulations, mergers and acquisitions, and other important factors-on a company's value. Well-known for his success with distressed corporations and value investing, author Martin Whitman wages a controversial attack on the modern financial practice of focusing on price movements and short-term trading. In Value Investing, Whitman identifies fundamental factors affecting the value of companies and entire markets from the ground up and takes value investing one step further by demonstrating how industry movement and public policy decisions can lead to greater returns. He also highlights the shortcomings of all the popularly applied analytical techniques.","302","2000","2000-10-09","John Wiley & Sons","Business & Economics","en","https://books.google.com/books/content?id=hgd3__K9cCkC&printsec=frontcover&img=1&zoom=1&edge=curl&source=gbs_api","google_books","",""
"5xdYDb1wD9YC","fundamental analysis valuation investing","fundamental analysis valuation investing","0","10","10","2026-05-14T12:59:38+00:00","9780314656698","isbn_13_explicit","1","Fundamentals of Investments","","Richard A. Stevenson","9780314656698","0314656693","9780314656698","","590","1988","1988","","Business & Economics","en","https://books.google.com/books/content?id=5xdYDb1wD9YC&printsec=frontcover&img=1&zoom=1&source=gbs_api","google_books","",""
"u9xmEp_FB58C","fundamental analysis valuation investing","fundamental analysis valuation investing","0","12","12","2026-05-14T12:59:38+00:00","9780071429559","isbn_13_explicit","1","What Is Value Investing?","","Lawrence A. Cunningham","9780071429559","0071429557","9780071429559","What Is Value Investing? provides individual investors with an introduction to value investing, todays most talked-about yet misunderstood investing strategy. Lawrence Cunningham explores: How to quickly measure the value of a stock The eight key rules of value investing Strategies for different investment needs","116","2004","2004-03-16","McGraw Hill Professional","Business & Economics","en","https://books.google.com/books/content?id=u9xmEp_FB58C&printsec=frontcover&img=1&zoom=1&source=gbs_api","google_books","",""
"_Exwgz9_6oEC","fundamental analysis valuation investing","fundamental analysis valuation investing","0","13","13","2026-05-14T12:59:38+00:00","9780132678186","isbn_13_explicit","1","Investor's Library","Fundamental Analysis, Technical Analysis, and Income Investing (Collection)","Marvin Appel, Harry Domash, Michael N. Kahn CMT","9780132678186","0132678187","9780132678186","Three outstanding investing guides packed with strategies for reducing costs and improving returns in today’s tough investment environment. Three books packed with wealth-building, cost-cutting help for today’s investors and markets. Don’t pay someone to pick stocks! Do it better yourself, with Harry Domash’s #1 guide to stock analysis! Next, Michael Kahn completely demystifies technical analysis and shows you exactly how to apply it--easily, painlessly, profitably. Then, Marvin Appel helps you use bonds and income-producing equity strategies to meet your income needs without unacceptable risk. Advice you’ll use, from experts you can trust! From world-renowned leaders and experts, including Harry Domash, Michael N. Kahn, and Dr. Marvin Appel.","1345","2011","2011-01-07","Pearson Education","Business & Economics","en","https://books.google.com/books/content?id=_Exwgz9_6oEC&printsec=frontcover&img=1&zoom=1&edge=curl&source=gbs_api","google_books","",""
"60UkDwAAQBAJ","fundamental analysis valuation investing","fundamental analysis valuation investing","0","14","14","2026-05-14T12:59:38+00:00","9781259836084","isbn_13_explicit","1","Good Stocks Cheap: Value Investing with Confidence for a Lifetime of Stock Market Outperformance","","Kenneth Jeffrey Marshall","9781259836084","1259836088","9781259836084","Power through the ups and downs of the market with the Value Investing Model. Stock prices fluctuate unpredictably. But company values stay relatively steady. This insight is the basis of value investing, the capital management strategy that performs best over the long term. With Good Stocks Cheap, you can get started in value investing right now. Longtime outperforming value investor, professor, and international speaker Kenneth Jeffrey Marshall provides step-by-step guidance for creating your own value investing success story. You’ll learn how to: • Master any company with fundamental analysis • Distinguish between a company’s stock price from its worth • Measure your own investment performance honestly • Identify the right price at which to buy stock in a winning company • Hold quality stocks fearlessly during market swings • Secure the fortitude necessary to make the right choices and take the right actions Marshall leaves no stone unturned. He covers all the fundamental terms, concepts, and skills that make value investing so effective. He does so in a way that’s modern and engaging, making the strategy accessible to any motivated person regardless of education, experience, or profession. His plain explanations and simple examples welcome both investing newcomers and veterans. Good Stocks Cheap is your way forward because the Value Investing Model turns market gyrations into opportunities. It works in bubbles by showing which companies are likely to excel over time, and in downturns by revealing which of these leading businesses are the most underpriced. Build a powerful portfolio poised to deliver outstanding outcomes over a lifetime. Put the strength of value investing to work for you with Good Stocks Cheap.","241","2017","2017-06-23","McGraw Hill Professional","Business & Economics","en","https://books.google.com/books/content?id=60UkDwAAQBAJ&printsec=frontcover&img=1&zoom=1&edge=curl&source=gbs_api","google_books","",""
"PnK_cQAACAAJ","fundamental analysis valuation investing","fundamental analysis valuation investing","0","16","16","2026-05-14T12:59:38+00:00","9783843354677","isbn_13_explicit","1","Fundamental Analysis in Value Investing","","Chau Duong","9783843354677","3843354677","9783843354677","Analyzing financial statements and searching for cheap stocks (technically referred to as value stocks) are predominant parts of the job which anyone who is interested in investing in the stock market has to do. This book investigates the efficiency of a fundamental analysis model which is tailored for value stocks in the context of the Japanese stock market - the second largest market in the world. I find that a simple composite score that are calculated based on seven fundamental signals can significantly and robustly enhance the performance of a value investing strategy that concentrates on high book-to-market stocks in Japan. Moreover, it is also documented that although the profit from such a trading strategy appears to be ""abnormal"" under the capital asset pricing model (CAPM), it is explained by the Fama-French three-factor model which supports a risk-based explanation for this accounting-based value investing strategy. This book could help enhance the efficiency of investment decisions in the Japanese market significantly, and is of particular importance to those who targets buying or holding underpriced stocks.","80","2010","2010-09","LAP Lambert Academic Publishing","","en","https://books.google.com/books/content?id=PnK_cQAACAAJ&printsec=frontcover&img=1&zoom=1&source=gbs_api","google_books","",""
"Bj9I9EzNZhsC","fundamental analysis valuation investing","fundamental analysis valuation investing","0","17","17","2026-05-14T12:59:38+00:00","9780764516566","isbn_13_explicit","1","Investing Online For Dummies","","Kathleen Sindell","9780764516566","0764516566","9780764516566","Online investing has gone mainstream. Worldwide, thousands of investors are opening online trading accounts. Investors want to take control of their investments; stop paying full-service commissions; and research and trade securities when it’s convenient for them. Whether you are a new investor or an experienced trader, Investing Online For Dummies, 4th Edition, will guide you to Internet-based resources that can help you make better, more informed investing decisions than ever before. This fact-filled reference guide is for online investors who want to Take advantage of all the timely investment information available on the Internet. Get some work done with the Internet. (Online selecting, evaluating, and monitoring of investments can be time consuming. Online investing really is work.) Partner with the Internet in making your money work harder for you. The Internet offers an astounding amount of financial information, and Investing Online For Dummies, 4th Edition, provides clear instructions and ample illustrations so that you don’t get lost in cyberspace. With help from this guide, you can find up-to-the second stock quotes, historical financial data on public companies, professional analyses, educational materials, and more: Building your own online investment information system Using the Internet to simplify your financial planning Selecting the online brokerage that meets your individual needs Finding personalized trading platforms from major online brokerages Working with Internet tools for analyzing and selecting stocks and bonds Trading online or going wireless and paying the lowest commissions possible Keeping track of your portfolio and knowing exactly how your assets are allocated (even the holdings in your mutual funds) Discovering direct stock purchase and ShareBuilder plans that let you become an online investor for as little as $25 a month Uncovering how stock options work and determining the value of your employee stock option plan Investing Online For Dummies, 4th Edition, puts you in the driver’s seat on the information superhighway. This easy-to-use resource provides the Internet knowledge you need to get the edge on investors who rely solely on newspapers and magazines.","414","2002","2002-07-05","For Dummies","Business & Economics","en","https://books.google.com/books/content?id=Bj9I9EzNZhsC&printsec=frontcover&img=1&zoom=1&source=gbs_api","google_books","",""
"HPHqDwAAQBAJ","fundamental analysis valuation investing","fundamental analysis valuation investing","0","18","18","2026-05-14T12:59:38+00:00","9780470232224","isbn_13_explicit","1","Value Investing For Dummies","","Peter J. Sander, Janet Haley","9780470232224","0470232226","9780470232224","Want to follow in Warren Buffett’s investing footprints? Value Investing For Dummies, 2nd Edition, explains what value investing is and how to incorporate it into your overall investment strategy. It presents a simple, straightforward way to apply proven investment principles, spot good deals, and produce extraordinary returns. This plain-English guide reveals the secrets of how to value stocks, decide when the price is right, and make your move. You’ll find out why a good deal is a good deal, no matter what the bulls and bears say, get tips in investing during jittery times, and understand how to detect hidden agendas in financial reports. And, you’ll uncover the keys to identifying the truly good businesses with enduring and growing value that continually outperform both their competition and the market as a whole. Discover how to: Understand financial investments View markets like a value investor Assess a company’s value Make use of value investing resources Incorporate fundamentals and intangibles Make the most of funds, REITs, and ETFs Develop your own investing style Figure out what a financial statement is really telling you Decipher earnings and cash-flow statements Detect irrational exuberance in company publications Make a value judgment and decide when to buy Complete with helpful lists of the telltale signs of value and “unvalue,” as well as the habits of highly successful value investors, Value Investing For Dummies, 2nd Edition, could be the smartest investment you’ll ever make!","394","2008","2008-03-31","John Wiley & Sons","Business & Economics","en","https://books.google.com/books/content?id=HPHqDwAAQBAJ&printsec=frontcover&img=1&zoom=1&edge=curl&source=gbs_api","google_books","",""
"rPkmNfPEuIYC","fundamental analysis valuation investing","fundamental analysis valuation investing","0","19","19","2026-05-14T12:59:38+00:00","9781557388667","isbn_13_explicit","1","Fundamental Analysis","A Back-to-the-basics Investment Guide to Selecting Quality Stocks","John C. Ritchie","9781557388667","1557388660","9781557388667","In a logical, step-by-step manner, Author John C. Ritchie, Jr. shows you how to interpret company performance to determine whether a particular company's stock is undervalued or overvalued. Supported by meticulous research, the methods outlined in this book will enable you to build a stock portfolio that provides superior growth over a long period of time. For any investor who wants a logical and proven approach to investing, Fundamental Analysis will provide the tools and methods essential to successful investing.","418","1996","1996","Irwin Professional Publishing","Business & Economics","en","https://books.google.com/books/content?id=rPkmNfPEuIYC&printsec=frontcover&img=1&zoom=1&source=gbs_api","google_books","",""
"XY3pEAAAQBAJ","fundamental analysis valuation investing","fundamental analysis valuation investing","40","6","46","2026-05-14T12:59:40+00:00","9781265417086","isbn_13_explicit","1","The AFIRE Guide to U.S. Real Estate Investing, Fourth Edition: What Global Investors Need to Know about Commercial Real Estate Acquisition, Management, and Disposition","","Will McIntosh","9781265417086","1265417083","9781265417086","Invest responsibly and generate long-term value with the definitive guide to U.S. real estate investing written specifically for non-U.S. investors Whether you’re an institutional investor already active or you’re seeking to enter U.S. commercial real estate markets, The AFIRE Guide to U.S. Real Estate Investing serves as both an invaluable general overview and as an evergreen reference that you’ll return to again and again. From the Association of Foreign Investors in Real Estate (AFIRE), this new edition has been revised and expanded to bring you fully up to date on the issues and practices they need to build a solid real estate portfolio. It includes a brand-new forward, introduction, and glossary, as well as 35 new or updated chapters divided into four sections: •Section 1: Preparing for Investment into the U.S. covers investment strategy, real estate and tax law, corporate responsibility, industry resources, and professional roles. •Section 2: The Commercial Real Estate Lifecycle explores property due diligence, acquisition, operational management, and disposition of U.S. real estate assets. •Section 3: Finance and Partnerships explains important financial topics, including information for lenders and borrowers, joint ventures, loans and debt, commingled funds, bankruptcy, and Islamic finance. •Section 4: Tax and Regulatory Issues discusses securities laws, the Bank Secrecy Act, the Patriot Act, Office of Foreign Assets Control, taxation, real estate investment trusts (REITs), estates and gifts, agreements, and litigation. Other commercial real estate guides cover individual investors, property flipping, or the technical aspects of taxation and finance. Written just for you, The AFIRE Guide to U.S. Real Estate Investing takes the unique approach of focusing on international business, finance, and real estate as well as institutional long-term, multi-generational investment.","384","2024","2024-01-09","McGraw Hill Professional","Business & Economics","en","https://books.google.com/books/content?id=XY3pEAAAQBAJ&printsec=frontcover&img=1&zoom=1&edge=curl&source=gbs_api","google_books","",""
"ZQ0QAQAAMAAJ","fundamental analysis valuation investing","fundamental analysis valuation investing","40","11","51","2026-05-14T12:59:40+00:00","9780835245166","isbn_13_explicit","1","Words on Cassette, 2002","","R R Bowker Publishing","9780835245166","0835245160","9780835245166","","2468","2002","2002","R. R. Bowker","Reference","en","https://books.google.com/books/content?id=ZQ0QAQAAMAAJ&printsec=frontcover&img=1&zoom=1&source=gbs_api","google_books","",""
"pyeA4Bj3wAgC","fundamental analysis valuation investing","fundamental analysis valuation investing","40","19","59","2026-05-14T12:59:40+00:00","9780764105029","isbn_13_explicit","1","The Money Answers Dictionary of Finance and Investment Terms","","John Downes, Jordan Elliot Goodman","9780764105029","0764105027","9780764105029","Updated to reflect current financial trench and laws, this handbook defines more than 8,500 terms that relate to( stocks and other securities, banking, tax law, monetary policies, and much more. (editor: if there is anything new and noteworthy in this edition, please add a sentence or two to describe it here.","428","1997","1997-09","Barron's Educational Series","Business & Economics","en","https://books.google.com/books/content?id=pyeA4Bj3wAgC&printsec=frontcover&img=1&zoom=1&source=gbs_api","google_books","",""
"qRakBQAAQBAJ","fundamental analysis valuation investing","fundamental analysis valuation investing","80","0","80","2026-05-14T12:59:42+00:00","9780071840170","isbn_13_explicit","1","Private Wealth Mangement 9th Ed (PB)","","G. Victor Hallman, Jerry S. Rosenbloom","9780071840170","0071840176","9780071840170","Where financial advisors go for answers--revised and updated to address consequential legal and economic changes From the oil crisis and stock market crash in the 1970sthrough deregulation into the 1990s to the 2008 financial crisis--every financial planner worth their salt turned to Victor Hallman and Jerry Rosenbloom's classic reference for answers. To maintain its iconic position in the industry, this bible of wealth development moves into its Ninth Edition to ensure today's professional investors and financial stewards have reliable guidance to the latest legislation, economic developments, and wealth managementtrends and techniques. This latest edition of Private Wealth Managementprovides everything you need to operate with sophistication and savvy in today's markets--from setting financial objectives and executing the planning process to investing in equities and fixed-income securities to retirement income planning to methods for lifetime wealth transfers, and more. Written for the serious practitioner, this one-of-a-kind guide gives you a solid foundation for planning a prosperous financial future in the real world, which means it makes you an expert in: Major new tax legislation, including the ""Tax Relief, Unemployment Insurance Reauthorization and Job Creation Act of 2010"" and the ""American Taxpayer Relief Act of 2012"" A variety of economic benefits and investment products Changes in individual annuities and retirement products with an increased focus on retirement planning Modifications to health and disability insurance The Patient Protection and Affordable Care and Health Care Reconciliation Act of 2010 Dodd-Frank Wall Street Reform and Consumer Protection Act of 2010 New developments in estate and marital deduction planning such as ""portability"" This completely updated edition remains a wealth-building and income management tool by presenting many useful strategies, including those for dealing with the current ""super-low"" interest rates. Private Wealth Management, Ninth Edition, is thecornerstone of financial planning.","688","2014","2014-11-07","McGraw Hill Professional","Business & Economics","en","https://books.google.com/books/content?id=qRakBQAAQBAJ&printsec=frontcover&img=1&zoom=1&edge=curl&source=gbs_api","google_books","",""
"sqdmvYZrX3cC","fundamental analysis valuation investing","fundamental analysis valuation investing","80","4","84","2026-05-14T12:59:42+00:00","9780071544221","isbn_13_explicit","1","Private Wealth Management: The Complete Reference for the Personal Financial Planner","","G. Victor Hallman, Jerry S. Rosenbloom","9780071544221","0071544224","9780071544221","The last 30 years have witnessed stock market booms and busts, economic prosperity and downturns, various presidential administrations, and technological revolutions. Through it all, Victor Hallman and Jerry Rosenbloom's classic guidebook, which previously was titled Personal Financial Planning in its first through seventh edition, has retained its status as the most accurate and up-to-date resource to help Americans protect their futures by investing wisely, insuring their families, and planning for their estates and retirements. Now, with Private Wealth Management, Eighth Edition, money managers and personal investors once again have a reliable resource of personal financial management guidance that is complete with essential new material addressing the latest trends in financial planning. These historic economic times call for new guidance. Hallman and Rosenbloom deliver with new chapters on asset protection planning, cash flow analysis, and interest accumulation concepts, as well as increased coverage of common stock investments and alternative investments. Additionally, in-depth and up-to-date attention is given to the Tax Relief Act of 2004 and the Pension Protection Act of 2006. This proven wealth-building tool features cutting-edge financial thinking and highreturn/ low-risk strategies in virtually every applicable area, including Index funds Value investing Dollar-cost averaging Fixed-income investing Profit-sharing plans Stock bonus plans 401(k) plans Simplified employee pension plans Estate planning Gift taxes Generation-skipping transfer taxes Income and capital gains tax planning Health insurance plans including HMOs Personal risk management From setting financial objectives and understanding the planning process to investing in equities and fixed-income securities, Private Wealth Management offers an effective, coordinated process that shows readers how to plan a prosperous financial future in today’s no-guarantee financial environment.","769","2008","2008-08-31","McGraw Hill Professional","Business & Economics","en","https://books.google.com/books/content?id=sqdmvYZrX3cC&printsec=frontcover&img=1&zoom=1&edge=curl&source=gbs_api","google_books","",""
"9-1X9wA_bhEC","fundamental analysis valuation investing","fundamental analysis valuation investing","80","7","87","2026-05-14T12:59:42+00:00","9780399527609","isbn_13_explicit","1","Teenvestor","The Practical Investment Guide for Teens and Their Parents","Emmanuel Modu, Andrea Walker","9780399527609","0399527605","9780399527609","An easy-to-understand guide for teaching teens and parents the principles on how to invest in stocks, mutual funds, IRAs and more.","308","2002","2002","Perigee Trade","Business & Economics","en","https://books.google.com/books/content?id=9-1X9wA_bhEC&printsec=frontcover&img=1&zoom=1&source=gbs_api","google_books","",""
"DctIxcCoguoC","technical analysis trading markets","fundamental analysis valuation investing|technical analysis trading markets","80","8","88","2026-05-14T12:59:45+00:00","9780767901789","isbn_13_explicit","2","Kiss Your Stockbroker Goodbye","A Guide to Independent Investing","John Wells, John G. Wells","9780767901789","0767901789","9780767901789","A 25-year veteran of the investment profession breaks the spell of full-commission brokerage houses and shows how to join the booming ranks of investors who save--and make--a fortune with their own do-it-yourself strategies.","304","1998","1998","Broadway","Business & Economics","en","https://books.google.com/books/content?id=DctIxcCoguoC&printsec=frontcover&img=1&zoom=1&source=gbs_api","google_books","",""
"DS-xeZMsAEUC","fundamental analysis valuation investing","fundamental analysis valuation investing","80","15","95","2026-05-14T12:59:42+00:00","9780809239344","isbn_13_explicit","1","The Individual Investor's Guide to Winning on Wall Street","","Peter J. DeAngelis","9780809239344","0809239345","9780809239344","Beginning with how to obtain and interpret information on public companies, DeAngelis explains how to separate the winners from the losers and how to determine when a stock is poised to break out of its trading range. Annotation copyrighted by Book News, Inc., Portland, OR","356","1992","1992-04","","Business & Economics","en","https://books.google.com/books/content?id=DS-xeZMsAEUC&printsec=frontcover&img=1&zoom=1&source=gbs_api","google_books","",""
"Z1XT7_Afrk8C","fundamental analysis valuation investing","fundamental analysis valuation investing","80","16","96","2026-05-14T12:59:42+00:00","9780786302710","isbn_13_explicit","1","Handbook for No-Load Fund Investors","","Sheldon Jacobs","9780786302710","0786302712","9780786302710","The latest edition of Jacobs' popular reference provides current performance and investment data on 1,300 no-load and low-load mutual funds, Jacobs' detailed advice on mutual funding investing, a review of the last year, and several useful appendices. Annotation copyrighted by Book News, Inc., Portland, OR","","1994","1994","Irwin Professional Publishing","","en","https://books.google.com/books/content?id=Z1XT7_Afrk8C&printsec=frontcover&img=1&zoom=1&source=gbs_api","google_books","",""
"0N9-rpe1L4oC","fundamental analysis valuation investing","fundamental analysis valuation investing","80","17","97","2026-05-14T12:59:42+00:00","9780060423803","isbn_13_explicit","1","Extra Dividends Supplement to Accompany Fundamentals of Investing","","David J. McLaughlin","9780060423803","0060423803","9780060423803","","180","1990","1990","","Investing","en","https://books.google.com/books/content?id=0N9-rpe1L4oC&printsec=frontcover&img=1&zoom=1&source=gbs_api","google_books","",""
"OmaeIdd95EQC","technical analysis trading markets","technical analysis trading markets","0","1","1","2026-05-14T12:38:01+00:00","9781118238141","isbn_13_explicit","1","The Art and Science of Technical Analysis","Market Structure, Price Action, and Trading Strategies","Adam Grimes","9781118238141","1118238141","9781118238141","A breakthrough trading book that provides powerful insights on profitable technical patterns and strategies The Art and Science of Technical Analysis is a groundbreaking work that bridges the gaps between the academic view of markets, technical analysis, and profitable trading. The book explores why randomness prevails in markets most, but not all, of the time and how technical analysis can be used to capture statistically validated patterns in certain types of market conditions. The belief of the book is that buying and selling pressure causes patterns in prices, but that these technical patterns are only effective in the presence of true buying/selling imbalance. The Art and Science of Technical Analysis is supported by extensive statistical analysis of the markets, which will debunk some tools and patterns such as Fibonacci analysis, and endorse other tools and trade setups. In addition, this reliable resource discusses trader psychology and trader learning curves based on the author's extensive experience as a trader and trainer of traders. Offers serious traders a way to think about market problems, understand their own performance, and help find a more productive path forward Includes extensive research to validate specific money-making patterns and strategies Written by an experienced market practitioner who has trained and worked with many top traders Filled with in-depth insights and practical advice, The Art and Science of Technical Analysis will give you a realistic sense of how markets behave, when and how technical analysis works, and what it really takes to trade successfully.","487","2012","2012-05-31","John Wiley & Sons","Business & Economics","en","https://books.google.com/books/content?id=OmaeIdd95EQC&printsec=frontcover&img=1&zoom=1&edge=curl&source=gbs_api","google_books","",""
"2HpWnQiPqMYC","technical analysis trading markets","technical analysis trading markets","0","2","2","2026-05-14T12:38:01+00:00","9780471524335","isbn_13_explicit","1","Intermarket Technical Analysis","Trading Strategies for the Global Stock, Bond, Commodity, and Currency Markets","John J. Murphy","9780471524335","0471524336","9780471524335","Trying to trade stock, bond, commodity and currency markets without intermarket awareness is like trying to drive a car without looking out the side and rear windows--very dangerous. In this guide to intermarket analysis, the author uses years of experience in technical analysis plus extensive charts to clearly demonstrate the interrelationshps that exist among the various market sectors and their importance. You'll learn how to use activity in surrounding markets in the same way that most people employ traditional technical indicators for directional clues. Shows the analyst how to focus outward, rather than inward, to provide a more rational understanding of technical forces at work in the marketplace.","296","1991","1991-09-03","John Wiley & Sons","Business & Economics","en","https://books.google.com/books/content?id=2HpWnQiPqMYC&printsec=frontcover&img=1&zoom=1&edge=curl&source=gbs_api","google_books","3.5","3"
"3EfBDwAAQBAJ","technical analysis trading markets","technical analysis trading markets","0","3","3","2026-05-14T12:38:01+00:00","9781576603727","isbn_13_explicit","1","MIDAS Technical Analysis","A VWAP Approach to Trading and Investing in Today's Markets","Andrew Coles, David Hawkins","9781576603727","1576603725","9781576603727","This book provides a new, powerful twist to MIDAS technical analysis, a trading method developed by the late Paul Levine. The authors show how to employ MIDAS in trading, from recognizing set ups to identifying price targets. The book explains the basics of MIDAS before demonstrating how to apply it in different time frames. Further, it extrapolates how MIDAS can be used with other more conventional indicators, such as DeMark or moving averages. In addition to introducing new indicators that the authors have created, the book also supplies new computer codes.","464","2012","2012-09-25","John Wiley & Sons","Business & Economics","en","https://books.google.com/books/content?id=3EfBDwAAQBAJ&printsec=frontcover&img=1&zoom=1&edge=curl&source=gbs_api","google_books","",""
"yeM6viq7fAYC","technical analysis trading markets","technical analysis trading markets","0","4","4","2026-05-14T12:38:01+00:00","9780080476186","isbn_13_explicit","1","Bond and Money Markets: Strategy, Trading, Analysis","","Moorad Choudhry","9780080476186","008047618X","9780080476186","Bond and Money Markets: Strategy, Trading, Analysis explains and analyses all aspects of the bond and money markets and is both an introduction for newcomers and an advanced text for experienced market practitioners and graduate students. Those with experience of the industry at all levels will find the book invaluable as a standard reference work.The book features coverage of: - Government and Corporate bonds, Eurobonds, callable bonds, convertibles - Asset-backed bonds including mortgages and CDOs - Derivative instruments including bond futures, swaps, options, structured products, and option valuation models - Interest-rate risk, duration analysis, convexity, and the convexity bias - The money markets, repo markets, basis trading, and asset / liability management - Term structure models, estimating and interpreting the yield curve - Portfolio management, including total return framework, portfolio strategies, and constructing bond indices and valuable insight into: - Trading and hedging strategy - Charting and technical analysis - The latest market developments, such as value-at-risk, and credit derivatives - Emerging markets and the benefits of international investment The Bond and Money Markets: Strategy, Trading, Analysis is aimed at a wide readership including bond salespersons, traders, corporate financiers and graduate trainees, as well as risk managers, operations professionals and business analysts. Other market participants including fund managers, corporate treasurers, management consultants, regulators and financial journalists will also find the content useful. - This book is virtually a stand alone reference book on interest rate swaps, the money markets, financial market mathematics, interest-rate futures and technical analysis - Includes some introductory coverage of very specialised topics (for which one requires specialised texts) such as VaR, Asset & liability management, credit derivatives - Combines accessible style with advanced level topics, plus review of latest research","1152","2001","2001-05-03","Elsevier","Business & Economics","en","https://books.google.com/books/content?id=yeM6viq7fAYC&printsec=frontcover&img=1&zoom=1&edge=curl&source=gbs_api","google_books","5","2"
"62-9CgAAQBAJ","technical analysis trading markets","technical analysis trading markets","0","5","5","2026-05-14T12:38:01+00:00","9780134137162","isbn_13_explicit","1","Technical Analysis","The Complete Resource for Financial Market Technicians","Charles D. Kirkpatrick II, Julie R. Dahlquist","9780134137162","0134137167","9780134137162","Master technical analysis, step-by-step! Already the field's most comprehensive, reliable, and objective introduction, this guidebook has been thoroughly updated to reflect the field's latest advances. Selected by the Market Technicians Association as the official companion to its prestigious Chartered Market Technician (CMT) program, Technical Analysis, Third Edition systematically explains the theory of technical analysis, presenting academic evidence both for and against it. Using hundreds of fully updated illustrations and examples, the authors explain the analysis of both markets and individual issues, and present complete investment systems and portfolio management plans. They present authoritative, up-to-date coverage of tested sentiment, momentum indicators, seasonal effects, flow of funds, testing systems, risk mitigation strategies, and many other topics. Offering 30% new coverage, Technical Analysis, Third Edition thoroughly addresses recent advances in pattern recognition, market analysis, systems management, and confidence testing; Kagi, Renko, Kase, Ichimoku, Clouds, and DeMark indicators; innovations in exit stops, portfolio selection, and testing; implications of behavioral bias, and the recent performance of old formulas and methods. For traders, researchers, and serious investors alike, this is the definitive guide to profiting from technical analysis.","1074","2015","2015-10-13","FT Press","Business & Economics","en","https://books.google.com/books/content?id=62-9CgAAQBAJ&printsec=frontcover&img=1&zoom=1&edge=curl&source=gbs_api","google_books","",""
"iA0fEAAAQBAJ","technical analysis trading markets","technical analysis trading markets","0","6","6","2026-05-14T12:38:01+00:00","9780857199171","isbn_13_explicit","1","Technical Analysis and Stock Market Profits (Harriman Definitive Edition)","","Richard Schabacker","9780857199171","085719917X","9780857199171","With a new foreword by Peter Brandt. Richard W. Schabacker's great work, Technical Analysis and Stock Market Profits, is a worthy addition to any technical analyst's personal library or any market library. His ""pioneering research"" represents one of the finest works ever produced on technical analysis, and this book remains an example of the highest order of analytical quality and incisive trading wisdom. Originally devised as a practical course for investors, it is as alive, vital and instructional today as the day it was written. It paved the way for Robert Edwards and John Magee's best-selling Technical Analysis of Stock Trends - a debt which is acknowledged in their foreword: 'Part One is based in large part on the pioneer researches and writings of the late Richard Schabacker.' Schabacker presents technical analysis as a totally organized subject and comprehensively lays out the various important patterns, formations, trends, support and resistance areas, and associated supporting technical detail. He presents factors that can be confidently relied on, and gives equal attention to the blemishes and weaknesses that can upset the best of analytical forecasts: Factors which investors would do well to absorb and apply when undertaking the fascinating game of price, time and volume analysis.","476","2021","2021-02-15","Harriman House Limited","Business & Economics","en","https://books.google.com/books/content?id=iA0fEAAAQBAJ&printsec=frontcover&img=1&zoom=1&edge=curl&source=gbs_api","google_books","",""
"hOBhz7i6npcC","technical analysis trading markets","technical analysis trading markets","0","8","8","2026-05-14T12:38:01+00:00","9781118155592","isbn_13_explicit","1","New Frontiers in Technical Analysis","Effective Tools and Strategies for Trading and Investing","Paul Ciana","9781118155592","1118155599","9781118155592","An essential guide to the most innovative technical trading tools and strategies available In today's investment arena, there is a growing demand to diversify investment strategies through numerous styles of contemporary market analysis, as well as a continuous search for increasing alpha. Paul Ciana, Bloomberg L.P.'s top liason to Technical Analysts worldwide, understands these challenges very well and that is why he has created New Frontiers in Technical Analysis. Paul, along with in-depth contributions from some of the worlds most accomplished market participants developed this reliable guide that contains some of the newest tools and strategies for analyzing today's markets. The methods discussed are based on the existing body of knowledge of technical analysis and have evolved to support, and appeal to technical, fundamental, and quantitative analysts alike. • It answers the question ""What are other people using?"" by quantifying the popularity of the universally accepted studies, and then explains how to use them • Includes thought provoking material on seasonality, sector rotation, and market distributions that can bolster portfolio performance • Presents ground-breaking tools and data visualizations that paint a vivid picture of the direction of trend by capitalizing on traditional indicators and eliminating many of their faults • And much more Engaging and informative, New Frontiers in Technical Analysis contains innovative insights that will sharpen your investments strategies and the way you view today's market.","352","2011","2011-08-24","John Wiley & Sons","Business & Economics","en","https://books.google.com/books/content?id=hOBhz7i6npcC&printsec=frontcover&img=1&zoom=1&edge=curl&source=gbs_api","google_books","",""
"y9l5CgAAQBAJ","technical analysis trading markets","technical analysis trading markets","0","9","9","2026-05-14T12:38:01+00:00","9781119210016","isbn_13_explicit","1","Trading with Intermarket Analysis","A Visual Approach to Beating the Financial Markets Using Exchange-Traded Funds","John J. Murphy","9781119210016","1119210011","9781119210016","A visual guide to market trading using intermarket analysis and exchange-traded funds With global markets and asset classes growing even more interconnected, intermarket analysis—the analysis of related asset classes or financial markets to determine their strengths and weaknesses—has become an essential part of any trader's due diligence. In Trading with Intermarket Analysis, John J. Murphy, former technical analyst for CNBC, lays out the technical and intermarket tools needed to understand global markets and illustrates how they help traders profit in volatile climates using exchange-traded funds. Armed with a knowledge of how economic forces impact various markets and financial sectors, investors and traders can profit by exploiting opportunities in markets about to rise and avoiding those poised to fall. Trading with Intermarket Analysis provides advice on trend following, chart patterns, moving averages, oscillators, spotting tops and bottoms, using exchange-traded funds, tracking market sectors, and the new world of intermarket relationships, all presented in a highly visual way. Gives readers a visually rich introduction to the world of intermarket analysis, the ultimate tool for beating the markets Provides practical advice on trend following, chart patterns, moving averages, oscillators, spotting tops and bottoms, using exchange-traded funds, tracking market sectors, and intermarket relationships Includes appendices on Japanese candlesticks and point-and-figure charting Comprehensive and easy-to-use, Trading with Intermarket Analysis presents the most important concepts related to using exchange-traded funds to beat the markets in a visually accessible format.","260","2015","2015-10-05","John Wiley & Sons","Business & Economics","en","https://books.google.com/books/content?id=y9l5CgAAQBAJ&printsec=frontcover&img=1&zoom=1&edge=curl&source=gbs_api","google_books","",""
"UIxyWFkFJ4QC","technical analysis trading markets","technical analysis trading markets","0","10","10","2026-05-14T12:38:01+00:00","9780071380102","isbn_13_explicit","1","Technical Analysis for the Trading Professional","","Constance M. Brown","9780071380102","0071380108","9780071380102","""There are fifteen major breakthroughs in technical analysis! SEVEN of these breakthroughs are new, never-before-revealed material!"" - George Lane, Stochastics Originator. As professional traders approach the 21st century, accelerating technological change threatens to make conventional technical studies and indicators ineffective. To compete in this changing environment, these professionals need radical new uses and combinations of indicators and formulas to keep their competitive edge. Not a primer for the novice, TECHNICAL ANALYSIS FOR THE TRADING PROFESSIONAL resets the scales, arming today's professional trader with new, unique, and never-before-seen formulas and uses of key market indicators and techniques.","360","1999","1999-04-21","McGraw Hill Professional","Business & Economics","en","https://books.google.com/books/content?id=UIxyWFkFJ4QC&printsec=frontcover&img=1&zoom=1&edge=curl&source=gbs_api","google_books","",""
"mP-Kb-R9aKcC","technical analysis trading markets","technical analysis trading markets","0","12","12","2026-05-14T12:38:01+00:00","9780471197218","isbn_13_explicit","1","Technical Markets Indicators","Analysis & Performance","Richard J. Bauer, Julie R. Dahlquist","9780471197218","0471197211","9780471197218","The use of technical market indicators has long been a controversial subject, highly regarded by some and treated with great skepticism by others. Yet, the number of indicators-and the number of individual investors and finance professionals using them-continues to grow. Now, more than ever, there is an urgent need for objective testing to determine the validity of these indicators. Technical Market Indicators is a unique study of the performance of many of the most widely used technical analysis indicators. The authors explore in an unbiased, rigorous manner whether these indicators consistently perform well or fail to do the job. They explain which indicators work best and why, providing a clear picture of what the investor is likely to experience when using technical analysis. Unlike other books on the subject, Technical Market Indicators provides a comprehensive testing of indicators that uses a large sample of stocks over a twelve-year time period, encompassing varying market conditions. Instead of using the traditional technical analysis charts, this detailed analysis takes a different approach, calculating numbers based on various relationships and letting the numbers dictate the decisions. This allows the investor to use technical methods without ever consulting a chart. From an objective standpoint, the authors address both the pro and con arguments of using technical analysis and attempt to shed additional light onto the controversy through their systematic testing. They also alert the investor to the many different issues that must be addressed when using technical indicators, including performance measurement criteria, consistency of results, combining indicators, portfolio considerations, and leveraging. This indispensable resource features: * Comprehensive testing of sixty different technical indicators, fully described, including Trading Band Crossover, Relative Strength Peaks, Random Walk Breakout, Candle Belt Hold, and Volume Trend * An explanation of the underlying concepts behind the indicators and their methods of calculation * In-depth results of tests on each individual indicator, with over 250 pages of detailed tables * An examination of trading rules that combine two or more indicators and a report of a sampling of the best combinations * An annotated bibliography. For those new to technical analysis or for the experienced analyst looking for some fresh angles on the subject, this one-of-a-kind resource is the only one you'll need to navigate the increasingly complex maze of technical market indicators. Can technical analysis be used as an effective tool to enhance investment performance? This question is currently on the minds of many investors and traders. The answer can be found in this invaluable, comprehensive resource, which provides a detailed analysis of the most commonly used indicators, explaining in detail which indicators seem to work best, why, under what conditions, and with which kinds of financial instruments. ""Do technical market indicators provide useful information to the stock trader or is it impossible to beat a buy and hold strategy? Bauer and Dahlquist tackle this controversy by rigorously testing 60 indicators on 878 stocks over a 12-year period. Their explanations of the indicators, the testing process, and the results are clear and concise. The 12 major conclusions based on this extensive research will provide the reader with plenty of opportunities to follow Bauer and Dahlquist's final advice: 'Keep learning and keep thinking. '"" - Tom Bierovic Manager, System Trading & Development Education Omega Research, Inc. ""Who says a technician has to use charts? Here is a book that sidesteps traditional technical analysis and describes how tabular data can be more informative."" - Ralph Acampora Managing Director Prudential Securities.","448","1998","1998-11-26","John Wiley & Sons","Business & Economics","en","https://books.google.com/books/content?id=mP-Kb-R9aKcC&printsec=frontcover&img=1&zoom=1&edge=curl&source=gbs_api","google_books","",""
"_TJKwgEACAAJ","technical analysis trading markets","technical analysis trading markets","0","13","13","2026-05-14T12:38:01+00:00","9781795471855","isbn_13_explicit","1","Trading: Technical Analysis Masterclass: Master the Financial Markets","","Moritz Czubatinski, Rolf Schlotmann","9781795471855","1795471859","9781795471855","Trading stocks, currencies, futures, and other financial contracts is not actually complicated and anybody can learn it in a relatively short time. This has been my daily experience for the past decade and even traders who have tried everything for years without success can make their first profits if the art of trading is explained to them in the right way. However, the keyword ""in the right way"" is important here. This book focuses on technical analysis, explanation and interpretation of price movements and chart patterns as well as on learning effective, ready-to-use trading strategies. However, it is important to go beyond the usual technical analysis, and to analyze the behavior of traders based on psychological factors and phenomena of mass psychology as well. The price movements on the international financial markets arise because millions of people interact with each other every day. Buying and selling decisions are influenced by emotions and human behavioral patterns.Whether we are looking at a speculator from China 200 years ago, a Wall Street pit trader from New York 80 years ago or a modern-day ""Joe Bloggs trader,"" trading from his/her smartphone - the human components, i.e. emotions and instincts, hardly differ. Greed, fear, uncertainty and the willingness to take risks have determined human actions for millennia and, of course, also how people have maneuvered their money around the world's markets for centuries. Those who learn to read the buyer and seller interaction from the charts will be able to read and handle any price movement. This is true because all price charts follow universal and timeless rules that can be successfully interpreted with the help of effective technical analysis.Over the years, more than one million visitors have already searched for information about trading on our website www.tradeciety.com. Every day, traders ask us how they can understand technical analysis and trading in a better manner. This book is a result of the motivation to answer these questions collectively. It is the book I would have wished for at the beginning of my trading career over 15 years ago.The first section of this book provides comprehensive knowledge of the fundamentals and individual components of technical analysis and price analysis. The second section focuses on the most important trading patterns as well as the correct interpretation of chart formations. We will explore potential entry signal points and trading strategies so that traders can now already make sense of their own charts with confidence. The third and final section focuses on developing a customized trading strategy. In addition to an insight into important psychological trading concepts, traders will get numerous practical tips to ensure that they handle their trading professionally at the end of this book. The goal of this book is it to enable the reader to look behind the price movements and understand why prices rise and fall, how buyers and sellers interact and thus to make effective trading decisions. The comprehensive and step-by-step knowledge of technical analysis ultimately makes it possible to interpret any chart situation and, thus, hopefully, become an independent trader.","182","2019","2019-02-18","Independently Published","Business & Economics","en","https://books.google.com/books/content?id=_TJKwgEACAAJ&printsec=frontcover&img=1&zoom=1&source=gbs_api","google_books","",""
"cVJmDwAAQBAJ","technical analysis trading markets","technical analysis trading markets","0","14","14","2026-05-14T12:38:01+00:00","9781351631433","isbn_13_explicit","1","Technical Analysis of Stock Trends","","Robert D. Edwards, John Magee, W.H.C. Bassetti","9781351631433","1351631438","9781351631433","This revised and updated version of the best-selling book, Technical Analysis of Stock Trends, 10th Edition, presents proven long- and short-term stock trend analysis enabling investors to make smart, profitable trading decisions. The book covers technical theory such as The Dow Theory, reversal patterns, consolidation formations, trends and channels, technical analysis of commodity charts, and advances in investment technology. The book also includes a comprehensive guide to trading tactics from long and short goals, stock selection, charting, low and high risk, trend recognition tools, balancing and diversifying the stock portfolio, application of capital, and risk management. This sharpened and updated new edition offers patterns and charts that are tighter and more illustrative, including modifiable charts. Expanded material will be offered on Pragmatic Portfolio Theory as a more elegant alternative to Modern Portfolio Theory; and a newer, simpler, and more powerful alternative to Dow Theory is presented.","895","2018","2018-07-24","CRC Press","Business & Economics","en","https://books.google.com/books/content?id=cVJmDwAAQBAJ&printsec=frontcover&img=1&zoom=1&edge=curl&source=gbs_api","google_books","",""
"XLRFDwAAQBAJ","technical analysis trading markets","technical analysis trading markets","0","15","15","2026-05-14T12:38:01+00:00","9789386268068","isbn_13_explicit","1","Trader's Guide to Financial Markets and Technical Analysis","","Jitender Yadav","9789386268068","938626806X","9789386268068","How to Profitably Trade Any Financial Market This book is unique. It is a comprehensive guide to using technical analysis for trading financial markets. Not only does it provide a thorough knowledge of technical analysis, it also explains how the various financial markets work — and how you can successfully trade stocks, bonds, currencies, commodities, derivatives, et al. using technical analysis. This book is divided into two parts. PART ONE covers the workings of the different financial markets, with particular emphasis on the stock, commodity and currency markets as these are the biggest trading arenas. This part provides a solid knowledge platform for anyone wishing to trade these markets. For each market, the author explains all the key concepts essential for trading, such as margin calculations, P&L calculations, how to choose the right brokers, etc. PART TWO is a detailed exposition of technical analysis — and its application in real-life trading. The coverage is comprehensive, spanning virtually every method, system and school of technical analysis. Real-life charts and examples are used extensively, supported by illustrations and diagrams for easy understanding. A complete chapter is dedicated to the importance of money and risk management. The emphasis throughout is on how traders can profitably apply the various methods of technical analysis, trading systems and technical indicators, and not merely on their descriptions. For those starting out in trading, the book offers essential lessons. For experienced traders, it will serve both as a comprehensive guide and a permanent source of reference for successfully trading the various financial markets.","269","2018","2018-01-05","Vision Books","Business & Economics","en","https://books.google.com/books/content?id=XLRFDwAAQBAJ&printsec=frontcover&img=1&zoom=1&edge=curl&source=gbs_api","google_books","",""
"7HOiDwAAQBAJ","technical analysis trading markets","technical analysis trading markets","0","16","16","2026-05-14T12:38:01+00:00","9781642492255","isbn_13_explicit","1","Trading the Markets the Point & Figure way","become a noiseless trader and achieve consistent success in markets","Prashant Shah","9781642492255","1642492256","9781642492255","Become a Master of Point & Figure Charts Prashant Shah, one of the prominent Point & Figure analysts, has presented a wonderful method in the simplest possible way. His approach of making things objective and rule-based has lent a new dimension to the world's oldest charting technique. This is a comprehensive book on trading and analysis using the Point and Figure methodology. The concepts are explained with many real-life chart examples from the Indian market. A peek into what you will find: • What is a Point & Figure chart and how to plot it? • Basic and advanced price patterns with numerous chart examples, trading rules for all patterns. • Simple and effective ways to identify trend. • How to use P&F counts to arrive at high-probability price target. • How to use traditional tools and indicators in P&F charts. • High probability patterns to capture momentum stocks and sectors. • Objective method to identify market outperformers using Relative Strength. • A few indicators developed, by the author, exclusively for P&F charts. • 20-years of Back-testing results of P&F patterns providing interesting market insights. Both experienced as well as novice can benefit from the concepts discussed. A thorough understanding of the contents of the book would help the reader reduce the noise and achieve consistent success in markets using the Point & Figure charts.","535","2019","2019-07-12","Notion Press","Business & Economics","en","https://books.google.com/books/content?id=7HOiDwAAQBAJ&printsec=frontcover&img=1&zoom=1&edge=curl&source=gbs_api","google_books","",""
"VIruZ65OADgC","technical analysis trading markets","technical analysis trading markets","0","19","19","2026-05-14T12:38:01+00:00","9780071763134","isbn_13_explicit","1","All About Candlestick Charting","","Wayne A. Corbitt","9780071763134","0071763139","9780071763134","SHED LIGHT ON PRICE MOVEMENTS WITH CANDLESTICK CHARTING! ""Wayne Corbitt has introduced a wonderfully informed book on Japanese candlestick analysis ... This book should be in the library of every technical analyst who shows even the slightest interest in Japanese candlestick analysis."" Gregory L. Morris, author of Candlestick Charting Explained and Chief Technical Analyst and Chairman of the Investment Committee for Stadion Money Management All About Candlestick Charting covers all of the basics of this 250-year-old Japanese trading method and explains how to combine it with contemporary Western technical analysis tools. The result is a powerful trading synergy that gives you an edge over the competition every minute of the trading day. Even if you have no experience with candlesticks, this guide will open your eyes to a style of trading that will greatly enhance your understanding of the markets. All About Candlestick Charting provides all there is to know about: Candlestick construction, analysis, reversal patterns, and continuation patterns Combining candlestick patterns with Western technical analysis tools, such as trends, support and resistance, momentum indicators, and volume Alternative charting methods, including Three-Line Break charts, Renko charts, and Kagi charts","273","2011","2011-10-14","McGraw Hill Professional","Business & Economics","en","https://books.google.com/books/content?id=VIruZ65OADgC&printsec=frontcover&img=1&zoom=1&edge=curl&source=gbs_api","google_books","",""
"BgjBzwEACAAJ","technical analysis trading markets","technical analysis trading markets","40","0","40","2026-05-14T12:59:44+00:00","9781916543041","isbn_13_explicit","1","A Beginner's Guide To Technical Analysis","From Trends To Trading: Everything You Need To Know To Make Money From The Financial Markets","Three Candles Press","9781916543041","1916543049","9781916543041","Have you wanted to get investing or trading the markets but never got around to starting? Or finding out how to go about it? The truth is, it has never been easier to access and make money from the financial markets as it has today, now just made even easier with 'A Beginner's Guide to Technical Analysis', your essential guide to the technical analysis approach to investing. This guide breaks down the world of technical analysis into bitesize chunks, providing you with clear, step-by-step instructions and easy-to-understand examples. Whether you're a complete beginner with zero trading experience, or someone looking to sharpen their skills, this book will empower you to spot trends and patterns, identify opportunities, and navigate the markets with complete confidence. In this book we will cover: An Introduction To Technical Analysis - What exactly is technical analysis, how can it be used to help me make money? Setting Up To Trade: What You Need To Know - Covering the basics such as developing a trading plan, choosing the best broker and terms such as order types, stop loss and take profit and asset classes. The Trading Chart - Covering the different trading charts you will see when trading. The Trend - The significance of the trend in making money in the markets. Covering key concepts such as the Dow Theory, constructing trendlines, candlestick patterns and chart patterns such as triangles, head and shoulders and wedges. Technical Indicators - Using indicators such as volume, MACD, RSI and moving averages to make more informed trades, and to assess the strength of the current trend - divergences are some of our favorite methods we use. Advanced Technical Concepts & Trading Strategies - Covering other technical concepts including cycles, such as the economic cycles that impacts the trend, Elliott Wave Theory, Wyckoff Method for selecting stocks and momentum and contrarian trading, as well as tools available to traders. Market Psychology - Since technical analysis focuses on supply and demand in the markets, of which is mainly made up of humans, emotions and cognitive biases, such as loss aversion play a role in why the markets move the way they do. We will also cover a case study, the Dot-Com Bubble as assess the psychology in that asset bubble. With ""A Beginner's Guide to Technical Analysis,"" you'll embark on a journey that will transform you from a novice trader into a skilled investor. By implementing the expert insights and proven strategies shared in this book, you'll be well on your way to securing your financial future. Don't miss out on this opportunity to unlock the potential of the markets and grab your copy today!","","2023","2023-03-21","","","en","https://books.google.com/books/content?id=BgjBzwEACAAJ&printsec=frontcover&img=1&zoom=1&source=gbs_api","google_books","",""
"Cm7H4m7bqmcC","technical analysis trading markets","technical analysis trading markets","40","2","42","2026-05-14T12:59:44+00:00","9780132734394","isbn_13_explicit","1","The Trading Methodologies of W.D. Gann","A Guide to Building Your Technical Analysis Toolbox","Hima Reddy","9780132734394","0132734397","9780132734394","W.D. Gann’s works helped to pioneer the discipline of technical analysis, and they still offer immense potential value to investors and traders. However, Gann’s original publications are esoteric and can be challenging to read and use. In this book, long-time trader and expert technical analyst Hima Reddy brings these works to life for modern traders and investors. She distills Gann’s tenets into crystal-clear, bite-size explanations, and illuminates them with exceptionally intuitive charts and illustrations. Drawing on extensive personal experience, Reddy explains how Gann’s insights into price, pattern and time can be applied in all types of markets and market conditions. Using this book, any experienced trader can discover the value of Gann’s approach, and start utilizing it in his or her own trades. Then, with Reddy’s discussion as a foundation, traders and investors can delve even more deeply into all of Gann’s works, identifying even greater opportunities for profit.","218","2012","2012-09-21","FT Press","Business & Economics","en","https://books.google.com/books/content?id=Cm7H4m7bqmcC&printsec=frontcover&img=1&zoom=1&edge=curl&source=gbs_api","google_books","4","1"
"YlzcEAAAQBAJ","technical analysis trading markets","technical analysis trading markets","40","5","45","2026-05-14T12:59:44+00:00","9780471415671","isbn_13_explicit","1","Beyond Technical Analysis","How to Develop and Implement a Winning Trading System","Tushar S. Chande","9780471415671","0471415677","9780471415671","A technical analysis classic, newly updated to help traders develop and forward-test a high-performance trading system for today's markets In trading, a winning system is everything. While it is theoretically possible to buy a ""canned"" trading system, most experts agree that the best system is proprietary to each trader--developed, implemented, and tested by the individual to suit his or her exact requirements. A stimulating mix of cutting-edge techniques, timeless principles, and practical guidelines, this updated edition of a technical analysis classic offers traders a comprehensive methodology to develop and implement your own trading system, bridging the gap between analysis and execution. Tushar Chande (Pittsburgh, PA) holds nine U.S. patents for creative solutions to flexible manufacturing problems using high-power lasers and optical fibers. A contributing editor to Technical Analysis of Stocks & Commodities magazine, he has been a registered Commodity Trading Advisor and is the principal author of The New Technical Trader (0-471-59780-5) (Wiley).","403","2001","2001-05-24","John Wiley & Sons","Business & Economics","en","https://books.google.com/books/content?id=YlzcEAAAQBAJ&printsec=frontcover&img=1&zoom=1&edge=curl&source=gbs_api","google_books","",""
"zcFHAeGZDtkC","technical analysis trading markets","technical analysis trading markets","40","8","48","2026-05-14T12:59:44+00:00","9781576602386","isbn_13_explicit","1","Mapping the Markets","A Guide to Stock Market Analysis","Deborah Owen, Robin Griffiths","9781576602386","1576602389","9781576602386","The global financial markets turn over billions of dollars daily. An array of different instruments is available to trade in these markets, ranging from simple stocks and shares to exotic creatures such as butterfly spreads. Participation at any level involves taking a view as to which way the market in question will move. There are essentially only two methods for analysing the future direction of the markets in equities, currencies, interest rates or commodities: one involves fundamental analysis, the other technical analysis. The two camps of investment analysts are separated by a wide gulf of distrust and suspicion. This book seeks to bridge the gap between the two disciplines and show how you can benefit from both, highlighting: • The tools you can use for mapping the markets—to understand what causes shifts in the trend and underlying forces that affect the economy and therefore the financial markets • The long-term cyclical drivers—how economic change is triggered by technological change, and the technological changes that will drive the markets in the future • Downward phases of the cycle—and the factors that cause them • The markets and sectors that will prosper in the future. As the world of investment gets ever more complicated and faster, Mapping the Markets will provide an invaluable route to improving your chances of investment success and avoiding investment distress, whether you are a long-term investor or a short-term trader.","148","2006","2006-10-01","John Wiley & Sons","Business & Economics","en","https://books.google.com/books/content?id=zcFHAeGZDtkC&printsec=frontcover&img=1&zoom=1&edge=curl&source=gbs_api","google_books","",""
"OvaWoAEACAAJ","technical analysis trading markets","technical analysis trading markets","40","12","52","2026-05-14T12:59:44+00:00","9781497329379","isbn_13_explicit","1","Technical Analysis","A Newbies' Guide: an Everyday Guide to Technical Analysis of the Financial Markets","Alan Northcott","9781497329379","149732937X","9781497329379","Price slashed for the holidays! Technical Analysis A Newbies' Guide is an essential book for anyone looking to trade in the financial markets, whether it is in Stocks, Options, Forex, Commodities, or any other security. It is important to know and understand what the market is telling you, and technical analysis is the key to determining market sentiment. This book covers all the major features of technical analysis, including charting, trends, moving averages, and technical indicators, and includes advice on money management and trading tactics. Aren't you sick of listening to so-called experts and depending on their often flawed recommendations? Now you can work it out yourself, by learning about technical analysis. You should never trade without determining for yourself where your best opportunities lie. Once you have read this book, you will know exactly how to identify them. You owe it to yourself to become knowledgeable, and to take control of your trading. The author Northcott has extensive experience in simplifying difficult concepts, and presenting them so that anyone can understand. This book is essential reading for those starting on the road to trading wisely.","142","2014","2014-03-26","CreateSpace","Business & Economics","en","https://books.google.com/books/content?id=OvaWoAEACAAJ&printsec=frontcover&img=1&zoom=1&source=gbs_api","google_books","",""
"2RZi42MSunkC","technical analysis trading markets","technical analysis trading markets","40","16","56","2026-05-14T12:59:44+00:00","9780898798555","isbn_13_explicit","1","1999 Writer's Market","The Electronic Edition","Mark Garvey, Holm","9780898798555","0898798558","9780898798555","Does everything but stamp your self-addressed envelopes.--St. Paul PioneerPress. IBM-compatible CD-ROM.","1128","1998","1998-09","Writer's Digest Books","Computers","en","https://books.google.com/books/content?id=2RZi42MSunkC&printsec=frontcover&img=1&zoom=1&source=gbs_api","google_books","",""
"NQ5xDwAAQBAJ","technical analysis trading markets","technical analysis trading markets","40","17","57","2026-05-14T12:59:44+00:00","9781260121605","isbn_13_explicit","1","Mastering the Trade, Third Edition: Proven Techniques for Profiting from Intraday and Swing Trading Setups","","John F. Carter","9781260121605","1260121607","9781260121605","The go-to guide for launching a lucrative career in trading—fully updated for today’s turbulent marketsOne of today’s most successful traders, John F. Carter has made his popular guide more relevant and effective than ever. This new edition of Mastering the Trade includes the essential content that has made it a bestselling classic, and includes critical new information for making the best trading decisions in every situation. Combining insightful market overview with trading strategies and concepts, Carter provides:•Proven set-ups, with optimal markets and non-negotiable trading rules •Exact entry, exit, and stop loss levels for swing and intraday trading •Seven key internals, from Skew to VIX •Pre-market checklist for analyzing recent market behavior •Scanning techniques for pinpointing high-probability setups•Effective risk control techniques •Methods for ensuring your computer runs at max speed•Techniques for predicting market correctionsFrom valuable hardware and software to market mechanics, pivot points, and position sizing, Carter delivers a suite of tools for beating out the competition on a regular basis.Mastering the Trade, Third Edition builds your expertise in knowing what’s working for you and what’s working against you, so you make a living on the frontlines of professional trading.","444","2018","2018-06-29","McGraw Hill Professional","Business & Economics","en","https://books.google.com/books/content?id=NQ5xDwAAQBAJ&printsec=frontcover&img=1&zoom=1&edge=curl&source=gbs_api","google_books","",""
"Ab5PAQAAQBAJ","technical analysis trading markets","technical analysis trading markets","40","19","59","2026-05-14T12:59:44+00:00","9781118805008","isbn_13_explicit","1","Trading For Dummies","","Michael Griffis, Lita Epstein","9781118805008","1118805003","9781118805008","Make informed trading decisions regardless of the market's condition Savvy traders can make money in both up and down markets. Trading For Dummies is for investors at all levels who are looking for a clear guide to successfully trading stocks in any type of market. It is also for investors who have experience trading and who are looking for new, proven methods to enhance the profitability of their investments. This no-nonsense guide presents a proven system for analyzing stocks, trends, and indicators and setting a buy-and-sell range beforehand to decrease risk in any type of market. It stresses the practice of position trading, conducting technical analysis on a company and its performance, and utilizing research methods that enable the trader to strategically select both an entry and exit point before a stock is even purchased. This updated guide features updated stock charts, position trading tips and techniques, and fresh ways to analyze trends and indicators. Shows you how to take your portfolio to a higher level Explains how to assume more risk, reap more benefits, and build a portfolio This edition includes a new chapter on High Frequency Trading Trading For Dummies gives experienced and novice traders and investors alike the most-up-to-date information on trading wisely in any market.","404","2013","2013-10-09","John Wiley & Sons","Business & Economics","en","https://books.google.com/books/content?id=Ab5PAQAAQBAJ&printsec=frontcover&img=1&zoom=1&edge=curl&source=gbs_api","google_books","",""
"2lNpJqsuuqQC","technical analysis trading markets","technical analysis trading markets","80","5","85","2026-05-14T12:59:45+00:00","9781118045145","isbn_13_explicit","1","The Market Guys' Five Points for Trading Success","Identify, Pinpoint, Strike, Protect, and Act!","A. J. Monte, Rick Swope","9781118045145","1118045149","9781118045145","Praise for The Market Guys' Five Points for Trading Success ""E*TRADE is a strong advocate of investor education, understanding a knowledgeable investor is a successful investor. The Market Guys have been a key contributor to our worldwide educational efforts - delivering hundreds of seminars to our customers around the world. This book encapsulates their years of experience with traders and investors, and is a must-read for anyone serious about trading. The Market Guys' Five Points for Trading Success provides an easy-to-understand and disciplined approach to trading through risk management. I highly recommend it."" —Christopher Larkin, VP, U.S. Retail Brokerage, E*TRADE Securities (www.etrade.com) ""The stock market is full of risk and uncertainty, but can bring great rewards to those who plan and execute properly. Rick and AJ give you the navigational tools to profit in the market through this book. Easy to read and understand, this book will help the novice and expert alike reach their financial goals. I recommend The Market Guys to help you along your journey!"" —Astronaut Dr. Buzz Aldrin, Apollo 11, 1969 ""The Market Guys' Five Points is much more than five points. Creating a plan, dealing with emotions, trading psychology, and technical analysis are just some of the topics explained."" —James Bittman, Senior Instructor, The Options Institute at CBOE, and author of Options for the Stock Investor ""Most people think trading markets is easy, but the process is fraught with pitfalls, snares, and delusions. This book is written by two savvy veteran traders. Applying the wisdom contained here will not guarantee success, but it will very definitely put the odds strongly in your favor."" —Martin J. Pring, President of pring.com ""This is a wonderful introduction to terminology and a fresh approach to the stock market. It gives the reader a language and way of thinking that is new, providing a great foundation for further research. These authors are to be commended for an excellent book on the stock market and how it works."" —James P. Gills, MD, Director/Chairman of the Board of the Ironman Triathlon ""The Market Guys have created the perfect recipe for financial success."" —Nick Nickolas, Restaurateur, Nick's Fishmarket of Hawaii, www.nicksboca.com","374","2011","2011-01-04","John Wiley & Sons","Business & Economics","en","https://books.google.com/books/content?id=2lNpJqsuuqQC&printsec=frontcover&img=1&zoom=1&edge=curl&source=gbs_api","google_books","4","2"
"yXXCBwAAQBAJ","technical analysis trading markets","technical analysis trading markets","80","6","86","2026-05-14T12:59:45+00:00","9781118871287","isbn_13_explicit","1","Trend Trading For Dummies","","Barry Burns","9781118871287","1118871286","9781118871287","Trend trading lets the market do the work for you Is your portfolio doing all it should? Are you looking for a market-focused way to increase returns? Try your hand at trend trading. Instead of analyzing the performance of a company, analyze the performance of the market as a whole. When you spot a trend, jump on it and let it ride until it's time to move. Whether your strategy is short-term, intermediate-term, or long-term, trend trading can help you capitalize on the action of market and get the most out of every move you make. Trend Trading For Dummies will get you up to speed on the ins and outs of this unique technique. You'll learn how to spot the trends and just how heavily market analysis figures into your success. You can get as complex as you like with the data for long-term predictions or just go for quick rides that pump up your gains. Before you jump in, you need to know the basics that can help ensure your success. Learn the rules of trend trading and why you need a solid system Understand technical analysis to make accurate predictions Analyze the market and learn what to look for before you trade Use leverage to your advantage to make better moves Trend Trading For Dummies includes trading strategies that you can use as-is, or customize to suit your needs. Thorough preparation is the key to any good trading plan, and it's no different with trend trading. Trend Trading For Dummies allows you to trade using every angle, and will get you out of or into the market in a flash.","373","2014","2014-08-25","John Wiley & Sons","Business & Economics","en","https://books.google.com/books/content?id=yXXCBwAAQBAJ&printsec=frontcover&img=1&zoom=1&edge=curl&source=gbs_api","google_books","",""
"_t1MzUWXfs8C","technical analysis trading markets","technical analysis trading markets","80","9","89","2026-05-14T12:59:45+00:00","9780030097683","isbn_13_explicit","1","Investments","","Mayo","9780030097683","0030097681","9780030097683","","712","1987","1987","","Business & Economics","en","https://books.google.com/books/content?id=_t1MzUWXfs8C&printsec=frontcover&img=1&zoom=1&source=gbs_api","google_books","",""
"gOSYCekK5GcC","technical analysis trading markets","technical analysis trading markets","80","11","91","2026-05-14T12:59:45+00:00","9780471973065","isbn_13_explicit","1","Technical Analysis of the Currency Market","Classic Techniques for Profiting from Market Swings and Trader Sentiment","Boris Schlossberg","9780471973065","0471973068","9780471973065","Proven currency-specific trading strategies from one of today's top currency analysts ""If you trade currency, then you need to have this book on your desk. It's the only book you need for technical analysis of the fastest-moving market on the planet."" -Rob Booker, Currency Trader, W.R. Booker & Company ""In plain English, Schlossberg lays out the basics in using technical analysis to trade foreign currencies, from the fundamentals of how the FX market works to the variety of technical strategies and trade management techniques traders can employ. Along the way, he offers entertaining examples and observations as well as simple, easy-to-read charts and diagrams. Anyone interested in getting started in the hugely popular FX market would do well to begin with this book."" -Sarah Rudolph, Executive Editor, SFO Magazine ""Boris Schlossberg has done a fabulous job with this book. It's packed with insightful tips and strategies that are sure to save traders a lot of time and money."" -Cory Janssen, CoFounder, Investopedia.com ""Schlossberg's book is a great resource for traders just starting out in currency markets. His focus on simplicity is critical for a new trader's education on how to make money."" -Andrew B. Busch, Global FX Strategist, BMO Financial Group","224","2006","2006-04-27","John Wiley & Sons","Business & Economics","en","https://books.google.com/books/content?id=gOSYCekK5GcC&printsec=frontcover&img=1&zoom=1&edge=curl&source=gbs_api","google_books","3","1"
"_F3BAwAAQBAJ","risk management trading investing","risk management trading investing","0","0","0","2026-05-14T12:59:47+00:00","9781118772843","isbn_13_explicit","1","Risk Management in Trading","Techniques to Drive Profitability of Hedge Funds and Trading Desks","Davis Edwards","9781118772843","1118772849","9781118772843","A comprehensive resource for understanding how to minimize risk and increase profits In this accessible resource, Wall Street trader and quantitative analyst Davis W. Edwards offers a definitive guide for nonprofessionals which describes the techniques and strategies seasoned traders use when making decisions. Risk Management in Trading includes an introduction to hedge fund and proprietary trading desks and offers an in-depth exploration on the topic of risk avoidance and acceptance. Throughout the book Edwards explores the finer points of financial risk management, shows how to decipher the jargon of professional risk-managers, and reveals how non-quantitative managers avoid risk management pitfalls. Avoiding risk is a strategic decision and the author shows how to adopt a consistent framework for risk that compares one type of risk to another. Edwards also stresses the fact that any trading decision that isn't based on the goal of maximizing profits is a decision that should be strongly scrutinized. He also explains that being familiar with all the details of a transaction is vital for making the right investment decision. Offers a comprehensive resource for understanding financial risk management Includes an overview of the techniques and tools professionals use to control risk Shows how to transfer risk to maximize results Written by Davis W. Edwards, a senior manager in Deloitte's Energy Derivatives Pricing Center Risk Management in Trading gives investors a hands-on guide to the strategies and techniques professionals rely on to minimize risk and maximize profits.","323","2014","2014-06-04","John Wiley & Sons","Business & Economics","en","https://books.google.com/books/content?id=_F3BAwAAQBAJ&printsec=frontcover&img=1&zoom=1&edge=curl&source=gbs_api","google_books","",""
"ji3LDwAAQBAJ","risk management trading investing","risk management trading investing","0","1","1","2026-05-14T12:59:47+00:00","9780170416030","isbn_13_explicit","1","Investment Analysis & Portfolio Management","","Frank K. Reilly, Keith C. Brown, Brindha Gunasingham, Asjeet Lamba, Dr Frank Elston","9780170416030","0170416038","9780170416030","This first Asia-Pacific edition of Reilly/Brown’s Investment Analysis and Portfolio Management builds on the authors’ strong reputations for combining solid theory with practical application and has been developed especially for courses across the Australia, New Zealand, and Asia-Pacific regions. The real-world illustrations and hands-on activities enhance an already rigourous, empirical approach to topics such as investment instruments, capital markets, behavioural finance, hedge funds, and international investment. The text also emphasises how investment practice and theory are influenced by globalisation.","1062","2019","2019-11-19","Cengage AU","Business & Economics","en","https://books.google.com/books/content?id=ji3LDwAAQBAJ&printsec=frontcover&img=1&zoom=1&edge=curl&source=gbs_api","google_books","",""
"PbXzAAAAMAAJ","risk management trading investing","risk management trading investing","0","2","2","2026-05-14T12:59:47+00:00","9781556232480","isbn_13_explicit","1","Investing and Risk Management","","Robert Lawrence Kuhn","9781556232480","1556232489","9781556232480","","1000","1990","1990","Irwin Professional Publishing","Business & Economics","en","https://books.google.com/books/content?id=PbXzAAAAMAAJ&printsec=frontcover&img=1&zoom=1&source=gbs_api","google_books","",""
"UwN0AwAAQBAJ","risk management trading investing","risk management trading investing","0","3","3","2026-05-14T12:59:47+00:00","9780124171671","isbn_13_explicit","1","Strategies of Banks and Other Financial Institutions","Theories and Cases","Rajesh Kumar","9780124171671","0124171672","9780124171671","How and why do strategic perspectives of financial institutions differ by class and region? Strategies of Banks and Other Financial Institutions: Theories and Cases is an introduction to global financial institutions that presents both theoretical and actual aspects of markets and institutions. The book encompasses depository and non-depository Institutions; money markets, bond markets, and mortgage markets; stock markets, derivative markets, and foreign exchange markets; mutual funds, insurance, and pension funds; and private equity and hedge funds. It also addresses Islamic financing and consolidation in financial institutions and markets. Featuring up-to-date case studies in its second half, Strategies of Banks and Other Financial Institutions proposes a useful theoretical framework and strategic perspectives about risk, regulation, markets, and challenges driving the financial sectors. - Describes theories and practices that define classes of institutions and differentiate one financial institution from another - Presents short, focused treatments of risk and growth strategies by balancing theories and cases - Places Islamic banking and finance into a comprehensive, universal perspective","562","2014","2014-07-16","Elsevier","Business & Economics","en","https://books.google.com/books/content?id=UwN0AwAAQBAJ&printsec=frontcover&img=1&zoom=1&edge=curl&source=gbs_api","google_books","",""
"VRyfEK_cVpAC","risk management trading investing","risk management trading investing","0","4","4","2026-05-14T12:59:47+00:00","9780415508506","isbn_13_explicit","1","Risk, Risk Management and Regulation in the Banking Industry","The Risk to Come","Peter Pelzer","9780415508506","0415508509","9780415508506","This highly original book aims to broaden the discussion about risk, the management of risk and regulation, especially in the financial industry. By using terms of the philosopher Jacques Derrida, Peter Pelzer employs philosophical concepts to enrich the understanding of what risk is about and what is necessarily excluded in contemporary risk management.","234","2013","2013","Routledge","Business & Economics","en","https://books.google.com/books/content?id=VRyfEK_cVpAC&printsec=frontcover&img=1&zoom=1&edge=curl&source=gbs_api","google_books","",""
"Mjd96ayZ98kC","risk management trading investing","risk management trading investing","0","6","6","2026-05-14T12:59:47+00:00","9780080559919","isbn_13_explicit","1","Quality Money Management","Process Engineering and Best Practices for Systematic Trading and Investment","Andrew Kumiega, Benjamin Van Vliet","9780080559919","0080559913","9780080559919","The financial markets industry is at the same crossroads as the automotive industry in the late 1970s. Margins are collapsing and customization is rapidly increasing. The automotive industry turned to quality and its no coincidence that in the money management industry many of the spectacular failures have been due largely to problems in quality control. The financial industry in on the verge of a quality revolution. New and old firms alike are creating new investment vehicles and new strategies that are radically changing the nature of the industry. To compete, mutual funds, hedge fund industries, banks and proprietary trading firms are being forced to quicklyy research, test and implement trade selection and execution systems. And, just as in the early stages of factory automation, quality suffers and leads to defects. Many financial firms fall short of quality, lacking processes and methodologies for proper development and evaluation of trading and investment systems. Authors Kumiega and Van Vliet present a new step-by-step methodology for such development. Their methodology (called K - Presents a robust process engineering framework for developing and evaluating trading and investment systems - Best practices along the step-by-step process will mitigate project risk, model risk, and ensure data quality - Includes a quality model for backtesting and managing market risk of working systems","304","2011","2011-08-29","Academic Press","Business & Economics","en","https://books.google.com/books/content?id=Mjd96ayZ98kC&printsec=frontcover&img=1&zoom=1&edge=curl&source=gbs_api","google_books","",""
"UTD7Rct71JYC","risk management trading investing","risk management trading investing","0","7","7","2026-05-14T12:59:47+00:00","9789264173309","isbn_13_explicit","1","Trade, Investment and Development: Reaping the Full Benefits of Open Markets","","OECD","9789264173309","9264173307","9789264173309","This report reviews evidence of the benefits and challenges of trade and investment for development, drawing on experiences from economies in various parts of the world.","53","1999","1999-08-26","OECD Publishing","","en","https://books.google.com/books/content?id=UTD7Rct71JYC&printsec=frontcover&img=1&zoom=1&edge=curl&source=gbs_api","google_books","",""
"MpbOHizSDVwC","risk management trading investing","risk management trading investing","0","10","10","2026-05-14T12:59:47+00:00","9780470689868","isbn_13_explicit","1","Credit Derivatives","Trading, Investing, and Risk Management","Geoff Chaplin","9780470689868","0470689862","9780470689868","The credit derivatives industry has come under close scrutiny over the past few years, with the recent financial crisis highlighting the instability of a number of credit structures and throwing the industry into turmoil. What has been made clear by recent events is the necessity for a thorough understanding of credit derivatives by all parties involved in a transaction, especially traders, structurers, quants and investors. Fully revised and updated to take in to account the new products, markets and risk requirements post financial crisis, Credit Derivatives: Trading, Investing and Risk Management, Second Edition, covers the subject from a real world perspective, tackling issues such as liquidity, poor data, and credit spreads, to the latest innovations in portfolio products, hedging and risk management techniques. The book concentrates on practical issues and develops an understanding of the products through applications and detailed analysis of the risks and alternative means of trading. It provides: a description of the key products, applications, and an analysis of typical trades including basis trading, hedging, and credit structuring; analysis of the industry standard 'default and recovery' and Copula models including many examples, and a description of the models' shortcomings; tools and techniques for the management of a portfolio or book of credit risks including appropriate and inappropriate methods of correlation risk management; a thorough analysis of counterparty risk; an intuitive understanding of credit correlation in reality and in the Copula model. The book is thoroughly updated to reflect the changes the industry has seen over the past 5 years, notably with an analysis of the lead up and causes of the credit crisis. It contains 50% new material, which includes copula valuation and hedging, portfolio optimisation, portfolio products and correlation risk management, pricing in illiquid environments, chapters on the evolution of credit management systems, the credit meltdown and new chapters on the implementation and testing of credit derivative models and systems. The book is accompanied by a website which contains tools for credit derivatives valuation and risk management, illustrating the models used in the book and also providing a valuation toolkit.","420","2010","2010-03-30","John Wiley & Sons","Business & Economics","en","https://books.google.com/books/content?id=MpbOHizSDVwC&printsec=frontcover&img=1&zoom=1&edge=curl&source=gbs_api","google_books","",""
"jc2SBQAAQBAJ","risk management trading investing","risk management trading investing","0","12","12","2026-05-14T12:59:47+00:00","9780199331963","isbn_13_explicit","1","Investment Risk Management","","Harold Kent Baker, Greg Filbeck","9780199331963","0199331960","9780199331963","Investment Risk Management provides an overview of developments in risk management and a synthesis of research on the subject. The chapters examine ways to alter exposures through measuring and managing risk exposures and provide an understanding of the latest strategies and trends within risk management.","709","2015","2015","Oxford University Press, USA","Business & Economics","en","https://books.google.com/books/content?id=jc2SBQAAQBAJ&printsec=frontcover&img=1&zoom=1&edge=curl&source=gbs_api","google_books","",""
"w-2_DQAAQBAJ","risk management trading investing","risk management trading investing","0","13","13","2026-05-14T12:59:47+00:00","9781259835391","isbn_13_explicit","1","Energy Trading & Investing 2E (PB)","","Davis W. Edwards","9781259835391","1259835391","9781259835391","The popular guide to earning stunning profits in the energy markets—updated with critical information on virtually every market, from fossil fuels to renewable energy. Energy Trading & Investing, 2nd Edition, brings readers up to date on everything they need to know about the energy revolutions that are changing the world – how fracking has the U.S. awash in cheap oil and natural gas; how alternative energy technologies like solar and wind are shaking up utilities; and how changes in the electrical grid are being addressed by multi-state organizations. A long-time veteran of the energy markets, Edwards offers practical advice to help energy investors choose profitable energy investments. The book is written in plain English and has been expanded with information to assist small and large investors, candidates for MBAs and finance degrees, and candidates for professional certifications in risk management understand the risks and benefits of the energy industry. Now is the time for you to enter the energy market or expand your position. Let Energy Trading & Investing guide you every step of the way.","512","2017","2017-01-27","McGraw Hill Professional","Business & Economics","en","https://books.google.com/books/content?id=w-2_DQAAQBAJ&printsec=frontcover&img=1&zoom=1&edge=curl&source=gbs_api","google_books","",""
"sD0PNeDmHmgC","risk management trading investing","risk management trading investing","0","14","14","2026-05-14T12:59:47+00:00","9780071483322","isbn_13_explicit","1","The Essentials of Risk Management","The Definitive Guide for the Non-risk Professional","Michel Crouhy, Dan Galai, Robert Mark","9780071483322","0071483322","9780071483322","Risk management is no longer confined solely to risk management specialists. Stakeholders ranging from employees to investors must understand how to quantify the tradeoffs of risk against the potential return. The failure to understand the essential nature of risk can have devastating consequences. Globally renowned risk and corporate governance experts Michel Crouhy, Dan Galai, and Robert Mark have updated and streamlined their bestselling professional reference Risk Management to introduce you to the world of risk management without requiring you to know the intricate formulas and mathematical details. The Essentials of Risk Management is the first book to make even the most sophisticated risk management approaches simultaneously accessible to both risk and non risk professionals. It will help you to: Increase the transparency of your risk management program to satisfy shareholders, employees, regulators, and other important constituencies Keep on top of the continuing evolution of best-practice risk policies and methodologies and associated risk infrastructures Implement and efficiently communicate an organization-wide Enterprise Risk Management (ERM) approach that encompasses market, credit, liquidity, operational, legal and regulatory, business, strategic and reputation risks Navigate thorny areas including risk policies, risk methodologies, economic capital, regulatory capital, performance measurement, asset-liability management, and more Efficiently allocate limited corporate resources to comply with the new generation of risk regulation and corporate governance regulation As a non-risk professional or board member, you are being called on more than ever before to make sophisticated assessments of your organization's risk exposures as well as play a critical role in its formal risk management process. The Essentials of Risk Management tells you what you need to know to succeed in this challenging new environment.","432","2005","2005-12-30","McGraw Hill Professional","Business & Economics","en","https://books.google.com/books/content?id=sD0PNeDmHmgC&printsec=frontcover&img=1&zoom=1&edge=curl&source=gbs_api","google_books","3","1"
"ZkNQEAAAQBAJ","risk management trading investing","risk management trading investing","0","16","16","2026-05-14T12:59:47+00:00","9783982177618","isbn_13_explicit","1","Risk and Money Management for Day and Swing Trading","A Complete Guide on How to Maximize Your Profits and Minimize Your Risks in Forex, Futures and Stock Trading","Wieland Arlt","9783982177618","3982177618","9783982177618","Make your trading success predictable! Professional risk and money management is indispensable for every trader in order to improve trading results permanently and sustainably. In the heat of the moment, this is often neglected. Wieland Arlt outlines simple methods that can be implemented in practice with little effort to improve your day and swing trading. He explains different concepts for various trading styles, so that short- and medium-term oriented traders are individually accompanied from the planning of a trade to the choice of the appropriate financial market. Wieland Arlt gives practical advice and demonstrates that professional risk and money management make trading success predictable.","134","2021","2021-10-31","Torero Traders School","Business & Economics","en","https://books.google.com/books/content?id=ZkNQEAAAQBAJ&printsec=frontcover&img=1&zoom=1&edge=curl&source=gbs_api","google_books","",""
"aOsCDgAAQBAJ","risk management trading investing","risk management trading investing","0","17","17","2026-05-14T12:59:47+00:00","9781119318965","isbn_13_explicit","1","Real-Time Risk","What Investors Should Know About FinTech, High-Frequency Trading, and Flash Crashes","Irene Aldridge, Steven Krawciw","9781119318965","1119318963","9781119318965","Risk management solutions for today's high-speed investing environment Real-Time Risk is the first book to show regular, institutional, and quantitative investors how to navigate intraday threats and stay on-course. The FinTech revolution has brought massive changes to the way investing is done. Trading happens in microsecond time frames, and while risks are emerging faster and in greater volume than ever before, traditional risk management approaches are too slow to be relevant. This book describes market microstructure and modern risks, and presents a new way of thinking about risk management in today's high-speed world. Accessible, straightforward explanations shed light on little-understood topics, and expert guidance helps investors protect themselves from new threats. The discussion dissects FinTech innovation to highlight the ongoing disruption, and to establish a toolkit of approaches for analyzing flash crashes, aggressive high frequency trading, and other specific aspects of the market. Today's investors face an environment in which computers and infrastructure merge, regulations allow dozens of exchanges to coexist, and globalized business facilitates round-the-clock deals. This book shows you how to navigate today's investing environment safely and profitably, with the latest in risk-management thinking. Discover risk management that works within micro-second trading Understand the nature and impact of real-time risk, and how to protect yourself Learn why flash crashes happen, and how to mitigate damage in advance Examine the FinTech disruption to established business models and practices When technology collided with investing, the boom created stratospheric amounts of data that allows us to plumb untapped depths and discover solutions that were unimaginable 20 years ago. Real-Time Risk describes these solutions, and provides practical guidance for today's savvy investor.","229","2017","2017-02-28","John Wiley & Sons","Business & Economics","en","https://books.google.com/books/content?id=aOsCDgAAQBAJ&printsec=frontcover&img=1&zoom=1&edge=curl&source=gbs_api","google_books","",""
"fxdqJjfjV8kC","risk management trading investing","risk management trading investing","0","18","18","2026-05-14T12:59:47+00:00","9780470024171","isbn_13_explicit","1","Credit Derivatives","Risk Management, Trading and Investing","Geoff Chaplin","9780470024171","0470024178","9780470024171","The credit derivatives market has developed rapidly over the lastten years and is now well established in the banking community andis increasingly making its presence felt in all areas of finance.This book covers the subject from credit bonds, asset swaps andrelated ‘real world’ issues such as liquidity, poordata, and credit spreads, to the latest innovations in portfolioproducts, hedging and risk management techniques. The bookconcentrates on practical issues and develops an understanding ofthe products through applications and detailed analysis of therisks and alternative means of trading. Credit Derivatives: RiskManagement, Trading and Investing provides: A description of the key products, applications, and ananalysis of typical trades including basis trading, hedging, andcredit structuring Analysis of the industry standard ‘default andrecovery’ and Copula models including many examples, and adescription of the models’ shortcomings Tools and techniques for the management of a portfolio or bookof credit risks including appropriate and inappropriate methods ofcorrelation risk management A thorough analysis of counterparty risk An intuitive understanding of credit correlation in reality andin the Copula model The CD in the back of this book includes an Evaluation Versionof Mathcad® 12 Single User Edition, which is reproduced bypermission. This software is a fully-functional trial of Mathcadwhich will expire 30 days from installation. For technical supportor more information see http://www.mathcad.com.","338","2005","2005-09-27","John Wiley & Sons","Business & Economics","en","https://books.google.com/books/content?id=fxdqJjfjV8kC&printsec=frontcover&img=1&zoom=1&edge=curl&source=gbs_api","google_books","",""
"hlDfEAAAQBAJ","risk management trading investing","risk management trading investing","0","19","19","2026-05-14T12:59:47+00:00","9780471650911","isbn_13_explicit","1","Trading Risk","Enhanced Profitability through Risk Control","Kenneth L. Grant","9780471650911","0471650919","9780471650911","Revolutionary techniques that traders can implement to improve profits and avoid losses No trader, professional or individual, can afford not to have a solid risk management program integrated into his or her trading system. But finding a precise mathematical model to replace subjective decision-making processes is a challenge. Traditionally, risk management has focused solely on loss avoidance, but in Trading Risk, hedge fund risk manager Kenneth Grant presents some-thing completely new—how to manage a portfolio to minimize risk and increase profits by putting more capital at risk. Trading Risk details a risk management program that can help both money managers and individual traders evaluate which elements in a portfolio are working efficiently and which aren’t. By illustrating an extremely simple set of statistical and arithmetic tools this book can help readers enhance their performance in many financial markets. Kenneth L.Grant is Cheyne’s Global Risk Manager, and is the Managing Member for Cheyne Capital, LLC, the firm’s U.S. arm. Mr. Grant is a pioneer in the field of hedge fund risk management and capital allocation. Before joining Cheyne, he created risk control programs at two of the world’s leading hedge funds, Tudor Investments and SAC Capital, where he was eventually promoted to the title of Chief Investment Strategist. Mr. Grant holds a Bachelor of Science in Economics and Mathematics from the University of Wisconsin, an MA in Economics from Columbia University, and an MBA from the University of Chicago Graduate School of Business.","277","2004","2004-09-16","John Wiley & Sons","Business & Economics","en","https://books.google.com/books/content?id=hlDfEAAAQBAJ&printsec=frontcover&img=1&zoom=1&edge=curl&source=gbs_api","google_books","",""
"Ot4IEAAAQBAJ","asset allocation portfolio management","asset allocation portfolio management","0","0","0","2026-05-14T12:59:52+00:00","9781119743712","isbn_13_explicit","1","Portfolio Management in Practice, Volume 1","Investment Management","CFA Institute","9781119743712","1119743710","9781119743712","Portfolio Management in Practice, Volume 1: Investment Management delivers a comprehensive overview of investment management for students and industry professionals. As the first volume in the CFA Institute’s new Portfolio Management in Practice series, Investment Management offers professionals looking to enhance their skillsets and students building foundational knowledge an essential understanding of key investment management concepts. Designed to be an accessible resource for a wide range of learners, this volume explores the full portfolio management process. Inside, readers will find detailed coverage of: Forming capital market expectations Principles of the asset allocation process Determining investment strategies within each asset class Integrating considerations specific to high net worth individuals or institutions into chosen strategies And more To apply the concepts outlined in the Investment Management volume, explore the accompanying Portfolio Management in Practice, Volume 1: Investment Management Workbook. The perfect companion resource, this workbook aligns chapter-by-chapter with Investment Management for easy referencing so readers can draw connections between theoretical content and challenging practice problems. Featuring contributions from the CFA Institute’s subject matter experts, Portfolio Management in Practice, Volume 1: Investment Management distills the knowledge forward-thinking professionals will need to succeed in today’s fast-paced financial world.","1329","2020","2020-11-11","John Wiley & Sons","Business & Economics","en","https://books.google.com/books/content?id=Ot4IEAAAQBAJ&printsec=frontcover&img=1&zoom=1&edge=curl&source=gbs_api","google_books","",""
"JDjDCAAAQBAJ","asset allocation portfolio management","asset allocation portfolio management","0","1","1","2026-05-14T12:59:52+00:00","9780857194831","isbn_13_explicit","1","Portfolio Management","A Market-Class guide to Investment Management","John Bonner, Marcus Rees, Edward Ivanovic","9780857194831","0857194836","9780857194831","Investing can seem simple, but there are an infinite number of ways to get to your goals and an infinite number of ways to fail. To sharpen your investment skills, this book guides you through the key aspects of the fund management profession, working from a macro-industry overview to the micro details of security-valuation techniques, combining the benefits of academic experience with decades of industry experience. This is something also found in the complementary online Market-Class investment simulator, where you can manage a $100m fund in a dynamic market and your decisions and those of fellow fund managers 'make the market'. A smart investor doesn't rely on luck or guts, but on learning as much as possible to make the best decisions. Portfolio Management and Market-Class, with their uniquely rich insight into the real-life workflow of portfolio management, are a vital component in any investor's education.","119","2015","2015-05-01","Harriman House Limited","Business & Economics","en","https://books.google.com/books/content?id=JDjDCAAAQBAJ&printsec=frontcover&img=1&zoom=1&edge=curl&source=gbs_api","google_books","",""
"7_vxEAAAQBAJ","asset allocation portfolio management","asset allocation portfolio management","0","2","2","2026-05-14T12:59:52+00:00","9781119787969","isbn_13_explicit","1","Portfolio Management in Practice, Volume 2","Asset Allocation","CFA Institute","9781119787969","1119787963","9781119787969","Discover the latest essential resource on asset allocation for students and investment professionals. Part of the CFA Institute’s three-volume Portfolio Management in Practice series, Asset Allocation offers a deep, comprehensive treatment of the asset allocation process and the underlying theories and markets that support it. As the second volume in the series, Asset Allocation meets the needs of both graduate-level students focused on finance and industry professionals looking to become more dynamic investors. Filled with the insights and industry knowledge of the CFA Institute’s subject matter experts, Asset Allocation effectively blends theory and practice while helping the reader expand their skillsets in key areas of interest. This volume provides complete coverage on the following topics: Setting capital market expectations to support the asset allocation process Principles and processes in the asset allocation process, including handling ESG-integration and client-specific constraints Allocation beyond the traditional asset classes to include allocation to alternative investments The role of exchange-traded funds can play in implementing investment strategies An integrative case study in portfolio management involving a university endowment To further enhance your understanding of tools and techniques explored in Asset Allocation, don’t forget to pick up the Portfolio Management in Practice, Volume 2: Asset Allocation Workbook. The workbook is the perfect companion resource containing learning outcomes, summary overview sections, and challenging practice questions that align chapter-by-chapter with the main text.","647","2020","2020-12-10","John Wiley & Sons","Business & Economics","en","https://books.google.com/books/content?id=7_vxEAAAQBAJ&printsec=frontcover&img=1&zoom=1&edge=curl&source=gbs_api","google_books","",""
"SbIz2gRbrF4C","asset allocation portfolio management","asset allocation portfolio management","0","3","3","2026-05-14T12:59:52+00:00","9781416554035","isbn_13_explicit","1","Pioneering Portfolio Management","An Unconventional Approach to Institutional Investment, Fully Revised and Updated","David F. Swensen","9781416554035","1416554033","9781416554035","In the years since the now-classic Pioneering Portfolio Management was first published, the global investment landscape has changed dramatically -- but the results of David Swensen's investment strategy for the Yale University endowment have remained as impressive as ever. Year after year, Yale's portfolio has trumped the marketplace by a wide margin, and, with over $20 billion added to the endowment under his twenty-three-year tenure, Swensen has contributed more to Yale's finances than anyone ever has to any university in the country. What may have seemed like one among many success stories in the era before the Internet bubble burst emerges now as a completely unprecedented institutional investment achievement. In this fully revised and updated edition, Swensen, author of the bestselling personal finance guide Unconventional Success, describes the investment process that underpins Yale's endowment. He provides lucid and penetrating insight into the world of institutional funds management, illuminating topics ranging from asset-allocation structures to active fund management. Swensen employs an array of vivid real-world examples, many drawn from his own formidable experience, to address critical concepts such as handling risk, selecting advisors, and weathering market pitfalls. Swensen offers clear and incisive advice, especially when describing a counterintuitive path. Conventional investing too often leads to buying high and selling low. Trust is more important than flash-in-the-pan success. Expertise, fortitude, and the long view produce positive results where gimmicks and trend following do not. The original Pioneering Portfolio Management outlined a commonsense template for structuring a well-diversified equity-oriented portfolio. This new edition provides fund managers and students of the market an up-to-date guide for actively managed investment portfolios.","433","2009","2009-01-06","Simon and Schuster","Business & Economics","en","https://books.google.com/books/content?id=SbIz2gRbrF4C&printsec=frontcover&img=1&zoom=1&edge=curl&source=gbs_api","google_books","",""
"QN4IEAAAQBAJ","asset allocation portfolio management","asset allocation portfolio management","0","4","4","2026-05-14T12:59:52+00:00","9781119787976","isbn_13_explicit","1","Portfolio Management in Practice, Volume 2","Asset Allocation","CFA Institute","9781119787976","1119787971","9781119787976","Discover the latest essential resource on asset allocation for students and investment professionals. Part of the CFA Institute’s three-volume Portfolio Management in Practice series, Asset Allocation offers a deep, comprehensive treatment of the asset allocation process and the underlying theories and markets that support it. As the second volume in the series, Asset Allocation meets the needs of both graduate-level students focused on finance and industry professionals looking to become more dynamic investors. Filled with the insights and industry knowledge of the CFA Institute’s subject matter experts, Asset Allocation effectively blends theory and practice while helping the reader expand their skillsets in key areas of interest. This volume provides complete coverage on the following topics: Setting capital market expectations to support the asset allocation process Principles and processes in the asset allocation process, including handling ESG-integration and client-specific constraints Allocation beyond the traditional asset classes to include allocation to alternative investments The role of exchange-traded funds can play in implementing investment strategies An integrative case study in portfolio management involving a university endowment To further enhance your understanding of tools and techniques explored in Asset Allocation, don’t forget to pick up the Portfolio Management in Practice, Volume 2: Asset Allocation Workbook. The workbook is the perfect companion resource containing learning outcomes, summary overview sections, and challenging practice questions that align chapter-by-chapter with the main text.","647","2020","2020-01-11","John Wiley & Sons","Business & Economics","en","https://books.google.com/books/content?id=QN4IEAAAQBAJ&printsec=frontcover&img=1&zoom=1&edge=curl&source=gbs_api","google_books","",""
"igZR2oxK-woC","asset allocation portfolio management","asset allocation portfolio management","0","5","5","2026-05-14T12:59:52+00:00","9780071719629","isbn_13_explicit","1","Mastering the Art of Asset Allocation, Chapter 10 - Sources of Information","","CFA Darst, David M.","9780071719629","0071719628","9780071719629","The following chapter comes from Mastering the Art of Asset Allocation, which focuses on the knowledge and nuances that will help you achieve asset allocation success. Asset allocation authority David Darst builds upon his bestselling The Art of Asset Allocation to explore every aspect of asset allocation from foundations through correlations, providing you with detailed techniques for understanding and implementing asset allocation in any portfolio.","78","2006","2006-09-21","McGraw Hill Professional","Business & Economics","en","https://books.google.com/books/content?id=igZR2oxK-woC&printsec=frontcover&img=1&zoom=1&edge=curl&source=gbs_api","google_books","",""
"q80oFFsiI3kC","asset allocation portfolio management","asset allocation portfolio management","0","6","6","2026-05-14T12:59:52+00:00","9780071593908","isbn_13_explicit","1","Asset Allocation, 4th Ed","","Roger C. Gibson","9780071593908","007159390X","9780071593908","The definitive guidebook for successful long-term investing The third edition of Roger C. Gibson's Asset Allocation: Balancing Financial Risk was released in 2000 on the heels of the biggest bull market in a century and amidst talk of a new economy. The bear market that followed was the worst since 1973-1974 and resulted in the destruction of roughly half of the stock market's value. Through it all, Roger Gibson's advice to investors remained the same. Gibson once again offers techniques to design all-weather portfolios that improve long-term performance, while mitigating overall risks through widely varying market environments. Grounded in the principles of modern portfolio theory, this fourth edition of his investing classic explains how and why asset allocation works. Gibson demonstrates how adding new asset classes to a portfolio improves its risk-adjusted returns and how strategic asset allocation uses, rather than fights, the forces of capital markets to achieve investment success. Gibson also addresses the practical side of investing, advocating an approach based on a disciplined execution of the fundamentals--the most important things that investment professionals and lay investors need to focus on to achieve their financial goals. With more than two decades of experience managing clients' portfolios and expectations, he underscores the importance of identifying and working through the emotional and psychological traps that can impede investment success. In this new edition, Gibson offers his proven guidance on multiple-asset-class investing with updated exhibits and research. New topics include: A review of the 2000-2002 stock bear market in the context of bull and bear markets over the last 100 years An expanded discussion of the dangers of market timing Non-traditional asset classes such as real estate securities, commodity-linked securities, and TIPS in a diversified portfolio The challenges of “frame-of-reference” risk--the most significant danger confronting the multiple-asset-class investor The role of Monte Carlo simulation in retirement planning","386","2008","2008-01-10","McGraw Hill Professional","Business & Economics","en","https://books.google.com/books/content?id=q80oFFsiI3kC&printsec=frontcover&img=1&zoom=1&edge=curl&source=gbs_api","google_books","3","1"
"pUilEQAAQBAJ","asset allocation portfolio management","asset allocation portfolio management","0","7","7","2026-05-14T12:59:52+00:00","9780470553008","isbn_13_explicit","1","Managing Your Firm's 401(k) Plan","A Complete Roadmap to Managing Today's Retirement Plans","Matthew X. Smith","9780470553008","0470553006","9780470553008","An objective resource for managing your firm's 401(k) plan With the recent uncertainty in the economy and financial markets, 401(k) plans are now under more scrutiny than ever. Written for finance and benefit professionals who are responsible for the management, operations, or oversight of their company's 401(k) plan, Managing Your Firm's 401(k) Plan offers a guide to designing and managing a 401(k) with a focus on financial, fiduciary, and regulatory standards. While there are plenty of books on 401(k) plans written for the individual investor, there are very few resources for professionals involved in 401(k) management. This book effectively fills that void It was specifically written for professionals involved in 401(k) management It includes regulatory and fiduciary information needed for compliance purposes It was created by experienced experts in the defined contribution plan arena Topics covered throughout this insightful guide include measuring retirement readiness, establishing plan governance, managing the plan's investment menu, monitoring record keeper performance, communicating effectively with employees, helping participants manage their retirement income, and much more.","261","2010","2010-09-07","John Wiley & Sons","Business & Economics","en","https://books.google.com/books/content?id=pUilEQAAQBAJ&printsec=frontcover&img=1&zoom=1&edge=curl&source=gbs_api","google_books","",""
"R12JEQAAQBAJ","asset allocation portfolio management","asset allocation portfolio management","0","8","8","2026-05-14T12:59:52+00:00","9789956003983","isbn_13_explicit","1","Modern Fund Management and Sustainable Development of Emerging Financial Markets","","Ephraim Matanda","9789956003983","9956003980","9789956003983","This book caters to a diverse audience, including students and lecturers in higher education, and professionals in banking, real estate, financial asset management, and provident fund organizations. Fund management is the comprehensive oversight of an entity’s financial resources and cash flow, ensuring the strategic deployment of assets for maximum efficiency and profitability. This discipline covers both tangible and intangible assets. In banking, a key function is aligning deposit maturity schedules with loan demands, requiring a deep understanding of liabilities and assets to optimize credit extension. Fund managers are crucial for ensuring liquidity, enabling financial institutions to offer credit and drive economic growth. They must meticulously analyse cost and risk to capitalize on cash flow opportunities. Their role is vital for national development, contributing to poverty eradication and reducing economic reliance on borrowed capital. Expertise in portfolio exposures and investment diversification is therefore essential. While often associated with financial investment management for clients, fund management is broader, encompassing financial, infrastructure, business, and public sectors. It can be classified by client type (business, corporate, personal) or investment type. Some funds are managed by hedge fund specialists using complex instruments. Fund management is a far-reaching financial discipline, tracking funds across all economic sectors.","244","2025","2025-09-24","African Books Collective","Social Science","en","https://books.google.com/books/content?id=R12JEQAAQBAJ&printsec=frontcover&img=1&zoom=1&edge=curl&source=gbs_api","google_books","",""
"kPfrA0qhG4AC","asset allocation portfolio management","asset allocation portfolio management","0","9","9","2026-05-14T12:59:52+00:00","9780071463348","isbn_13_explicit","1","Mastering the Art of Asset Allocation : Comprehensive Approaches to Managing Risk and Optimizing Returns","Comprehensive Approaches to Managing Risk and Optimizing Returns","CFA David M. Darst","9780071463348","0071463348","9780071463348","Gain new insights into why asset allocation works and learn advanced investing strategies You know that asset allocation requires much more than cookie-cutter analysis. You want precise, detailed techniques for analyzing and applying asset allocation principles. The high-level, applications-oriented Mastering the Art of Asset Allocation examines the inner working of numerous asset allocation strategies and covers everything from ways to determine the portfolio value of various asset classes to insights into changing patterns of investment returns and standard deviations in different time periods and market environments.","554","2006","2006-09-21","McGraw Hill Professional","Business & Economics","en","https://books.google.com/books/content?id=kPfrA0qhG4AC&printsec=frontcover&img=1&zoom=1&source=gbs_api","google_books","5","1"
"_pZTS-QgMHcC","asset allocation portfolio management","asset allocation portfolio management","0","10","10","2026-05-14T12:59:52+00:00","9780471593737","isbn_13_explicit","1","Global Asset Allocation","Techniques for Optimizing Portfolio Management","Jess Lederman, Robert A. Klein","9780471593737","0471593737","9780471593737","Buying this book could be the smartest investment you make this season. If that sounds like a bold claim, just take a look at the list of contributors. In it you'll find the names of twenty-nine of the world's foremost experts in asset allocation. Over the course of twenty chapters, these accomplished institutional investors, academics, analysts, and traders school you in all of the hottest new portfolio management techniques now in use around the globe. Not another abstruse discourse on the theoretical pros and cons of asset allocation, Global Asset Allocation is a working, nuts-and-bolts guide for institutional investors. It outfits you with a set of versatile new tools and techniques designed to solve real-world problems and guide your portfolio management decision-making. While broad theoretical considerations are given their due, the lion's share of this book's coverage is commanded by cutting-edge technical issues such as mean variance optimization, allocating between styles of equity management, optimal fixed income portfolios, asset/liability forecasting, the critical time horizon, target asset allocation, and chaos theory. In addition to all of the traditional classes of asset allocations, Global Asset Allocation explores a number of new and emerging investment horizons. Foremost among these is ""the ultimate investment frontier,"" international markets, to which a sizeable portion of the book (all of Part Two) is devoted. You'll find in-depth discussions of the qualitative and quantitative aspects of global asset allocation, in which various experts describe the latest global asset allocation models, optimization methods, forecasting techniques, global bond and currency management strategies, risk and return analysis in country-to-country allocation strategies, active and passive management portfolio strategies, and much more. Offering world-class strategies for managing global portfolios, Global Asset Allocation is an essential resource for corporate finance professionals, pension plan sponsors, analysts, and portfolio managers looking to expand their repertoire of financial management skills. From asset liability forecasting and target asset allocation, to critical time horizon and implementing overlay strategies, this groundbreaking new guide educates institutional investors in state-of-the-art portfolio management strategies guaranteed to minimize risk while maximizing returns. Bringing you the combined insights and expertise of twenty-nine prominent investment experts from around the world, Global Asset Allocation is a working handbook, designed to guide your portfolio management decision-making and help you to solve real-world problems. * The latest asset allocation models, optimization methods, and forecasting techniques, including passive and active portfolio strategies * Includes six major chapters on global asset allocation, including currency management and emerging market investing Traders, portfolio managers...investment professionals of every ilk: read this book, and use the versatile new strategies, tools, and techniques it describes to give your investment skills a razor-sharp, winning edge.","400","1994","1994-09-30","Wiley","Business & Economics","en","https://books.google.com/books/content?id=_pZTS-QgMHcC&printsec=frontcover&img=1&zoom=1&source=gbs_api","google_books","3","1"
"cXsxQ1yzWwsC","asset allocation portfolio management","asset allocation portfolio management","0","11","11","2026-05-14T12:59:52+00:00","9780071454834","isbn_13_explicit","1","Core-Satellite Portfolio Management","","J. Clay Singleton","9780071454834","0071454837","9780071454834","Active versus passive portfolio management is the most important policy decision institutional investors must make. In Core- Satellite Portfolio Management, J. Clay Singleton address this dilemma with the all-new core-satellite approach, which draws on the strengths of each style while eliminating the weaknesses. Prominent practitioners, consultants, and academics then join with the author to reveal how the revolutionary core-satellite method will improve investment performance for virtually every major asset class.","614","2004","2004-12-22","McGraw Hill Professional","Business & Economics","en","https://books.google.com/books/content?id=cXsxQ1yzWwsC&printsec=frontcover&img=1&zoom=1&source=gbs_api","google_books","",""
"CWrD8aoKejYC","asset allocation portfolio management","asset allocation portfolio management","0","13","13","2026-05-14T12:59:52+00:00","9780071380515","isbn_13_explicit","1","Streetsmart Guide to Managing Your Portfolio","An Investor's Guide to Minimizing Risk and Maximizing Returns","Frank Yao","9780071380515","0071380515","9780071380515","This title provides investors with: professional portfolio tools; clear explanation of the concept of portfolio management; definition of risk and how to measure risk for your own needs; the best ways to monitor and measure your portfolio; and real-world examples.","312","2002","2002","McGraw Hill Professional","Business & Economics","en","https://books.google.com/books/content?id=CWrD8aoKejYC&printsec=frontcover&img=1&zoom=1&source=gbs_api","google_books","5","1"
"COQoNN7mAnsC","asset allocation portfolio management","asset allocation portfolio management","0","14","14","2026-05-14T12:59:52+00:00","9780470929902","isbn_13_explicit","1","The Theory and Practice of Investment Management","Asset Allocation, Valuation, Portfolio Construction, and Strategies","Frank J. Fabozzi, Harry M. Markowitz","9780470929902","0470929901","9780470929902","An updated guide to the theory and practice of investment management Many books focus on the theory of investment management and leave the details of the implementation of the theory up to you. This book illustrates how theory is applied in practice while stressing the importance of the portfolio construction process. The Second Edition of The Theory and Practice of Investment Management is the ultimate guide to understanding the various aspects of investment management and investment vehicles. Tying together theoretical advances in investment management with actual practical applications, this book gives you a unique opportunity to use proven investment management techniques to protect and grow a portfolio under many different circumstances. Contains new material on the latest tools and strategies for both equity and fixed income portfolio management Includes key take-aways as well as study questions at the conclusion of each chapter A timely updated guide to an important topic in today's investment world This comprehensive investment management resource combines real-world financial knowledge with investment management theory to provide you with the practical guidance needed to succeed within the investment management arena.","708","2011","2011-04-05","John Wiley & Sons","Business & Economics","en","https://books.google.com/books/content?id=COQoNN7mAnsC&printsec=frontcover&img=1&zoom=1&edge=curl&source=gbs_api","google_books","",""
"-JosEQAAQBAJ","asset allocation portfolio management","asset allocation portfolio management","0","16","16","2026-05-14T12:59:52+00:00","9783031598197","isbn_13_explicit","1","Asset Management and Institutional Investors","Methods and Tools for Asset Allocation, Portfolio Management and Performance Evaluation","Ignazio Basile, Pierpaolo Ferrari","9783031598197","3031598199","9783031598197","This second edition of the book analyses the latest developments in investment management policy for institutional investors. It is divided into four parts, which have been updated to include the newest approaches and strategies in asset allocation, portfolio management and performance evaluation. The first part analyses the different types of institutional investors, i.e. institutions that professionally manage portfolios of financial and real assets on behalf of a wide range of individuals. This part goes on with an in-depth analysis of the economic, technical and regulatory characteristics of the various categories of investment funds and of other types of asset management products, which have a high rate of substitutability with investment funds and represent their natural competitors. The second part of the book identifies and investigates the stages of the investment portfolio management. Given the importance of strategic asset allocation in explaining the ex post performance of any type of investment portfolio, this part provides an in-depth analysis of asset allocation methods, illustrating the different theoretical and operational solutions available to institutional investors. The third part describes performance assessment, its breakdown and risk control, with an in-depth examination of performance evaluation techniques, returns-based style analysis approaches and performance attribution models. Finally, the fourth part deals with the subject of diversification into alternative asset classes, identifying the common characteristics and their possible role within the framework of investment management policy. This part analyses hedge funds, private equity, private debt, real estate, infrastructures, commodities and currency overlay techniques.","559","2024","2024-10-26","Springer Nature","Business & Economics","en","https://books.google.com/books/content?id=-JosEQAAQBAJ&printsec=frontcover&img=1&zoom=1&edge=curl&source=gbs_api","google_books","",""
"KcbcDWIgzpQC","asset allocation portfolio management","asset allocation portfolio management","0","17","17","2026-05-14T12:59:52+00:00","9780071426695","isbn_13_explicit","1","Dynamic Portfolio Theory and Management","Using Active Asset Allocation to Improve Profits and Reduce Risk","Richard E. Oberuc","9780071426695","0071426698","9780071426695","Publisher Description","344","2004","2004","McGraw Hill Professional","Business & Economics","en","https://books.google.com/books/content?id=KcbcDWIgzpQC&printsec=frontcover&img=1&zoom=1&source=gbs_api","google_books","",""
"mFLNUdvuE0kC","asset allocation portfolio management","asset allocation portfolio management","0","18","18","2026-05-14T12:59:52+00:00","9780071746601","isbn_13_explicit","1","Behavioral Investment Management: An Efficient Alternative to Modern Portfolio Theory","","Greg B. Davies, Arnaud de Servigny","9780071746601","0071746609","9780071746601","A Powerful New Portfolio-Management Standard for an Investing World in Disarray “Three years of losses turn many smart investors with 30-year horizons into frightened investors with three-year horizons, driven to poor decisions by cognitive errors and misleading emotions. Greg B. Davies and Arnaud de Servigny combine great expertise from research and practice into smart portfolios that overcome cognitive errors and misleading emotions and drive investors to their long term goals.” —MEIR STATMAN, Glenn Klimek Professor of Finance, Santa Clara University, and author of What Investors Really Want “The coming of age of behavioral finance. An important book which uniquely combines up-to-date knowledge of both behavioral and quantitative finance to provide practical models grounded on robust understanding of investors as well as investments.” —SHLOMO BENARTZI, professor and co-chair, Behavioral Decision Making Group, UCLA Anderson School of Management “This book is both erudite and profound, and it acutely addresses the issues, controversies, and received wisdom of our troubled investment times. To comprehend it requires a considerable time commitment, but it may be a new investment classic.” —BARTON M. BIGGS, Managing Partner, Traxis Partners “Behavioral Investment Management first shows how modern portfolio theory can be extended to incorporate behavioral biases in individual decision making, and then demonstrates how this extended theory can be implemented to make investment decisions in a world that is very different from that assumed by traditional portfolio theory. All of this is accomplished in a coherent fashion with the use of easy-to-understand mathematics and is illustrated with data for a wide range of asset classes.” —RAMAN UPPAL, professor of finance, EDHEC Business School About the Book: The past few years have been dreadful for investment management. The quantitative analytics that serve as the foundation of modern finance have proven to be incapable of providing value to investors. Modern Portfolio Theory now appears desperately old-fashioned and obsolete for one simple reason—it does not work. Picking up where traditional quant theory leaves off, Behavioral Investment Management offers a new approach to dynamic investing that addresses critical realities MPT ignores, including investors’ emotional impact on investing. Written by leading money managers with expertise in both quantitative and behavioral finance, this cutting-edge guide shows institutional investment managers, retail investors, and investment advisors how to use the latest theories and techniques from the field of behavioral finance to construct better-performing portfolios. After systematically deconstructing MPT to illustrate why it does not work empirically, this one-of-a-kind book presents a reasonable framework for improving your ability to generate high-performing portfolios. The applicability and strategic consequences of this book’s approach set a new standard for portfolio development that will put you far ahead of the industry curve. Complete with a new paradigm of best practices in dynamic portfolio construction that incorporates, and compensates for, the emotional reactions of investors, this hands-on book shows you how to: Move away from an idealized market view to a more authentic perspective Use the provided toolset and strategies to realize superior performance in real-world markets Seamlessly adapt the new approaches and techniques into your day-to-day operations This book helps you gain a distinct advantage by providing micro and macro implications of applying behavioral science to investing. In addition to helping you better understand the needs of the individual investor, it examines the wealth management and pension fund industries and explains how behavioral science can create opportunities in these two sectors. When making your next investment decision, let Behavioral Investment Management help you factor in the biggest financial variable—the human influence.","385","2012","2012-01-05","McGraw Hill Professional","Business & Economics","en","https://books.google.com/books/content?id=mFLNUdvuE0kC&printsec=frontcover&img=1&zoom=1&source=gbs_api","google_books","",""
"Ozt1OaXe5qwC","asset allocation portfolio management","asset allocation portfolio management","40","9","49","2026-05-14T12:59:53+00:00","9780679754923","isbn_13_explicit","1","The Practical Guide to Practically Everything","","Peter L Bernstein, Peter W. Bernstein, Christopher Ma","9780679754923","067975492X","9780679754923","The most successful and useful new almanac of the decade is back, with reams of new material to help readers make the most out of their lives in the coming year. This year's Practical Guide includes advice from more than 500 experts, including O.J. Simpson's jury consultant on the ins and outs of jury duty; Cal Ripken, Jr., on how to go from Little League to the majors; master chef Jacques Pepin on his favorite low-fat gourmet desserts; and C. Everett Koop on how to choose a doctor. Graphs, tables, charts & illustrations.","802","1996","1996-09-17","Random House","Political Science","en","https://books.google.com/books/content?id=Ozt1OaXe5qwC&printsec=frontcover&img=1&zoom=1&source=gbs_api","google_books","",""
"Q7IzEAAAQBAJ","asset allocation portfolio management","asset allocation portfolio management","40","15","55","2026-05-14T12:59:53+00:00","9781119817710","isbn_13_explicit","1","Asset Allocation","From Theory to Practice and Beyond","William Kinlaw, Mark P. Kritzman, David Turkington","9781119817710","1119817714","9781119817710","Discover a masterful exploration of the fallacies and challenges of asset allocation In Asset Allocation: From Theory to Practice and Beyond—the newly and substantially revised Second Edition of A Practitioner’s Guide to Asset Allocation—accomplished finance professionals William Kinlaw, Mark P. Kritzman, and David Turkington deliver a robust and insightful exploration of the core tenets of asset allocation. Drawing on their experience working with hundreds of the world’s largest and most sophisticated investors, the authors review foundational concepts, debunk fallacies, and address cutting-edge themes like factor investing and scenario analysis. The new edition also includes references to related topics at the end of each chapter and a summary of key takeaways to help readers rapidly locate material of interest. The book also incorporates discussions of: The characteristics that define an asset class, including stability, investability, and similarity The fundamentals of asset allocation, including definitions of expected return, portfolio risk, and diversification Advanced topics like factor investing, asymmetric diversification, fat tails, long-term investing, and enhanced scenario analysis as well as tools to address challenges such as liquidity, rebalancing, constraints, and within-horizon risk. Perfect for client-facing practitioners as well as scholars who seek to understand practical techniques, Asset Allocation: From Theory to Practice and Beyond is a must-read resource from an author team of distinguished finance experts and a forward by Nobel prize winner Harry Markowitz.","375","2021","2021-07-27","John Wiley & Sons","Business & Economics","en","https://books.google.com/books/content?id=Q7IzEAAAQBAJ&printsec=frontcover&img=1&zoom=1&edge=curl&source=gbs_api","google_books","",""
"NEgbAQAAMAAJ","asset allocation portfolio management","asset allocation portfolio management","40","16","56","2026-05-14T12:59:53+00:00","9781895021813","isbn_13_explicit","1","Canadian Almanac and Directory 2002","","Canadian Almanac & Directory","9781895021813","1895021812","9781895021813","This work offers facts and figures about Canada, including names and addresses of Canadian organizations, institutions, government departments, law firms and school boards. It is a directory, client prospect list, statistical handbook, and quick reference all rolled into one.","1564","2001","2001-11","","History","en","https://books.google.com/books/content?id=NEgbAQAAMAAJ&printsec=frontcover&img=1&zoom=1&source=gbs_api","google_books","",""
"g6iODwAAQBAJ","asset allocation portfolio management","asset allocation portfolio management","40","18","58","2026-05-14T12:59:53+00:00","9781119397434","isbn_13_explicit","1","Portfolio Management","Theory and Practice","Scott D. Stewart, Christopher D. Piros, Jeffrey C. Heisler","9781119397434","111939743X","9781119397434","A career’s worth of portfolio management knowledge in one thorough, efficient guide Portfolio Management is an authoritative guide for those who wish to manage money professionally. This invaluable resource presents effective portfolio management practices supported by their underlying theory, providing the tools and instruction required to meet investor objectives and deliver superior performance. Highlighting a practitioner’s view of portfolio management, this guide offers real-world perspective on investment processes, portfolio decision making, and the business of managing money for real clients. Real world examples and detailed test cases—supported by sophisticated Excel templates and true client situations—illustrate real investment scenarios and provide insight into the factors separating success from failure. The book is an ideal textbook for courses in advanced investments, portfolio management or applied capital markets finance. It is also a useful tool for practitioners who seek hands-on learning of advanced portfolio techniques. Managing other people’s money is a challenging and ever-evolving business. Investment professionals must keep pace with the current market environment to effectively manage their client’s assets while students require a foundation built on the most relevant, up-to-date information and techniques. This invaluable resource allows readers to: Learn and apply advanced multi-period portfolio methods to all major asset classes. Design, test, and implement investment processes. Win and keep client mandates. Grasp the theoretical foundations of major investment tools Teaching and learning aids include: Easy-to-use Excel templates with immediately accessible tools. Accessible PowerPoint slides, sample exam and quiz questions and sample syllabi Video lectures Proliferation of mathematics in economics, growing sophistication of investors, and rising competition in the industry requires advanced training of investment professionals. Portfolio Management provides expert guidance to this increasingly complex field, covering the important advancements in theory and intricacies of practice.","800","2019","2019-03-19","John Wiley & Sons","Business & Economics","en","https://books.google.com/books/content?id=g6iODwAAQBAJ&printsec=frontcover&img=1&zoom=1&edge=curl&source=gbs_api","google_books","",""
"fq2CB5YTqssC","asset allocation portfolio management","asset allocation portfolio management","80","0","80","2026-05-14T12:59:55+00:00","9783638897839","isbn_13_explicit","1","Portfolio Management Using Black-Litterman","","Henning Padberg","9783638897839","3638897834","9783638897839","Seminar paper from the year 2007 in the subject Business economics - Banking, Stock Exchanges, Insurance, Accounting, grade: 1,3, University of Münster (Finance Center Münster), course: Betriebliche Finanzierung (Finance Seminar), language: English, abstract: The Black-Litterman optimization model is based on the idea of efficient markets and the capital asset pricing model (CAPM). The BL model enhances standard mean-variance optimization by implementing market views into the optimization process (probability theory). Investors obtain sophisticated and reasonable asset allocations. Portfolio management usually comprises asset allocation decisions with the goal of creating diversified portfolios. Managers can consult quantitative models to support their decision-making process. Fischer Black and Robert Litterman (1992) developed the Black-Litterman (BL) optimization model. It is based on the idea of efficient markets, the capital asset pricing model of Sharpe (1964) and Lintner (1965), as well as the established mean-variance optimization (MVO) developed by Markowitz (1952), and conditional probability theory dating back to Bayes (1763). Starting point of the BL model is the assumption that equilibrium markets and market cap. weights provide the investor with Implied Returns. The BL model uses a mixed estimation technique to incorporate investors’ Views into return forecasts. It is possible to implement relative and absolute opinions regarding expected returns of assets with different levels of confidence. These Views enable an adjustment of equilibrium Implied Returns, which forms a new expectation of BL Revised Implied Returns. As a result of optimization with BL input data, the investor gets new optimal portfolio weights. The motivation of Black and Litterman (1992) to develop a new portfolio optimization tool was a lack of acceptance of the Markowitz algorithm within professional asset managers. There aim was to shape a model which can overcome the weaknesses of MVO and which combines a quantitative and qualitative approach. Consequently, the BL model tackles the weakest point of MVO, its sensitivity to the return forecasts and allows taking active Views. This paper is structured in the following sections: First, it shows the basic principles on which the BL model is founded. Then, it illustrates the model by means of its assumptions, the general approach, and the math involved. Finally, it evaluates the model in a critical review, provides an overview of applicable extensions, and addresses the issues of practicability and behavioral finance.","24","2008","2008-01-24","GRIN Verlag","Business & Economics","en","https://books.google.com/books/content?id=fq2CB5YTqssC&printsec=frontcover&img=1&zoom=1&edge=curl&source=gbs_api","google_books","",""
"L3d9nom4JPsC","asset allocation portfolio management","asset allocation portfolio management","80","1","81","2026-05-14T12:59:55+00:00","9780080480084","isbn_13_explicit","1","Portfolio Management in Practice","","Christine Brentani","9780080480084","008048008X","9780080480084","As individuals are becoming more and more responsible for ensuring their own financial future, portfolio or fund management has taken on an increasingly important role in banks' ranges of offerings to their clients. In addition, as interest rates have come down and the stock market has gone up and come down again, clients have a choice of leaving their saving in deposit accounts, or putting those savings in unit trusts or investment portfolios which invest in equities and/or bonds. Individuals are becoming aware that they might need to top up government pension allocations. Likewise, corporations who run employee pension schemes have to ensure that they are able to cover their current and future liabilities. Investing in unit trusts or mutual funds is one way for individuals and corporations alike to potentially enhance the returns on their savings.Introduction to Portfolio Management covers the:*Theoretical underpinnings of portfolio management*Basics of portfolio construction*Constraints to be considered when building a client portfolio*Types of analysis used for asset allocation and stock selection*Main types of funds available to investors*Inspired from the basic entry level training courses that have been developed by major international banks worldwide.*Will enable MSc Finance students, MBA students and those already in the finance profession to gain an understanding of the basic information and principles underlying the topic under discussion*Questions with answers, study topics, practical ""real world"" examples and text with an extensive bibliography and references ensure learning outcomes can be immediately applied","237","2003","2003-12-05","Elsevier","Business & Economics","en","https://books.google.com/books/content?id=L3d9nom4JPsC&printsec=frontcover&img=1&zoom=1&edge=curl&source=gbs_api","google_books","5","1"
"z-joAwAAQBAJ","asset allocation portfolio management","asset allocation portfolio management","80","2","82","2026-05-14T12:59:55+00:00","9781118779194","isbn_13_explicit","1","Asset Rotation","The Demise of Modern Portfolio Theory and the Birth of an Investment Renaissance","Matthew P. Erickson","9781118779194","1118779193","9781118779194","An all-weather, tactical approach to asset management utilizing Exchange Traded Funds (ETFs) In Asset Rotation, portfolio management pioneer Matthew P. Erickson demonstrates a time-tested approach to asset management that has worked throughout the history of capital markets, in good times and bad. Providing investors with strong participation in rising markets, but more importantly with a discipline to reduce participation in prolonged declines. Over time this revolutionary approach has yielded superior returns, with significantly reduced levels of risk; providing the engine for true, long-term sustainable growth. The investment world as we know it has changed, and the paradigm has shifted. What has worked in the past may no longer work in the future. No longer may bonds be regarded as a safe haven asset class, as for the first time in generations, investors in fixed income face losses as interest rates rise from historical all-time lows. For those adhering to a conventional Modern Portfolio Theory based investment approach to asset management, what was once regarded as safe and stable, may very well soon become our greatest impediment. Asset Rotation provides investors with a practical solution for today's real world problems. This tactical approach to asset management provides us with concrete proof that there is indeed a better way. We are standing on the precipice of an Investment Renaissance. What was previously impossible, is now possible. Find out how. Presents an easy-to-understand price momentum-based approach to investing Illustrates the benefits of asset rotation Offers a systematic approach for securing a sound financial future Provides further insights as to how to customize your own asset rotation portfolio Matthew Erickson gives investors a hands-on resource for how to navigate an increasingly difficult investment landscape, by providing them with keen insights into the most rapidly growing segment of the investment markets.","245","2014","2014-07-21","John Wiley & Sons","Business & Economics","en","https://books.google.com/books/content?id=z-joAwAAQBAJ&printsec=frontcover&img=1&zoom=1&edge=curl&source=gbs_api","google_books","",""
"O75mDwAAQBAJ","asset allocation portfolio management","asset allocation portfolio management","80","3","83","2026-05-14T12:59:55+00:00","9783319902456","isbn_13_explicit","1","Advances in the Practice of Public Investment Management","Portfolio Modelling, Performance Attribution and Governance","Narayan Bulusu, Joachim Coche, Alejandro Reveiz, Francisco Rivadeneyra, Vahe Sahakyan, Ghislain Yanou","9783319902456","3319902458","9783319902456","This book covers the latest advances in the theory and practice of public investment management. It includes the most up-to-date developments in the implementation of public asset management – including multiple contributions on portfolio allocation in varying interest-rate and credit-risk environments. Other highlights include implementation, performance attribution and governance issues surrounding reserves management, portfolio construction techniques appropriate for public investors and an in-depth discussion of the challenges to achieving international diversification.","406","2018","2018-07-28","Springer","Business & Economics","en","https://books.google.com/books/content?id=O75mDwAAQBAJ&printsec=frontcover&img=1&zoom=1&edge=curl&source=gbs_api","google_books","",""
"yt8wCwAAQBAJ","asset allocation portfolio management","asset allocation portfolio management","80","4","84","2026-05-14T12:59:55+00:00","9781630478162","isbn_13_explicit","1","Buy and Hold is Still Dead (Again)","The Case for Active Portfolio Management in Dangerous Markets","Kenneth R. Solow","9781630478162","1630478164","9781630478162","Status quo investing is dead, and a growing number of investors want to take advantage of the risk-reduction features of active management. In this second, expanded edition of his prophetic 2009 classic, Ken Solow reveals the secrets of the successful active manager as he walks you through the proprietary methods of his own firm. A provocative and thoughtful critique of the current state of the money management industry, ""Buy and Hold is Dead (AGAIN)"" remains an invaluable investment guide for our financially challenging times.","347","2016","2016-01-26","Morgan James Publishing","Business & Economics","en","https://books.google.com/books/content?id=yt8wCwAAQBAJ&printsec=frontcover&img=1&zoom=1&edge=curl&source=gbs_api","google_books","",""
"8-xBSh1avUsC","asset allocation portfolio management","asset allocation portfolio management","80","5","85","2026-05-14T12:59:55+00:00","9780470635346","isbn_13_explicit","1","Managing Investment Portfolios","A Dynamic Process","John L. Maginn, Donald L. Tuttle, Dennis W. McLeavey, Jerald E. Pinto","9780470635346","0470635347","9780470635346","""A rare blend of a well-organized, comprehensive guide to portfolio management and a deep, cutting-edge treatment of the key topics by distinguished authors who have all practiced what they preach. The subtitle, A Dynamic Process, points to the fresh, modern ideas that sparkle throughout this new edition. Just reading Peter Bernstein's thoughtful Foreword can move you forward in your thinking about this critical subject."" —Martin L. Leibowitz, Morgan Stanley ""Managing Investment Portfolios remains the definitive volume in explaining investment management as a process, providing organization and structure to a complex, multipart set of concepts and procedures. Anyone involved in the management of portfolios will benefit from a careful reading of this new edition."" —Charles P. Jones, CFA, Edwin Gill Professor of Finance, College of Management, North Carolina State University","1255","2010","2010-03-18","John Wiley & Sons","Business & Economics","en","https://books.google.com/books/content?id=8-xBSh1avUsC&printsec=frontcover&img=1&zoom=1&edge=curl&source=gbs_api","google_books","",""
"rWW8AwAAQBAJ","asset allocation portfolio management","asset allocation portfolio management","80","6","86","2026-05-14T12:59:55+00:00","9780199959334","isbn_13_explicit","1","Asset Management","A Systematic Approach to Factor Investing","Andrew Ang","9780199959334","0199959331","9780199959334","In Asset Management: A Systematic Approach to Factor Investing, Professor Andrew Ang presents a comprehensive, new approach to the age-old problem of where to put your money. Years of experience as a finance professor and a consultant have led him to see that what matters aren't asset class labels, but instead the bundles of overlapping risks they represent. Factor risks must be the focus of our attention if we are to weather market turmoil and receive the rewards that come with doing so. Clearly written yet full of the latest research and data, Asset Management is indispensable reading for trustees, professional money managers, smart private investors, and business students who want to understand the economics behind factor risk premiums, to harvest them efficiently in their portfolios, and to embark on the search for true alpha.","717","2014","2014-07-07","Oxford University Press","Business & Economics","en","https://books.google.com/books/content?id=rWW8AwAAQBAJ&printsec=frontcover&img=1&zoom=1&edge=curl&source=gbs_api","google_books","5","2"
"VEcREAAAQBAJ","asset allocation portfolio management","asset allocation portfolio management","80","7","87","2026-05-14T12:59:55+00:00","9789811225765","isbn_13_explicit","1","Asset Management: Tools And Issues","","Frank J Fabozzi, Francesco A Fabozzi, Marcos Lopez De Prado, Stoyan V Stoyanov","9789811225765","9811225761","9789811225765","Long gone are the times when investors could make decisions based on intuition. Modern asset management draws on a wide-range of fields beyond financial theory: economics, financial accounting, econometrics/statistics, management science, operations research (optimization and Monte Carlo simulation), and more recently, data science (Big Data, machine learning, and artificial intelligence). The challenge in writing an institutional asset management book is that when tools from these different fields are applied in an investment strategy or an analytical framework for valuing securities, it is assumed that the reader is familiar with the fundamentals of these fields. Attempting to explain strategies and analytical concepts while also providing a primer on the tools from other fields is not the most effective way of describing the asset management process. Moreover, while an increasing number of investment models have been proposed in the asset management literature, there are challenges and issues in implementing these models. This book provides a description of the tools used in asset management as well as a more in-depth explanation of specialized topics and issues covered in the companion book, Fundamentals of Institutional Asset Management. The topics covered include the asset management business and its challenges, the basics of financial accounting, securitization technology, analytical tools (financial econometrics, Monte Carlo simulation, optimization models, and machine learning), alternative risk measures for asset allocation, securities finance, implementing quantitative research, quantitative equity strategies, transaction costs, multifactor models applied to equity and bond portfolio management, and backtesting methodologies. This pedagogic approach exposes the reader to the set of interdisciplinary tools that modern asset managers require in order to extract profits from data and processes.","514","2020","2020-12-02","World Scientific","Business & Economics","en","https://books.google.com/books/content?id=VEcREAAAQBAJ&printsec=frontcover&img=1&zoom=1&edge=curl&source=gbs_api","google_books","",""
"fjdYDwAAQBAJ","asset allocation portfolio management","asset allocation portfolio management","80","8","88","2026-05-14T12:59:55+00:00","9780857196309","isbn_13_explicit","1","Portfolio Construction for Today's Markets","A practitioner's guide to the essentials of asset allocation","Russ Koesterich","9780857196309","0857196308","9780857196309","For most of the past 50 years the simplest asset allocation solution was often the best. A balanced portfolio of stocks and bonds provided the investor with good returns. Unfortunately, this approach is not likely to work as well in the future. Interest rates are close to historic lows, equity valuations and bond prices appear stretched, and global economic growth has slowed. Investors need a new asset allocation solution. In Portfolio Construction for Today's Markets, BlackRock Portfolio Manager and investment expert Russ Koesterich addresses this problem by describing the step-by-step approach to building a portfolio consistent with investor goals and suited to today’s market environment. This portfolio construction process is divided into six stages, beginning with setting objectives and moving through assessing risk tolerance, diversification, the importance of factors, generating return assumptions, and combining assets in a risk-controlled manner. In the final chapter, Mr Koesterich presents a highly useful summary of the five fundamental rules of asset allocation and a five-step checklist to follow when constructing portfolios. For investors and their advisors constructing portfolio in today's markets, this book is an indispensable new guide.","248","2018","2018-04-27","Harriman House Limited","Business & Economics","en","https://books.google.com/books/content?id=fjdYDwAAQBAJ&printsec=frontcover&img=1&zoom=1&edge=curl&source=gbs_api","google_books","",""
"zbDmmWWKOkAC","asset allocation portfolio management","asset allocation portfolio management","80","9","89","2026-05-14T12:59:55+00:00","9781600377938","isbn_13_explicit","1","Buy and Hold Is Dead (Again)","The Case for Active Portfolio Management in Dangerous Markets","Kenneth R. Solow","9781600377938","1600377939","9781600377938","Patience May Be A Virtue, But It Isn't An Investment Strategy. The current academic and financial planning definitions of ""risk"" are changing at light speed, but the notion of what constitutes ""risky"" investment strategy for informed investors is still stuck in the dark ages. Wealth management expert Kenneth Solow takes a fresh look at the investment industry's reliance on Buy-and-Hold investing, exposing the flaws and potential dangers of this investment approach in secular bear markets. Patiently waiting for stocks to deliver historical average returns does not rise to the level of an investment strategy, according to Solow, who recommends a different approach called Tactical Asset Allocation. A provocative and thoughtful critique of the current state of the money management industry, Buy and Hold is Dead (AGAIN) is an invaluable investment guide for our financially challenging times.","341","2009","2009-05-01","Morgan James Publishing","Business & Economics","en","https://books.google.com/books/content?id=zbDmmWWKOkAC&printsec=frontcover&img=1&zoom=1&edge=curl&source=gbs_api","google_books","",""
"yVlAb08VCCkC","asset allocation portfolio management","asset allocation portfolio management","80","10","90","2026-05-14T12:59:55+00:00","9780471445555","isbn_13_explicit","1","Global Asset Allocation","New Methods and Applications","Heinz Zimmermann, Wolfgang Drobetz, Peter Oertmann","9780471445555","047144555X","9780471445555","Reveals new methodologies for asset pricing within a global asset allocation framework. Contains cutting-edge empirical research on global markets and sectors of the global economy. Introduces the Black-Litterman model and how it can be used to improve global asset allocation decisions.","340","2003","2003-02-03","John Wiley & Sons","Business & Economics","en","https://books.google.com/books/content?id=yVlAb08VCCkC&printsec=frontcover&img=1&zoom=1&edge=curl&source=gbs_api","google_books","",""
"k4zMDgAAQBAJ","asset allocation portfolio management","asset allocation portfolio management","80","11","91","2026-05-14T12:59:55+00:00","9781119402459","isbn_13_explicit","1","A Practitioner's Guide to Asset Allocation","","William Kinlaw, Mark P. Kritzman, David Turkington","9781119402459","111940245X","9781119402459","Since the formalization of asset allocation in 1952 with the publication of Portfolio Selection by Harry Markowitz, there have been great strides made to enhance the application of this groundbreaking theory. However, progress has been uneven. It has been punctuated with instances of misleading research, which has contributed to the stubborn persistence of certain fallacies about asset allocation. A Practitioner's Guide to Asset Allocation fills a void in the literature by offering a hands-on resource that describes the many important innovations that address key challenges to asset allocation and dispels common fallacies about asset allocation. The authors cover the fundamentals of asset allocation, including a discussion of the attributes that qualify a group of securities as an asset class and a detailed description of the conventional application of mean-variance analysis to asset allocation.. The authors review a number of common fallacies about asset allocation and dispel these misconceptions with logic or hard evidence. The fallacies debunked include such notions as: asset allocation determines more than 90% of investment performance; time diversifies risk; optimization is hypersensitive to estimation error; factors provide greater diversification than assets and are more effective at reducing noise; and that equally weighted portfolios perform more reliably out of sample than optimized portfolios. A Practitioner's Guide to Asset Allocation also explores the innovations that address key challenges to asset allocation and presents an alternative optimization procedure to address the idea that some investors have complex preferences and returns may not be elliptically distributed. Among the challenges highlighted, the authors explain how to overcome inefficiencies that result from constraints by expanding the optimization objective function to incorporate absolute and relative goals simultaneously. The text also explores the challenge of currency risk, describes how to use shadow assets and liabilities to unify liquidity with expected return and risk, and shows how to evaluate alternative asset mixes by assessing exposure to loss throughout the investment horizon based on regime-dependent risk. This practical text contains an illustrative example of asset allocation which is used to demonstrate the impact of the innovations described throughout the book. In addition, the book includes supplemental material that summarizes the key takeaways and includes information on relevant statistical and theoretical concepts, as well as a comprehensive glossary of terms.","271","2017","2017-05-02","John Wiley & Sons","Business & Economics","en","https://books.google.com/books/content?id=k4zMDgAAQBAJ&printsec=frontcover&img=1&zoom=1&edge=curl&source=gbs_api","google_books","",""
"vLWnDwAAQBAJ","asset allocation portfolio management","asset allocation portfolio management","80","12","92","2026-05-14T12:59:55+00:00","9780691128313","isbn_13_explicit","1","Quantitative Management of Bond Portfolios","","Lev Dynkin","9780691128313","0691128316","9780691128313","Publisher description","998","2007","2007","Princeton University Press","Business & Economics","en","https://books.google.com/books/content?id=vLWnDwAAQBAJ&printsec=frontcover&img=1&zoom=1&edge=curl&source=gbs_api","google_books","",""
"aSDkFQtysy8C","asset allocation portfolio management","asset allocation portfolio management","80","14","94","2026-05-14T12:59:55+00:00","9780071376952","isbn_13_explicit","1","Active Portfolio Management: A Quantitative Approach for Producing Superior Returns and Selecting Superior Returns and Controlling Risk","","Richard C. Grinold, Ronald N. Kahn","9780071376952","007137695X","9780071376952","""This new edition of Active Portfolio Management continues the standard of excellence established in the first edition, with new and clear insights to help investment professionals."" -William E. Jacques, Partner and Chief Investment Officer, Martingale Asset Management. ""Active Portfolio Management offers investors an opportunity to better understand the balance between manager skill and portfolio risk. Both fundamental and quantitative investment managers will benefit from studying this updated edition by Grinold and Kahn."" -Scott Stewart, Portfolio Manager, Fidelity Select Equity ® Discipline Co-Manager, Fidelity Freedom ® Funds. ""This Second edition will not remain on the shelf, but will be continually referenced by both novice and expert. There is a substantial expansion in both depth and breadth on the original. It clearly and concisely explains all aspects of the foundations and the latest thinking in active portfolio management."" -Eric N. Remole, Managing Director, Head of Global Structured Equity, Credit Suisse Asset Management. Mathematically rigorous and meticulously organized, Active Portfolio Management broke new ground when it first became available to investment managers in 1994. By outlining an innovative process to uncover raw signals of asset returns, develop them into refined forecasts, then use those forecasts to construct portfolios of exceptional return and minimal risk, i.e., portfolios that consistently beat the market, this hallmark book helped thousands of investment managers. Active Portfolio Management, Second Edition, now sets the bar even higher. Like its predecessor, this volume details how to apply economics, econometrics, and operations research to solving practical investment problems, and uncovering superior profit opportunities. It outlines an active management framework that begins with a benchmark portfolio, then defines exceptional returns as they relate to that benchmark. Beyond the comprehensive treatment of the active management process covered previously, this new edition expands to cover asset allocation, long/short investing, information horizons, and other topics relevant today. It revisits a number of discussions from the first edition, shedding new light on some of today's most pressing issues, including risk, dispersion, market impact, and performance analysis, while providing empirical evidence where appropriate. The result is an updated, comprehensive set of strategic concepts and rules of thumb for guiding the process of-and increasing the profits from-active investment management.","621","1999","1999-11-16","McGraw Hill Professional","Business & Economics","en","https://books.google.com/books/content?id=aSDkFQtysy8C&printsec=frontcover&img=1&zoom=1&edge=curl&source=gbs_api","google_books","",""
"loUgCwAAQBAJ","asset allocation portfolio management","asset allocation portfolio management","80","15","95","2026-05-14T12:59:55+00:00","9781118445594","isbn_13_explicit","1","Portfolio Construction and Analytics","","Frank J. Fabozzi, Dessislava A. Pachamanova","9781118445594","1118445597","9781118445594","A detailed, multi-disciplinary approach to investment analytics Portfolio Construction and Analytics provides an up-to-date understanding of the analytic investment process for students and professionals alike. With complete and detailed coverage of portfolio analytics and modeling methods, this book is unique in its multi-disciplinary approach. Investment analytics involves the input of a variety of areas, and this guide provides the perspective of data management, modeling, software resources, and investment strategy to give you a truly comprehensive understanding of how today's firms approach the process. Real-world examples provide insight into analytics performed with vendor software, and references to analytics performed with open source software will prove useful to both students and practitioners. Portfolio analytics refers to all of the methods used to screen, model, track, and evaluate investments. Big data, regulatory change, and increasing risk is forcing a need for a more coherent approach to all aspects of investment analytics, and this book provides the strong foundation and critical skills you need. Master the fundamental modeling concepts and widely used analytics Learn the latest trends in risk metrics, modeling, and investment strategies Get up to speed on the vendor and open-source software most commonly used Gain a multi-angle perspective on portfolio analytics at today's firms Identifying investment opportunities, keeping portfolios aligned with investment objectives, and monitoring risk and performance are all major functions of an investment firm that relies heavily on analytics output. This reliance will only increase in the face of market changes and increased regulatory pressure, and practitioners need a deep understanding of the latest methods and models used to build a robust investment strategy. Portfolio Construction and Analytics is an invaluable resource for portfolio management in any capacity.","629","2016","2016-04-11","John Wiley & Sons","Business & Economics","en","https://books.google.com/books/content?id=loUgCwAAQBAJ&printsec=frontcover&img=1&zoom=1&edge=curl&source=gbs_api","google_books","",""
"_e1lDwAAQBAJ","asset allocation portfolio management","asset allocation portfolio management","80","16","96","2026-05-14T12:59:55+00:00","9783319895543","isbn_13_explicit","1","Strategic and Tactical Asset Allocation","An Integrated Approach","Henrik Lumholdt","9783319895543","3319895540","9783319895543","This book covers each step in the asset allocation process, addressing as many of the relevant questions as possible along the way. How can we formulate expectations about long-term returns? How relevant are valuations? What are the challenges to optimizing the portfolio? Can factor investing add value and, if so, how can it be implemented? Which are the key performance drivers for each asset class, and what determines how they are correlated? How can we apply insights about the business cycle to tactical asset allocation? The book is aimed at finance professionals and others looking for a coherent framework for decision-making in asset allocation, both at the strategic and tactical level. It stresses analysis rather than pre-conceived ideas about investments, and it draws on both empirical research and practical experience to give the reader as strong a background as possible.","259","2018","2018-07-21","Springer","Business & Economics","en","https://books.google.com/books/content?id=_e1lDwAAQBAJ&printsec=frontcover&img=1&zoom=1&edge=curl&source=gbs_api","google_books","",""
"t1F9DAAAQBAJ","asset allocation portfolio management","asset allocation portfolio management","80","17","97","2026-05-14T12:59:55+00:00","9780230512856","isbn_13_explicit","1","Quantitative Portfolio Optimisation, Asset Allocation and Risk Management","A Practical Guide to Implementing Quantitative Investment Theory","M. Rasmussen","9780230512856","0230512852","9780230512856","Targeted towards institutional asset managers in general and chief investment officers, portfolio managers and risk managers in particular, this practical book serves as a comprehensive guide to quantitative portfolio optimization, asset allocation and risk management. Providing an accessible yet rigorous approach to investment management, it gradually introduces ever more advanced quantitative tools for these areas. Using extensive examples, this book guides the reader from basic return and risk analysis, all the way through to portfolio optimization and risk characterization, and finally on to fully fledged quantitative asset allocation and risk management. It employs such tools as enhanced modern portfolio theory using Monte Carlo simulation and advanced return distribution analysis, analysis of marginal contributions to absolute and active portfolio risk, Value-at-Risk and Extreme Value Theory. All this is performed within the same conceptual, theoretical and empirical framework, providing a self-contained, comprehensive reading experience with a strongly practical aim.","453","2002","2002-12-13","Springer","Business & Economics","en","https://books.google.com/books/content?id=t1F9DAAAQBAJ&printsec=frontcover&img=1&zoom=1&edge=curl&source=gbs_api","google_books","",""
"1BXZjwEACAAJ","asset allocation portfolio management","asset allocation portfolio management","80","18","98","2026-05-14T12:59:55+00:00","9780470481769","isbn_13_explicit","1","The Endowment Model of Investing","Return, Risk, and Diversification","Martin L. Leibowitz, Anthony Bova, P. Brett Hammond","9780470481769","0470481765","9780470481769","A cutting-edge look at the endowment model of investing Many larger endowments and foundations have adopted a broadly diversified asset allocation strategy with only a small amount of traditional U.S. equities and bonds. This technique, known as the ""endowment model of investing,"" has demonstrated consistent long-term performance and attracted the attention of numerous institutional and individual investors. With The Endowment Model of Investing Leibowitz, Bova, and Hammond take a closer look at the endowment model with customary research sophistication and attention to detail. Throughout the book, they examine how the model provides truly outstanding real returns, while keeping a close eye on the risks associated with this method of investing. Along the way, the authors offer practical advice on incorporating the endowment model into your own investment endeavors and reveal what it takes to make this method work in the real world. Details the growing debate about the endowment model of investing and discusses how to use it successfully Written by an authority on endowment investing and non-traditional asset allocation strategies Offers expert insights on understanding risk and return in non traditional asset allocation If you want to gain a better grasp of one of the most successful forms of investing, then The Endowment Model of Investing is a book you need to read.","334","2010","2010-04-05","Wiley","Business & Economics","en","https://books.google.com/books/content?id=1BXZjwEACAAJ&printsec=frontcover&img=1&zoom=1&source=gbs_api","google_books","",""
"LYcqAgAAQBAJ","asset allocation portfolio management","asset allocation portfolio management","80","19","99","2026-05-14T12:59:55+00:00","9781107048119","isbn_13_explicit","1","Portfolio Management under Stress","A Bayesian-Net Approach to Coherent Asset Allocation","Riccardo Rebonato, Alexander Denev","9781107048119","1107048117","9781107048119","A rigorous presentation of a novel methodology for asset allocation in financial portfolios under conditions of market distress.","519","2013","2013","Cambridge University Press","Business & Economics","en","https://books.google.com/books/content?id=LYcqAgAAQBAJ&printsec=frontcover&img=1&zoom=1&edge=curl&source=gbs_api","google_books","",""
"lInvAQAACAAJ","trading psychology behavioral finance","trading psychology behavioral finance","0","0","0","2026-05-14T12:53:20+00:00","9783668401341","isbn_13_explicit","1","Forex Traders Psychology. A Behavioral Finance Research Paper","","Qais Sbaih","9783668401341","3668401349","9783668401341","Research Paper (undergraduate) from the year 2016 in the subject Business economics - Investment and Finance, grade: 90%, Birzeit University (Business and economics), course: MBA, language: English, abstract: Psychological factors like emotion, mood, stress and personality interfere with trading behaviors, stable emotions lead to good trades. This research study examines how stable emotions, mood and stress affect trading behavior. Methods: Traders were randomly selected over 2 questionnaires (N=50) each in 39 different countries, Trading emotion stability Index TESI and trading Stress index TSI where used to measure both Emotions and stress and compare them with different factors within sample. Results: Traders with low TESI are more confidence and more risk takers, traders with good mood reflect stable and confident traders, there is significant correlation between stress and traders rate of return. Conclusion: The more stable trading emotion and the better mood they have the more confidence decision traders make and the more risk they take, decreasing trading stress can play role in increasing a traders return. Over 40 countries around the world, forex traders faces same difficulties, same challenges and emotional biases. What make one traders different of others is his personality and psychology.","24","2017","2017-03-21","Grin Publishing","","en","https://books.google.com/books/content?id=lInvAQAACAAJ&printsec=frontcover&img=1&zoom=1&source=gbs_api","google_books","",""
"Zt5CDwAAQBAJ","trading psychology behavioral finance","trading psychology behavioral finance","0","1","1","2026-05-14T12:53:20+00:00","9781351601016","isbn_13_explicit","1","The Psychology of Successful Trading","Behavioural Strategies for Profitability","Tim Short","9781351601016","1351601016","9781351601016","This book is the first to demonstrate the practical implications of an important, yet under-considered area of psychology in helping traders and investors understand the biases and attribution errors that drive unpredictable behaviour on the trading floor. Readers will improve their chances of trading successfully by learning where cognitive biases lead to errors in stock analysis and how these biases can be used to predict behavior in market participants. Focusing on the three major types of bias—Belief-Formation, Quasi-Economic, and Social—the book provides a rigorous discussion of the literature before explaining how each of these biases plays out in financial markets. The author brings together the fields of philosophical psychology and behavioral finance to introduce ""theory of mind,"" providing readers with tools to predict biases in others as well as using these predictions to form optimal trading strategies for themselves. Readers will also learn to understand their own behaviors, counteracting biases such as overconfidence and conformity—and the ""curse"" of their own knowledge—to strengthen trade performance. Pairing his skill and experience with an extensive research bibliography, Short positions the foundational sources of cognitive biases alongside concrete examples, experimental designs, and trader’s anecdotes, helping readers to apply theoretical guidelines to real-life scenarios. Shrewd professionals and MBA students will benefit from The Psychology of Successful Trading’s intuitive structure and practical focus.","371","2017","2017-11-22","Routledge","Business & Economics","en","https://books.google.com/books/content?id=Zt5CDwAAQBAJ&printsec=frontcover&img=1&zoom=1&edge=curl&source=gbs_api","google_books","",""
"J6On0QEACAAJ","trading psychology behavioral finance","trading psychology behavioral finance","0","2","2","2026-05-14T12:53:20+00:00","9798271580987","isbn_13_explicit","1","Trading Psychology & Neuroscience","The Rational Mind in an Irrational Market","Brian Dale Babiak, MD","9798271580987","","9798271580987","Trading Psychology & Neuroscience: The Rational Mind in an Irrational Market Trading Psychology & Neuroscience is a neuroscience-driven trading psychology field manual for anyone who must make decision-making under uncertainty while screens, news, and P&L pull at their emotions. Blending behavioral finance with real trading protocols, it shows you how the brain and body-from amygdala to prefrontal cortex, dopamine to cortisol, vagus nerve to heart rate variability (HRV)-shape risk, bias, and execution. You'll learn step-by-step risk management for traders, breathing techniques for traders (including coherence breathing, box breathing, and 4-7-8), fast focus resets, and a repeatable playbook for emotion regulation, discipline, and trading performance. Inside you'll find: A clear map of cognitive biases (from loss aversion, anchoring, and overconfidence to herding) as they appear on a live trading desk-and how to defuse them in seconds. Practical biofeedback for traders and HRV training tools to raise vagal tone, recover faster after losses, and avoid revenge trading and FOMO trading. Calibration training for probabilistic thinking (Brier scoring, base rates, conjunction traps) so you size positions by expectancy, not impulse. Protocols for flow state, attention management, and environment design (e.g., defeating red/green color bias with grayscale charts). Templates for pre-market routines, checklists, and post-trade reviews that turn shaky discretion into a reliable edge. If you've highlighted Mark Douglas, Brett Steenbarger, Van Tharp, Alexander Elder, Annie Duke, or Daniel Kahneman, this book is your next step: a bridge from theory to execution that connects the neuroscience of trading with the daily grind of entries, exits, and risk. Train your nervous system, sharpen your process, and let your trader mindset lead when markets turn irrational. Keywords: trading psychology, behavioral finance, trading mindset, decision making under uncertainty, risk management for traders, emotion regulation, cognitive biases, loss aversion, anchoring bias, overconfidence bias, herding behavior, neuroscience of trading, HRV training, biofeedback for traders, breathing techniques for traders, coherence breathing, flow state, attention management, trader resilience, probabilistic thinking, calibration training, FOMO trading, revenge trading, market bubbles, performance psychology","","2025","2025-10-25","Independently Published","Business & Economics","en","https://books.google.com/books/content?id=J6On0QEACAAJ&printsec=frontcover&img=1&zoom=1&source=gbs_api","google_books","",""
"wB3dCQAAQBAJ","trading psychology behavioral finance","trading psychology behavioral finance","0","3","3","2026-05-14T12:53:20+00:00","9780470850268","isbn_13_explicit","1","Financial Risk Taking","An Introduction to the Psychology of Trading and Behavioural Finance","Mike Elvin","9780470850268","0470850264","9780470850268","In Financial Risk Taking, trader and psychologist Mike Elvin explores the complex relationship between human behaviour patterns and the markets, offering the reader a context in which to assess their own strengths and weaknesses as investors. The book offers an apposite and uncomplicated system of skills development in the form of competences and competencies that can be applied anywhere along the continuum from casual investor to full-time day trader. Elvin presents a Comprehensive Model of Trading Competence (the MOT) as well as the concepts of analysis and refutation, the paramouncy principle, and self-sabotaging behaviours such as the Santa Claus syndrome and Bohica effect. Areas covered include: Emotions - are they functional or disabling? How do the mechanisms of fear, greed and panic work? Motivation and perception - how do belief paradigms affect perception and performance? What perceptual errors influence decisions to the trader's detriment? Information processing and risk assessment - how does information overload affect Stress How does stress affect investment decisions? Technological and mathematical anxiety - why do we avoid learning the skills we most need? What levels of ability are required? Can psychological and biological theories assist in our understanding of investors' performance?","309","2004","2004-07-30","John Wiley & Sons","Business & Economics","en","https://books.google.com/books/content?id=wB3dCQAAQBAJ&printsec=frontcover&img=1&zoom=1&edge=curl&source=gbs_api","google_books","",""
"dq_TEQAAQBAJ","trading psychology behavioral finance","trading psychology behavioral finance","0","4","4","2026-05-14T12:53:20+00:00","9781040901298","isbn_13_explicit","1","Behavioural Finance","Theory and Application","Sujata Kapoor, Jaya Mamta Prosad","9781040901298","1040901298","9781040901298","This textbook examines the role of cognitive biases, emotional influences, and mental heuristics that shape investor behaviour and market outcomes. Designed to serve as a comprehensive resource, it integrates foundational concepts and advanced applications, ensuring utility for financial practitioners, academics, and students alike. This book will be essential for understanding the psychological underpinnings of financial behaviour and leveraging this knowledge to advance personal and professional objectives in finance. The integration of behaviour tests and experiments further enhances its utility, enabling practitioners to identify and address behavioural biases systematically. It fills a critical gap in existing literature, which often prioritises perspectives rooted in developed economies. It aims to place behavioural finance within the context of these markets and offers insights that are both domestically relevant and globally informed. Written in a lucid yet academically robust manner, the book ensures accessibility without compromising the depth of analysis, making it suitable for both novice learners and experienced scholars. It would be useful as a core text for undergraduate and postgraduate students of management, commerce and economics.","394","2026","2026-05-14","Taylor & Francis","Business & Economics","en","https://books.google.com/books/content?id=dq_TEQAAQBAJ&printsec=frontcover&img=1&zoom=1&edge=curl&source=gbs_api","google_books","",""
"a296EAAAQBAJ","trading psychology behavioral finance","trading psychology behavioral finance","0","5","5","2026-05-14T12:53:20+00:00","9781119879589","isbn_13_explicit","1","Trading Psychology For Dummies","","Roland Ullrich","9781119879589","1119879582","9781119879589","Keep your head in the game! Make smarter, confident trades in global markets Trading is 80% psychology and 20% methodology. Trading Psychology For Dummies helps you develop the mindset you need to respond correctly in any market condition. Make more money on your trades as you develop mental strength, act confidently, and avoid the typical mistakes traders make when they don’t understand their own minds. This book is for traders with any portfolio size and any risk tolerance. With the clear and easy approach that has made Dummies investing books so wildly popular, you can take your trading skills to the next level. When you stop underestimating how much your psychology governs your returns, you’ll discover ways to tweak your own thought process for better trading results. Learn how human psychology influences decision making in financial markets and other areas of life Discover advice and techniques that you can try right away to make more rational trades Examine how institutional investors account for market psychology when they predict price movements Earn better returns with the perspective of veteran traders who apply psychology-based techniques daily Trading Psychology For Dummies gives an edge to novice and experienced traders alike. Gain confidence and maintain a flexible and open mind when trading.","291","2022","2022-08-16","John Wiley & Sons","Business & Economics","en","https://books.google.com/books/content?id=a296EAAAQBAJ&printsec=frontcover&img=1&zoom=1&edge=curl&source=gbs_api","google_books","",""
"_7zRAgAAQBAJ","trading psychology behavioral finance","trading psychology behavioral finance","0","8","8","2026-05-14T12:53:20+00:00","9781118727027","isbn_13_explicit","1","Investor Behavior","The Psychology of Financial Planning and Investing","H. Kent Baker, Victor Ricciardi","9781118727027","1118727029","9781118727027","WINNER, Business: Personal Finance/Investing, 2015 USA Best Book Awards FINALIST, Business: Reference, 2015 USA Best Book Awards Investor Behavior provides readers with a comprehensive understanding and the latest research in the area of behavioral finance and investor decision making. Blending contributions from noted academics and experienced practitioners, this 30-chapter book will provide investment professionals with insights on how to understand and manage client behavior; a framework for interpreting financial market activity; and an in-depth understanding of this important new field of investment research. The book should also be of interest to academics, investors, and students. The book will cover the major principles of investor psychology, including heuristics, bounded rationality, regret theory, mental accounting, framing, prospect theory, and loss aversion. Specific sections of the book will delve into the role of personality traits, financial therapy, retirement planning, financial coaching, and emotions in investment decisions. Other topics covered include risk perception and tolerance, asset allocation decisions under inertia and inattention bias; evidenced based financial planning, motivation and satisfaction, behavioral investment management, and neurofinance. Contributions will delve into the behavioral underpinnings of various trading and investment topics including trader psychology, stock momentum, earnings surprises, and anomalies. The final chapters of the book examine new research on socially responsible investing, mutual funds, and real estate investing from a behavioral perspective. Empirical evidence and current literature about each type of investment issue are featured. Cited research studies are presented in a straightforward manner focusing on the comprehension of study findings, rather than on the details of mathematical frameworks.","645","2014","2014-02-06","John Wiley & Sons","Business & Economics","en","https://books.google.com/books/content?id=_7zRAgAAQBAJ&printsec=frontcover&img=1&zoom=1&edge=curl&source=gbs_api","google_books","",""
"bLT_DwAAQBAJ","trading psychology behavioral finance","trading psychology behavioral finance","0","9","9","2026-05-14T12:53:20+00:00","9783752607871","isbn_13_explicit","1","Finance Psychology: How To Begin Thinking Like A Professional Trader (This Workbook About Behavioral Finance Is All You Need To Be Successful In Trading)","","Forex Investment Lounge","9783752607871","3752607874","9783752607871","Finance Psychology: How To Begin Thinking Like A Professional Trader Trading on the stock exchanges seems to be very easy for many financial players, especially at the beginning. They are convinced that it only requires a good entry signal to be successful on the markets in the long run. The longer they trade, the more the participants understand that it is not the entry signals that decide on victory or defeat in this business! It is still the case that most traders lose money. Only a few of them manage to make permanent profits from the markets, or even earn their living by trading. The reason for this is not that the traders choose ""bad"" entrances. The reason that most traders lose money is their psyche. Trading is mainly characterized by emotions and 90-100% psychology. Who is a winner or loser in trading is determined by the mental strength of the trader. Only those who actively work on their personality, mental strengths and belief patterns will be successful in trading. ""It is up to each individual to use the powers of his psyche for or against his success. This ""Workbook about Behavioral Finance"" is all you need to be Successful in Trading (Money Management Trading Guide).","51","2020","2020-09-28","BoD – Books on Demand","Self-Help","en","https://books.google.com/books/content?id=bLT_DwAAQBAJ&printsec=frontcover&img=1&zoom=1&source=gbs_api","google_books","",""
"JmFMvgCm2G8C","trading psychology behavioral finance","trading psychology behavioral finance","0","10","10","2026-05-14T12:53:20+00:00","9780471420231","isbn_13_explicit","1","The Psychology of Trading","Tools and Techniques for Minding the Markets","Brett N. Steenbarger","9780471420231","0471420239","9780471420231","""The one, only, and by far the best book synthesizing psychology and investing. In addition to providing modern, scientific knowledge about psychology, this book provides a mirror into the mind and wide breadth of knowledge of one of the leading practitioners of brief and effectual cures. Will help to cure your trading and your life."" -Victor Niederhoffer, Chief Speculator, Manchester Investments Author, The Education of a Speculator and Practical Speculation ""How refreshing! A book that rises above the old NLP model of the 80's and provides insights on how our relationship with the market is indeed a very personal one. Not only has Steenbarger provided some fantastic tools for the trader to transform his mindset, but he has contributed unique trading ideas as well. Brilliant!"" -Linda Raschke, President, LBRGroup, Inc. ""'Investigate, before you invest' was for many years the slogan of the New York Stock Exchange. I always thought a better one would be, 'Investigate YOURSELF, before you invest.' The Psychology of Trading should help you increase your annual investment rate of return. Mandatory reading for anyone intending to earn a livelihood through trading. "" -Yale Hirsch, The Hirsch Organization Inc., Editor, The Stock Trader's Almanac ""This highly readable, highly educational, and highly entertaining book will teach you as much about yourself as about trading. It's Oliver Sacks meets Mr. Market-extraordinary tales of ordinary professionals and individuals with investment disorders, and how they successfully overcame them. It is a must-read both for private investors who have been shell-shocked in the bear market and want to learn how to start again, as well as for pros who seek an extra edge from extra inner knowledge. Steenbarger's personal voyage into the mind of the market is destined to become a classic."" -Jon Markman, Managing Editor, CNBC on MSN Money Author, Online Investing and Swing Trading ""Dr. Steenbarger's fascinating, highly readable blend of practical insights from his dual careers as a brilliant psychologist and trader will benefit every investor; knowing oneself is as important as knowing the market."" -Laurel Kenner, CNBC.com Columnist, Author, Practical Speculation","354","2004","2004-01-16","John Wiley & Sons","Business & Economics","en","https://books.google.com/books/content?id=JmFMvgCm2G8C&printsec=frontcover&img=1&zoom=1&edge=curl&source=gbs_api","google_books","4","3"
"JETKCQAAQBAJ","trading psychology behavioral finance","trading psychology behavioral finance","0","11","11","2026-05-14T12:53:20+00:00","9780470050637","isbn_13_explicit","1","The Three Skills of Top Trading","Behavioral Systems Building, Pattern Recognition, and Mental State Management","Hank Pruden","9780470050637","0470050632","9780470050637","Praise for The Three Skills of Top Trading ""Professor Pruden's new book, The Three Skills of Top Trading, is unquestionably the best book on a specific trading method and the necessary attributes for trading that I have read. His logic, understanding of human foibles, and use of the Wyckoff method of trading are broadly referenced, readable, understandable, and entertaining."" - Charles D. Kirkpatrick, II, CMT, coauthor of Technical Analysis: The Complete Resource for Financial Market Technicians, Editor of the Journal of Technical Analysis, and board member of the Market Technicians Association ""At long last, someone has taken the time and effort to bring the work and insight of Wyckoff to wider public attention-and Hank Pruden has done so masterfully, with great clarity and eloquence. Hank has taken the best of Wyckoff's work, combining it with the essential aspects of trader discipline and psychology, to provide a highly readable and particularly useful guide to trading. MUST READING!"" - Jacob Bernstein, www.trade-futures.com ""Hank Pruden puts all of the elements needed for successful trading into one volume. This book not only belongs on every trader's shelf but should be close enough for continuous reference."" - Martin J. Pring, President, www.Pring.com ""Dr. Pruden has brought together his lifetime of work in developing a modern approach to analyzing and trading the markets built upon classic market analysis from the early part of the twentieth century and topped off with modern-day tenets of behavioral finance and mental state management."" - Thom Hartle, Director of Marketing for CQG, Inc. (www.cqg.com) ""I usually consider a book to be well worth reading if it gives me one paradigm shift. I believe that this book will give the average investor a lot more than just one."" - Van K. Tharp, PhD, President, Van Tharp Institute","309","2007","2007-04-06","John Wiley & Sons","Business & Economics","en","https://books.google.com/books/content?id=JETKCQAAQBAJ&printsec=frontcover&img=1&zoom=1&edge=curl&source=gbs_api","google_books","",""
"aH_W0QEACAAJ","trading psychology behavioral finance","trading psychology behavioral finance","0","12","12","2026-05-14T12:53:20+00:00","9781025239675","isbn_13_explicit","1","Psychology of the Stock Market","","G C (George Charles) Selden","9781025239675","1025239679","9781025239675","""Psychology of the stock market"" by George Charles Selden offers a profound exploration into the human element driving financial markets. This seminal work delves into the intricate psychological aspects of investments and speculation, uncovering the often-unseen forces that shape market behavior. Selden meticulously examines how emotions, biases, and collective human psychology influence decision-making, leading to both booms and busts. From the speculative fevers that grip traders to the underlying anxieties of investors, this book provides a comprehensive analysis of the behavioral dynamics within the stock market. It explores the interplay between individual actions and broader market trends, illuminating the timeless principles of trading psychology and behavioral finance. Selden's insights reveal that while market conditions evolve, the fundamental human reactions to risk, reward, and uncertainty remain constant. A foundational text in understanding market irrationality and the power of human sentiment, ""Psychology of the stock market"" provides an invaluable perspective on financial markets. It is an essential read for anyone seeking to grasp the enduring influence of mind over money and the often-unpredictable nature of economic speculation. Its observations on human nature and financial decision-making continue to resonate with remarkable clarity. This work has been selected by scholars as being culturally important, and is part of the knowledge base of civilization as we know it. This work is in the public domain in the United States of America, and possibly other nations. Within the United States, you may freely copy and distribute this work, as no entity (individual or corporate) has a copyright on the body of the work. Scholars believe, and we concur, that this work is important enough to be preserved, reproduced, and made generally available to the public. We appreciate your support of the preservation process, and thank you for being an important part of keeping this knowledge alive and relevant.","","2025","2025-12-12","Anson Street Press","Business & Economics","en","https://books.google.com/books/content?id=aH_W0QEACAAJ&printsec=frontcover&img=1&zoom=1&source=gbs_api","google_books","",""
"iOF6RexINHAC","trading psychology behavioral finance","trading psychology behavioral finance","0","13","13","2026-05-14T12:53:20+00:00","9780071730617","isbn_13_explicit","1","Trading Stategies for Capital Markets, Chapter 22 - Psychology and Markets: Behavioral Finance","","Joseph Benning","9780071730617","0071730613","9780071730617","This chapter comes from a book written by Joseph Benning, a Moody's Vice President and former Senior Economist at the Chicago Board of Trade. Trading Strategies for Capital Markets provides examples of successful trading strategies, guidance on when and why to use them, and revealing discussions of trading psychology and risk management. With his trademark lively and engaging style, Dr. Benning cuts through the complexities of the capital markets, making them accessible, practical, interesting, and easy to understand.","15","2007","2007-08-07","McGraw Hill Professional","Business & Economics","en","https://books.google.com/books/content?id=iOF6RexINHAC&printsec=frontcover&img=1&zoom=1&edge=curl&source=gbs_api","google_books","",""
"0vH2zQEACAAJ","trading psychology behavioral finance","trading psychology behavioral finance","0","14","14","2026-05-14T12:53:20+00:00","9781801133524","isbn_13_explicit","1","BEHAVIORAL FINANCE","How Psychological Factors Can Influence the Stock Market","Gregor Kaufmann","9781801133524","1801133522","9781801133524","Behavioral finance, a sub-field of behavioral economics, proposes that psychological influences and biases affect the financial behaviors of investors and financial practitioners. Moreover, influences and biases can be the source for an explanation of all types of market anomalies and specifically market anomalies in the stock market, such as severe rises or falls in stock price. Behavioral finance can be analyzed from a variety of perspectives. Stock market returns are one area of finance where psychological behaviors are often assumed to influence market outcomes and returns but there are also many different angles for observation. The purpose of the classification of behavioral finance is to help understand why people make certain financial choices and how those choices can affect markets. Within behavioral finance, it is assumed that financial participants are not perfectly rational and self-controlled but rather psychologically influential with somewhat normal and self-controlling tendencies. One of the key aspects of behavioral finance studies is the influence of biases. Biases can occur for a variety of reasons. Biases can usually be classified into one of five key concepts. Understanding and classifying different types of behavioral finance biases can be very important when narrowing in on the study or analysis of industry or sector outcomes and results. The efficient markey hypotesis (EMH) says that at any given time in a highly liquid market, stock prices are efficiently valued to reflect all the available information. However, many studies have documented long-term historical phenomena in securities markets that contradict the efficient market hypothesis and cannot be captured plausibly in models based on perfect investor rationality. The EMH is generally based on the belief that market participants view stock prices rationally based on all current and future intrinsic and external factors. When studying the stock market, behavioral finance takes the view that markets are not fully efficient. This allows for observation of how psychological factors can influence the buying and selling of stocks. The understanding and usage of behavioral finance biases are applied to stock and other trading market movements daily. Broadly, behavioral finance theories have also been used to provide clearer explanations of substantial market anomalies like bubbles and deep recessions. While not a part of EMH, investors and portfolio managers have a vested interest in understanding behavioral finance trends. These trends can be used to help analyze market price levels and fluctuations for speculation as well as decision-making purposes.","84","2020","2020-10-24","","Business & Economics","en","https://books.google.com/books/content?id=0vH2zQEACAAJ&printsec=frontcover&img=1&zoom=1&source=gbs_api","google_books","",""
"ag21rQEACAAJ","trading psychology behavioral finance","trading psychology behavioral finance","0","15","15","2026-05-14T12:53:20+00:00","9786061004645","isbn_13_explicit","1","Bridging Trading Psychology, Behavioral Finance and Neurofinance, Towards Becoming a Consistent Profitable Trader","","Ciprian Sebastian Turcan","9786061004645","6061004648","9786061004645","","333","2011","2011","","","en","","google_books","",""
"zZDr-3DRMqcC","trading psychology behavioral finance","trading psychology behavioral finance","0","16","16","2026-05-14T12:53:20+00:00","9780071436038","isbn_13_explicit","1","Quantitative Trading Strategies","Harnessing the Power of Quantitative Techniques to Create a Winning Trading Program","Lars Kestner","9780071436038","0071436030","9780071436038","Harnessing the Power of Quantitative Techniques to Create a Winning Trading ProgramLars Kestner Quantitative Trading Strategies takes readers through the development and evaluation stages of today's most popular and market-proven technical trading strategies. Quantifying every subjective decision in the trading process, this analytical book evaluates the work of well-known ""quants"" from John Henry to Monroe Trout and introduces 12 all-new trading strategies. It debunks numerous popular misconceptions, and is certain to make waves--and change minds--in the world of technical analysis and trading.","367","2003","2003-07-22","McGraw Hill Professional","Business & Economics","en","https://books.google.com/books/content?id=zZDr-3DRMqcC&printsec=frontcover&img=1&zoom=1&edge=curl&source=gbs_api","google_books","3","3"
"WkrgzgEACAAJ","trading psychology behavioral finance","trading psychology behavioral finance","0","17","17","2026-05-14T12:53:20+00:00","9798745887253","isbn_13_explicit","1","Trading Behavioural Finance - Money Management and Trading Psychology","Know Thyself and Improve Your Trading with a Great Trading Plan. Become a Successful and Disciplined Trader","David Carli","9798745887253","","9798745887253","Improve your trading and become a successful trader ""Trading Behaviour Finance"" by David Carli You are a human being, and you know that emotions and feelings affect your life. Even more so when you are called to make decisions, often with very little time. Before analysing a market or using a strategy, you have to figure yourself out. You have to be able to eliminate, or at least minimise emotions, which are the primary causes of bad decision making. And to do this, you must first of all change your mindset. You have to look at trading with different eyes. Unlike what many people think, trading is not gambling, it is a job and an entrepreneurial activity. So, traders must have an entrepreneurial mindset and plan every single detail of this business. The first section is devoted to an in-depth study into Behavioural Finance, which has only recently claimed its own autonomy and importance. I can guarantee that knowledge of this subject makes all the difference when it comes to trading. Money Management is another important aspect of trading, even more important than a good strategy. Equally, you could have a fantastic strategy, but manage it badly, which would lead you into trouble. Money Management is a fundamental pillar, essential for anyone looking to become a successful trader. And this is what the second section focuses on. The third part, instead, deals with Neuro-Linguistic Programming; you will learn to ask yourself some questions that will lead you to know yourself better. You will see how to relieve anxiety, fear and stress, and how to change a habit. You will learn how to improve your trading life. Personality is the subject of the fourth section. We are not all the same; it is essential to know what our dominant traits are. You can believe it or not, but your personality plays an important role in how you trade. You have to mould your trading style around your particular strengths whilst working to offset your weaknesses and flaws. Most traders, or rather losers, prefer to ignore these matters; they prefer focusing on strategies and charts. Brokers sincerely thank them. Anyone who reads ""Trading Behavioural Finance"" will receive great benefits for their everyday lives. This is because this book will change the way you look at trading, and most of all, will shift your mindset Scroll up and add ""Forex Fundamental Analysis"" now!","158","2021","2021-05","","","en","","google_books","",""
"vvlcCgAAQBAJ","trading psychology behavioral finance","trading psychology behavioral finance","0","18","18","2026-05-14T12:53:20+00:00","9781118936825","isbn_13_explicit","1","Trading Psychology 2.0","From Best Practices to Best Processes","Brett N. Steenbarger","9781118936825","1118936825","9781118936825","Practical trading psychology insight that can be put to work today Trading Psychology 2.0 is a comprehensive guide to applying the science of psychology to the art of trading. Veteran trading psychologist and bestselling author Brett Steenbarger offers critical advice and proven techniques to help interested traders better understand the markets, with practical takeaways that can be implemented immediately. Academic research is presented in an accessible, understandable, engaging way that makes it relevant for practical traders, and examples, illustrations, and case studies bring the ideas and techniques to life. Interactive features keep readers engaged and involved, including a blog offering ever-expanding content, and a Twitter feed for quick tips. Contributions from market bloggers, authors, and experts bring fresh perspectives to the topic, and Steenbarger draws upon his own experience in psychology and statistical modeling as an active trader to offer insight into the practical aspect of trading psychology. Trading psychology is one of the few topics that are equally relevant to day traders and active investors, market makers and portfolio managers, and traders in different markets around the globe. Many firms hire trading coaches, but this book provides a coach in print, accessible 24/7 no matter what the market is doing. Understand the research at the core of trading psychology Examine the ways in which psychology is applied in real-world trading Implement practical tips immediately to see first-hand results Gain the perspective and insight of veteran traders who apply these techniques daily While markets may differ in scale, scope, and activity, humans remain human, with all the inherent behavioral tendencies. Studying the market from the human perspective gives traders insight into how human behavior drives market behavior. Trading Psychology 2.0 gives traders an edge, with expert guidance and practical advice.","448","2015","2015-08-31","John Wiley & Sons","Business & Economics","en","https://books.google.com/books/content?id=vvlcCgAAQBAJ&printsec=frontcover&img=1&zoom=1&edge=curl&source=gbs_api","google_books","",""
"KlLNZ6g_pgMC","trading psychology behavioral finance","trading psychology behavioral finance","0","19","19","2026-05-14T12:53:20+00:00","9780470561805","isbn_13_explicit","1","The Mental Strategies of Top Traders","The Psychological Determinants of Trading Success","Ari Kiev","9780470561805","0470561807","9780470561805","An honest depiction of the challenges of trading and a clear explanation of what it takes to succeed Trading tends to be a winner-take-all activity where a small number of traders are very successful, while the majority either lose money or generate relatively small profits. In The Mental Strategies of Top Traders, author Ari Kiev identifies and analyzes the characteristics of successful traders and shows you how to cultivate these same characteristics. Successful trading, Kiev asserts, requires an unusual and sometimes contradictory blend of intellectual and psychological abilities, including the willingness to take risks, but in a very controlled manner; the discipline to develop high-conviction trading ideas in the face of unpredictable markets and incomplete information; as well as a strong drive to win, but also accept failure. Here, you'll discover how to achieve all this, and much more. Provides advice and solutions for traders struggling with today's volatile and stressful markets Authoritatively identifies key mental strategies of top traders Written by Ari Kiev, a highly respected figure in the professional trading community Analysis is supported by comments from contemporary traders and portfolio managers, many of whom struggled with the markets of 2008 Designed with the serious trader in mind, this book will put you in a better position to excel in today's tumultuous markets.","214","2009","2009-11-13","John Wiley and Sons","Business & Economics","en","https://books.google.com/books/content?id=KlLNZ6g_pgMC&printsec=frontcover&img=1&zoom=1&edge=curl&source=gbs_api","google_books","",""
"esdm6ijCSrMC","trading psychology behavioral finance","trading psychology behavioral finance","40","2","42","2026-05-14T12:53:22+00:00","9780595396900","isbn_13_explicit","1","The Story of Behavioral Finance","","Brandon Adams, Brian Finn","9780595396900","0595396909","9780595396900","This book will take your understanding of finance to the next level. The Story of Behavioral Finance is about ""finance in the real world""-it's finance theory with real people and real institutions. What happens when your portfolio manager sets out not to maximize your return but rather to maximize his own compensation and minimize his own career risk? Why didn't rational investors short high-flying Internet companies back in 1999? Why was it that so many of the firms that went public in 1999 and 2000 for hundreds of millions of dollars subsequently went bankrupt? These are the types of questions that will be answered in this book. The Story of Behavioral Finance will cover a lot of ground. We will cover the two main strands of behavioral finance, investor psychology and limits to arbitrage, and we'll apply these concepts to a wide array of financial market phenomena. We will explore, for example, why it is that almost no one seems to ""beat the market"" despite that fact that there are often easily spotted price inefficiencies.","88","2006","2006","iUniverse","Business & Economics","en","https://books.google.com/books/content?id=esdm6ijCSrMC&printsec=frontcover&img=1&zoom=1&edge=curl&source=gbs_api","google_books","",""
"rIfr3k3EJswC","trading psychology behavioral finance","trading psychology behavioral finance","40","3","43","2026-05-14T12:53:22+00:00","9780071436236","isbn_13_explicit","1","Streetsmart Guide to Valuing a Stock","","Gary Gray, Patrick Cusatis, J. Randall Woolridge","9780071436236","0071436235","9780071436236","Traders and investors spend fortunes in time and money trying to gauge the real value of individual stocks. The Streetsmart Guide to Valuing a Stock introduces proven techniques for analyzing a stock's value, spotting undervalued and overvalued stocks, and understanding the impact of interest rate changes and earnings reports on stock prices. New topics include: Finance theory in the stock valuation process Short-term stock price versus long-term value Use of valuation models to uncover misstatements and outright fraud","290","2003","2003-09-22","McGraw Hill Professional","Business & Economics","en","https://books.google.com/books/content?id=rIfr3k3EJswC&printsec=frontcover&img=1&zoom=1&edge=curl&source=gbs_api","google_books","",""
"OZEKAwAAQBAJ","trading psychology behavioral finance","trading psychology behavioral finance","40","6","46","2026-05-14T12:53:22+00:00","9783656611981","isbn_13_explicit","1","An Investigation of the “Flash Crash” of 2010 using the principles of behavioral finance","","Jovana Paraca","9783656611981","365661198X","9783656611981","Thesis (M.A.) from the year 2013 in the subject Business economics - Investment and Finance, grade: 67, European school of economics, language: English, abstract: In every market there are some trading or buying anomalies that cannot be explained by financial instruments and theories alone. For this reason the field of behavioral finance was developed. As investors are humans, they sometimes act in according to their instinct rather than strict financial rules, principals or inputs. There have been many events in the last century that do not have a clear financial explanation but rather seem more possibly explained by psychological factors. One of the most recent events that has been witness to this financial anomaly is the “Flash Crash of 2010”. This research will look into the event as well as examine how behavioral finance theories can be used to create a rational explanation to this seemingly irrational event.","35","2014","2014-03-10","GRIN Verlag","Business & Economics","en","https://books.google.com/books/content?id=OZEKAwAAQBAJ&printsec=frontcover&img=1&zoom=1&edge=curl&source=gbs_api","google_books","",""
"4QbRAQAAQBAJ","trading psychology behavioral finance","trading psychology behavioral finance","40","13","53","2026-05-14T12:53:22+00:00","9781137366290","isbn_13_explicit","1","Behavioral Finance and Capital Markets","How Psychology Influences Investors and Corporations","A. Szyszka","9781137366290","113736629X","9781137366290","Behavioral Finance helps investors understand unusual asset prices and empirical observations originating out of capital markets. At its core, this field of study aids investors in navigating complex psychological trappings in market behavior and making smarter investment decisions. Behavioral Finance and Capital Markets reveals the main foundations underpinning neoclassical capital market and asset pricing theory, as filtered through the lens of behavioral finance. Szyszka presents and classifies many of the dynamic arguments being made in the current literature on the topic through the use of a new, ground-breaking methodology termed: the General Behavioral Asset Pricing Model (GBM). GBM describes how asset prices are influenced by various behavioral heuristics and how these prices deviate from fundamental values due to irrational behavior on the part of investors. The connection between psychological factors responsible for irrational behavior and market pricing anomalies is featured extensively throughout the text. Alternative explanations for various theoretical and empirical market puzzles - such as the 2008 U.S. financial crisis - are also discussed in a convincing and interesting manner. The book also provides interesting insights into behavioral aspects of corporate finance.","417","2013","2013-09-04","Springer","Business & Economics","en","https://books.google.com/books/content?id=4QbRAQAAQBAJ&printsec=frontcover&img=1&zoom=1&edge=curl&source=gbs_api","google_books","",""
"zOqtEQAAQBAJ","trading psychology behavioral finance","trading psychology behavioral finance","40","15","55","2026-05-14T12:53:22+00:00","9783389171868","isbn_13_explicit","1","From Human Bias to Machine Intelligence. An Empirical Study on Investor Behaviour and AI-Based Investment Decision Making","","S. J. Sanjana","9783389171868","338917186X","9783389171868","Research Paper (postgraduate) from the year 2025 in the subject Economics - Finance, , language: English, abstract: The increasing adoption of Artificial Intelligence (AI) in financial markets has significantly transformed traditional investment decision-making processes. While conventional investment decisions rely heavily on human judgment, behavioural finance literature has consistently highlighted the presence of psychological and emotional biases influencing investor behaviour. This study empirically examines the impact of AI adoption on investor behaviour and investment decision-making. Primary data were collected from 260 respondents, including individual investors, fund managers, and financial analysts, using a structured questionnaire. Descriptive statistics, correlation analysis, and chi-square tests were employed to analyse the data. The findings reveal that AI-based tools help reduce behavioural biases and improve rational decision-making; however, investors largely perceive AI as a supportive tool rather than a complete replacement for human expertise. The study concludes that hybrid decision-making models integrating both human intelligence and AI are the most effective approach in modern financial markets.","12","2026","2026-01-12","GRIN Verlag","Business & Economics","en","https://books.google.com/books/content?id=zOqtEQAAQBAJ&printsec=frontcover&img=1&zoom=1&edge=curl&source=gbs_api","google_books","",""
"Sc3wMcq6aO4C","trading psychology behavioral finance","trading psychology behavioral finance","40","16","56","2026-05-14T12:53:22+00:00","9781118044803","isbn_13_explicit","1","Inside the Investor's Brain","The Power of Mind Over Money","Richard L. Peterson","9781118044803","1118044800","9781118044803","Unique insights into how the mind of an investor operates and how developing emotional awareness leads to long-term success Inside the Investor's Brain provides readers with specific techniques for understanding their financial psychology, so that they can improve their own performance and learn how to outsmart other investors. Chapter by chapter, author Richard Peterson addresses various mental traps and how they play a role in investing. Through examples, such as a gambling experiment with playing cards, the author shows readers how being aware of the subconscious can separate the smart investors from the average ones. This book also contains descriptions of the work of neuroscientists, financial practitioners, and psychologists, offering an expert's view into the mind of the market. Innovative and accessible, Inside the Investor's Brain gives investors the tools they need to better understand how emotions and mental biases affect the way they manage money and react to market moves.","474","2011","2011-01-11","John Wiley & Sons","Business & Economics","en","https://books.google.com/books/content?id=Sc3wMcq6aO4C&printsec=frontcover&img=1&zoom=1&edge=curl&source=gbs_api","google_books","4","1"
"_7VZAAAAYAAJ","trading psychology behavioral finance","trading psychology behavioral finance","40","19","59","2026-05-14T12:53:22+00:00","9780935015805","isbn_13_explicit","1","2003 CFA Level III Candidate Readings","","Association for Investment Management and Research","9780935015805","0935015809","9780935015805","","432","2002","2002","","Business & Economics","en","https://books.google.com/books/content?id=_7VZAAAAYAAJ&printsec=frontcover&img=1&zoom=1&source=gbs_api","google_books","",""
"l46JEAAAQBAJ","trading psychology behavioral finance","trading psychology behavioral finance","80","9","89","2026-05-14T12:53:24+00:00","9781264269815","isbn_13_explicit","1","Stocks for the Long Run: The Definitive Guide to Financial Market Returns & Long-Term Investment Strategies, Sixth Edition","","Jeremy J. Siegel","9781264269815","1264269811","9781264269815","The long-awaited revised edition of the stock trading classic gets you fully up to date on value investing, ESG investing, and other important developments The definitive guide to stock trading, Stocks for the Long Run has been providing the knowledge, insights, and tools that traders need to understand the market for nearly 30 years. It’s been updated with new chapters and content on: The role of value investing The impact of ESG―Environmental/Social/Governance―issues on the future of investing The current interest rate environment Future returns investors should expect in the bond and stock markets The role of international investing The long-run risks on equity markets The importance of black swan events, such as a pandemic and the financial crisis You’ll also get in-depth discussions on the big questions investors face: Is international Investing dead? What do global changes like climate change mean for markets wo0rldwide? Consult this classic guide to master the stock market’s behavior, past trends, and future forecasts, so you have all the tools you need to develop a powerful long-term portfolio that’s both safe and secure.","513","2022","2022-09-27","McGraw Hill Professional","Business & Economics","en","https://books.google.com/books/content?id=l46JEAAAQBAJ&printsec=frontcover&img=1&zoom=1&edge=curl&source=gbs_api","google_books","",""
"9usJAQAAMAAJ","trading psychology behavioral finance","trading psychology behavioral finance|trading systems backtesting strategy","80","11","91","2026-05-14T12:53:24+00:00","9780470078150","isbn_13_explicit","2","Handbook of Finance, Investment Management and Financial Management","","Frank J. Fabozzi","9780470078150","0470078154","9780470078150","Volume II: Investment Management and Financial Management focuses on the theories, decisions, and implementations aspects associated with both financial management and investment management. It discusses issues that dominate the financial management arena—capital structure, dividend policies, capital budgeting, and working capital—and highlights the essential elements of today's investment management environment, which include allocating funds across major asset classes and effectively dealing with equity and fixed income portfolios. Incorporating timely research and in-depth analysis, the Handbook of Finance is a comprehensive 3-Volume Set that covers both established and cutting-edge theories and developments in finance and investing. Other volumes in the set: Handbook of Finance Volume I: Financial Markets and Instruments and Handbook of Finance Volume III: Valuation, Financial Modeling, and Quantitative Tools.","1032","2008","2008-08-04","Wiley","Business & Economics","en","https://books.google.com/books/content?id=9usJAQAAMAAJ&printsec=frontcover&img=1&zoom=1&source=gbs_api","google_books","",""
"82WIY84Hx-kC","trading psychology behavioral finance","trading psychology behavioral finance","80","18","98","2026-05-14T12:53:24+00:00","9781118331927","isbn_13_explicit","1","Behavioral Finance","Understanding the Social, Cognitive, and Economic Debates","Edwin T. Burton, Sunit N. Shah","9781118331927","1118331923","9781118331927","An in-depth look into the various aspects of behavioral finance Behavioral finance applies systematic analysis to ideas that have long floated around the world of trading and investing. Yet it is important to realize that we are still at a very early stage of research into this discipline and have much to learn. That is why Edwin Burton has written Behavioral Finance: Understanding the Social, Cognitive, and Economic Debates. Engaging and informative, this timely guide contains valuable insights into various issues surrounding behavioral finance. Topics addressed include noise trader theory and models, research into psychological behavior pioneered by Daniel Kahneman and Amos Tversky, and serial correlation patterns in stock price data. Along the way, Burton shares his own views on behavioral finance in order to shed some much-needed light on the subject. Discusses the Efficient Market Hypothesis (EMH) and its history, and presents the background of the emergence of behavioral finance Examines Shleifer's model of noise trading and explores other literature on the topic of noise trading Covers issues associated with anomalies and details serial correlation from the perspective of experts such as DeBondt and Thaler A companion Website contains supplementary material that allows you to learn in a hands-on fashion long after closing the book In order to achieve better investment results, we must first overcome our behavioral finance biases. This book will put you in a better position to do so.","261","2013","2013-03-20","John Wiley & Sons","Business & Economics","en","https://books.google.com/books/content?id=82WIY84Hx-kC&printsec=frontcover&img=1&zoom=1&edge=curl&source=gbs_api","google_books","",""
"WNHOEQAAQBAJ","global macro investing economic cycles","global macro investing economic cycles","0","0","0","2026-05-14T12:59:57+00:00","9781394273805","isbn_13_explicit","1","Trading Global Macro Markets","","Dirk Willer, Alex Saunders","9781394273805","1394273800","9781394273805","‘At a time when global macro has rarely been more relevant, this book captures what drives macro trading: the interaction of policy, markets, and human behavior. It combines analytical depth with real world insight, making it essential reading for traders, investors and anyone with an interest in global markets.’ Andrew Morton, Global Head of Markets, Citi ‘History remains our most reliable guide to markets. Dirk and Alex examine the most durable macro relationships with empirical rigor—a must-read for any macro investor.’ Paul Tudor Jones II, CIO and Founder, Tudor Investment Corp ‘Even seasoned professionals will find this book valuable. A rigorous, well researched work from one of the industry’s thought leaders. An excellent and practical contribution, firmly grounded in data.’ Ben Melkman, Managing Deputy CIO at Bridgewater Associates Discover opportunities in macro trading as global market volatility increases In Trading Global Macro Markets, accomplished global macro veterans Dirk Willer and Alex Saunders deliver a complete and incisive guide to navigating global macroeconomic trends as the low volatility world of quantitative easing gives way to the post-pandemic world of increased interest rates and macro volatility. The authors offer coverage of every major asset class, from government debt and credit to equity, commodity, and foreign exchange markets, along with back-tested frameworks going back over two decades and more that illustrate how to trade each class and how to make cross-asset trading decisions. This fully validated roadmap to global macro trading is a thoroughly researched handbook filled with use-cases, charts, examples, and tools. It avoids overly complex mathematics in favor of concise explanations and case studies wherever possible, ensuring it remains accessible to practitioners and traders from a wide variety of backgrounds. You'll also find: Strategies for trading the business cycle and macroeconomic events, like economic data releases, monetary policy meetings, elections, and geopolitical flashpoints Techniques for tactical asset allocation Ways to choose between asset classes and discussions of trades that illustrate the concepts explored in the book Ideal for global macro buy-side and sell-side professionals, asset allocators, market researchers, academics, regulators, and policymakers, Trading Global Macro Markets will prove invaluable to all finance practitioners interested in the interplay between macroeconomics and the markets.","407","2026","2026-04-06","John Wiley & Sons","Business & Economics","en","https://books.google.com/books/content?id=WNHOEQAAQBAJ&printsec=frontcover&img=1&zoom=1&edge=curl&source=gbs_api","google_books","",""
"p9sMEAAAQBAJ","global macro investing economic cycles","global macro investing economic cycles","0","1","1","2026-05-14T12:59:57+00:00","9781119705444","isbn_13_explicit","1","Crypto Asset Investing in the Age of Autonomy","","Jake Ryan","9781119705444","1119705444","9781119705444","Competition, the drive for efficiency, and continuous improvement ultimately push businesses toward automation and later towards autonomy. If a business can operate without human intervention, it will minimize its operational cost. If Uber can remove the expense of a driver with an autonomous vehicle, it will provide its service cheaper than a competitor who can’t. If an artificially intelligent trading company can search, find, and take advantage of some arbitrage opportunity, then it can profit where its competitors cannot. A business that can analyze and execute in real-time without needing to wait for a human to act, is a business that will be able to take advantage of brief inefficiencies from other markets or businesses. This trend following a thesis that is based on 100 years of proven economic theory. Short-wave economic cycles, those 5- to 10-year cycles, are driven by credit but the long-wave economic cycles, those 50- to 60-year cycles, are driven by technological revolution. We’ve had 5 cycles over the past 200 years with the last wave, the Age of Information & Telecommunications. We've seen evidence that a new cycle has begun. Technological revolutions come by way of a cluster of new innovations. About a decade ago, you started to see AI, robotics and IoT (sensors) delivering on automation. That’s been powerful, but not transformational. It does not force businesses to fundamentally change how they do business. The last piece of the puzzle was cryptocurrency because it allows us to process and transfer economic value without human intervention. Soon, there will be a global race to build autonomous operations. Businesses and organizations without autonomous operations simply will not be able to compete with those that do because ... autonomy is the ultimate competitive advantage. Crypto is the mechanism that will accrue value from being the infrastructure for the next digital financial revolution. Crypto Asset Investing lays out a case that we’ve begun a new technological revolution similar to the Internet Age of the 1990’s. Artificial intelligence, the Internet of Things, robotics and cryptocurrency are converging to deliver on a new age, what I call the Age of Autonomy. Understanding the transformation that’s taken place before anyone else can yield enormous investment opportunity. In this book, you’ll learn how and why to invest in crypto assets.","306","2020","2020-12-03","John Wiley & Sons","Business & Economics","en","https://books.google.com/books/content?id=p9sMEAAAQBAJ&printsec=frontcover&img=1&zoom=1&edge=curl&source=gbs_api","google_books","5","4"
"Yj0LIWZocugC","global macro investing economic cycles","global macro investing economic cycles","0","2","2","2026-05-14T12:59:57+00:00","9780471403135","isbn_13_explicit","1","The New Investment Superstars","13 Great Investors and Their Strategies for Superior Returns","Lois Peltz","9780471403135","047140313X","9780471403135","""Now, The New Investment Superstars provides you with a unique opportunity to get to know these market masters and learn the original investment strategies they have used in many markets to outperform their peers.""--Jacket.","346","2001","2001-04-19","John Wiley & Sons","Biography & Autobiography","en","https://books.google.com/books/content?id=Yj0LIWZocugC&printsec=frontcover&img=1&zoom=1&edge=curl&source=gbs_api","google_books","",""
"Y3arwUNcUWoC","global macro investing economic cycles","global macro investing economic cycles","0","5","5","2026-05-14T12:59:57+00:00","9781878585660","isbn_13_explicit","1","Real World Macro 24th Edition","A Macroeconomics Reader from Dollars and Sense","Daniel Fireside, John Miller, Dollars & Sense","9781878585660","1878585665","9781878585660","Covers macroeconomic basics: monetary and fiscal policy; productivity and investment; inflation and unemployment. Includes chapter on major controversies in macroeconomics.","192","2007","2007-07","","Business & Economics","en","https://books.google.com/books/content?id=Y3arwUNcUWoC&printsec=frontcover&img=1&zoom=1&source=gbs_api","google_books","",""
"RJiTlGs1NSIC","global macro investing economic cycles","global macro investing economic cycles","0","6","6","2026-05-14T12:59:57+00:00","9781878585073","isbn_13_explicit","1","Real World Macro","","Randy Pearl Albelda","9781878585073","187858507X","9781878585073","","124","1995","1995","","Business & Economics","en","https://books.google.com/books/content?id=RJiTlGs1NSIC&printsec=frontcover&img=1&zoom=1&source=gbs_api","google_books","",""
"H-qgY68qMc8C","global macro investing economic cycles","global macro investing economic cycles","40","6","46","2026-05-14T12:59:59+00:00","9780131816787","isbn_13_explicit","1","Managing World Economic Change","International Political Economy","Robert A. Isaak","9780131816787","0131816780","9780131816787","This text utilizes the standard of laissez-faire free-market ideology as a springboard to analyze global economic change. This edition focuses on how change is managed in the post-capitalist global economy of the 1990s, stressing the human, strategic and political dimensions.","356","1995","1995","","Business & Economics","en","https://books.google.com/books/content?id=H-qgY68qMc8C&printsec=frontcover&img=1&zoom=1&source=gbs_api","google_books","",""
"FHKgAwAAQBAJ","global macro investing economic cycles","global macro investing economic cycles","80","1","81","2026-05-14T13:00:01+00:00","9781118417140","isbn_13_explicit","1","Global Macro Trading","Profiting in a New World Economy","Greg Gliner","9781118417140","1118417143","9781118417140","Brings global macro trading down to earth for individual and professional traders, investors and asset managers, as well being a useful reference handbook Global Macro Trading is an indispensable guide for traders and investors who want to trade Global Macro – it provides Trading Strategies and overviews of the four asset classes in Global Macro which include equities, currencies, fixed income and commodities. Greg Gliner, who has worked for some of the largest global macro hedge funds, shares ways in which an array of global macro participants seek to capitalize on this strategy, while also serving as a useful reference tool. Whether you are a retail investor, manage your own portfolio, or a finance professional, this book equips you with the knowledge and skills you need to capitalize in global macro. Provides a comprehensive overview of global macro trading, which consists of portfolio construction, risk management, biases and essentials to query building Equips the reader with introductions and tools for each of the four asset classes; equities, currencies, fixed income and commodities Arms you with a range of powerful global-macro trading and investing strategies, that include introductions to discretionary and systematic macro Introduces the role of central banking, importance of global macroeconomic data releases and demographics, as they relate to global macro trading","374","2014","2014-05-20","John Wiley & Sons","Business & Economics","en","https://books.google.com/books/content?id=FHKgAwAAQBAJ&printsec=frontcover&img=1&zoom=1&edge=curl&source=gbs_api","google_books","",""
"H4YpAQAAMAAJ","global macro investing economic cycles","global macro investing economic cycles","80","17","97","2026-05-14T13:00:01+00:00","9781557759498","isbn_13_explicit","1","International Capital Markets","Developments, Prospects, and Key Policy Issues (September 2000)","International Monetary Fund","9781557759498","1557759499","9781557759498","Following a review and assesment of recent developments in capital market and banking systems, this year's International Capital Markets report review and assesses recent developments in mature and emerging financial markets and continues the analysis of key issues affecting global financial markets. It examines the systemic implications of the continued rapid development of the global over-the-counter derivatives markets and the expansion of foreign-owned banks into emerging markets. The report also analyzes market participants assessments of the proposals for private sector involvement in the prevention and resolution of crises.","232","2000","2000-09-11","INTERNATIONAL MONETARY FUND","Business & Economics","en","https://books.google.com/books/content?id=H4YpAQAAMAAJ&printsec=frontcover&img=1&zoom=1&source=gbs_api","google_books","",""
"nVQS2ia3N6MC","trading systems backtesting strategy","trading systems backtesting strategy","0","1","1","2026-05-14T12:53:25+00:00","9783540297697","isbn_13_explicit","1","Parallel and Distributed Processing and Applications","Third International Symposium, ISPA 2005, Nanjing, China, November 2-5, 2005, Proceedings","Yi Pan","9783540297697","3540297693","9783540297697","This book constitutes the refereed proceedings of the Third International Symposium on Parallel and Distributed Processing and Applications, ISPA 2005, held in Nanjing, China in November 2005. The 90 revised full papers and 19 revised short papers presented together with 3 keynote speeches and 2 tutorials were carefully reviewed and selected from 645 submissions. The papers are organized in topical sections on cluster systems and applications, performance evaluation and measurements, distributed algorithms and systems, fault tolerance and reliability, high-performance computing and architecture, parallel algorithms and systems, network routing and communication algorithms, security algorithms and systems, grid applications and systems, database applications and data mining, distributed processing and architecture, sensor networks and protocols, peer-to-peer algorithms and systems, internet computing and Web technologies, network protocols and switching, and ad hoc and wireless networks.","1182","2005","2005-10-21","Springer Science & Business Media","Computers","en","https://books.google.com/books/content?id=nVQS2ia3N6MC&printsec=frontcover&img=1&zoom=1&edge=curl&source=gbs_api","google_books","",""
"WTiyBSxXmukC","trading systems backtesting strategy","trading systems backtesting strategy","0","2","2","2026-05-14T12:53:25+00:00","9780070580992","isbn_13_explicit","1","The Encyclopedia of Trading Strategies","","Jeffrey Katz, Donna McCormick","9780070580992","0070580995","9780070580992","The Encyclopedia of Trading Strategies is for traders who want to take the next step to consistently profitable trading. The authors--themselves seasoned veterans of the futures trading arena--pinpoint the trading methods and strategies that have been shown to produce market-beating returns. Their rigorous and systematic backtesting of each method, using the same sets of markets and analytic techniques, provides a scientific, system-based approach to system development...to help you assemble the trading system that will put you on the road to becoming a more consistently profitable trader.","400","2000","2000-02-29","McGraw Hill Professional","Business & Economics","en","https://books.google.com/books/content?id=WTiyBSxXmukC&printsec=frontcover&img=1&zoom=1&source=gbs_api","google_books","",""
"GoZFNGeHktAC","trading systems backtesting strategy","trading systems backtesting strategy","0","3","3","2026-05-14T12:53:25+00:00","9780471215691","isbn_13_explicit","1","Building Winning Trading Systems with TradeStation","","George Pruitt, John R. Hill","9780471215691","0471215694","9780471215691","Praise for BUILDING WINNING TRADING SYSTEMS with TradeStation (TM) ""This book will prove vital to all systematic traders. Pruitt and Hill share a wealth of innovative timing patterns and fully disclosed trading strategies. For TradeStation(TM) users, there are powerful tutorials on indicator design and system building. The authors' vast expertise will benefit even practiced TradeStation(TM) veterans."" -Nelson Freeburg Editor, Formula Research ""TradeStation(TM) systems traders will discover a virtual gold mine of knowledge, guidance, and the benefit of vicarious experience from the two foremost experts on the subject in this valuable new addition to trading systems literature. There has long been a notable lack of worthwhile reference material for TradeStation(TM) users, and Building Winning Trading Systems with TradeStation(TM) fills a large void in this area."" -Edward Dobson President, Traders Press, Inc. ""Building Winning Trading Systems with TradeStation(TM) is filled with useful information and practical real-world examples. I believe TradeStation 6(TM) users will find it a valuable resource."" -Bill Cruz Co-CEO, TradeStation(TM) Group, Inc.","428","2002","2002-12-10","Wiley","Business & Economics","en","https://books.google.com/books/content?id=GoZFNGeHktAC&printsec=frontcover&img=1&zoom=1&source=gbs_api","google_books","",""
"yUaFVfvU2-cC","trading systems backtesting strategy","trading systems backtesting strategy","0","5","5","2026-05-14T12:53:25+00:00","9780071715966","isbn_13_explicit","1","High-Probability Trading, Chapter 13 - A Little about Backtesting","","Marcel Link","9780071715966","0071715967","9780071715966","This chapter is from High-Probability Trading, the no-nonsense book that takes a uniquely blunt look at the realities of trading. Filled with real-life examples and intended for use by both short- and long-term traders, it details a comprehensive program for weathering those perilous first months and becoming a profitable trader.","23","2003","2003-03-17","McGraw Hill Professional","Business & Economics","en","https://books.google.com/books/content?id=yUaFVfvU2-cC&printsec=frontcover&img=1&zoom=1&edge=curl&source=gbs_api","google_books","",""
"4igizlbY-T8C","trading systems backtesting strategy","trading systems backtesting strategy","0","6","6","2026-05-14T12:53:25+00:00","9780942641578","isbn_13_explicit","1","The Individual Investor's Guide to Computerized Investing","","American Association of Individual Investors","9780942641578","0942641574","9780942641578","Offering advice about investment software, an indispensable guide analyzes the latest personal computer software, offers in-depth descriptions of more than five hundred software products, and lists investment bulletin board systems and computer special interest groups. Original. IP.","564","1994","1994","Publications International","Business & Economics","en","https://books.google.com/books/content?id=4igizlbY-T8C&printsec=frontcover&img=1&zoom=1&source=gbs_api","google_books","",""
"_TxWa7OQNOEC","trading systems backtesting strategy","trading systems backtesting strategy","0","8","8","2026-05-14T12:53:25+00:00","9780071760119","isbn_13_explicit","1","Mastering Trade Selection and Management: Advanced Strategies for Long-Term Profitability","","Jay Norris, Al Gaskill","9780071760119","0071760113","9780071760119","Proven Trading Techniques for Lowering Risk and Increasing Profits In Mastering Trade Selection and Management, market strategist Jay Norris provides proven strategies for generating profits on a consistent basis—under all economic conditions. The secret lies not in predicting the market but rather in carefully managing your trade from beginning to end. Norris gives you step-by-step instructions for selecting a market to trade, and determining which direction to trade the market, what to look for prior to trading, and when to enter and exit a trade. Mastering Trade Selection and Management takes the guesswork out of trading by showing you how to: Measure the effects employment, government interest-rate policy, and consumer confidence have on a market Determine what levels need to be breached to signal a change of trend Implement a monitoring system to gauge when the current trend is holding or changing Analyze markets down to an intraday level to identify historical support and resistance levels Avoid emotional pitfalls that might lead you to make poor decisions—such as exiting a trade too early or failing to pull the trigger on a trade signal Norris’s simple five-step system for trading will make you a more consistent and profitable trader. Using the wealth of graphs, charts, and trading examples inside, you can research, set up, and test your trades in order to fine-tune them for the real world. You risk no money and qualify yourself to make more trades that are lucrative. From planning to execution to exit, the blueprints to the fine art of trading are now in your hands with Mastering Trade Selection and Management.","240","2011","2011-05-22","McGraw Hill Professional","Business & Economics","en","https://books.google.com/books/content?id=_TxWa7OQNOEC&printsec=frontcover&img=1&zoom=1&edge=curl&source=gbs_api","google_books","",""
"dTmr94EhEoUC","trading systems backtesting strategy","trading systems backtesting strategy","0","10","10","2026-05-14T12:53:25+00:00","9780071359801","isbn_13_explicit","1","Tradings Systems That Work: Building and Evaluating Effective Trading Systems","","Thomas Stridsman","9780071359801","007135980X","9780071359801","Trading Systems That Work evaluates many of today's most influential techniques and, emphasizing trading software programs TradeStation and Excel, covers all aspects of researching, building, understanding, and evaluating your own trading system."".","444","2001","2001","McGraw Hill Professional","Business & Economics","en","https://books.google.com/books/content?id=dTmr94EhEoUC&printsec=frontcover&img=1&zoom=1&source=gbs_api","google_books","2","1"
"ZGbTV69f-koC","trading systems backtesting strategy","trading systems backtesting strategy","0","11","11","2026-05-14T12:53:25+00:00","9780071363921","isbn_13_explicit","1","Trading Strategies for Direct Access Trading","Making the Most Out of Your Capital","Robert Sales","9780071363921","0071363920","9780071363921","The electronic direct access method of trading doesn't mean that traders can simply click a mouse button and watch the profits roll in. Trading strategies are still needed to make the right trade at the right time. Electronic direct access trading can use many of the same strategies and techniques that have been successfully used by traders for decades. However, because this is a slightly different medium for trading, trading strategies must be altered to fit this new trading format.","198","2001","2001","McGraw-Hill Companies","Business & Economics","en","https://books.google.com/books/content?id=ZGbTV69f-koC&printsec=frontcover&img=1&zoom=1&source=gbs_api","google_books","",""
"zYMwAi5ZfhQC","trading systems backtesting strategy","trading systems backtesting strategy","0","12","12","2026-05-14T12:53:25+00:00","9780942641684","isbn_13_explicit","1","Individual Investor's Guide to Computerized Investing","","American Association of Individual Investors, Amer","9780942641684","094264168X","9780942641684","","244","1995","1995-12","International Publishing Company","Business & Economics","en","https://books.google.com/books/content?id=zYMwAi5ZfhQC&printsec=frontcover&img=1&zoom=1&source=gbs_api","google_books","",""
"GHG3p6H8XXsC","trading systems backtesting strategy","trading systems backtesting strategy","0","13","13","2026-05-14T12:53:25+00:00","9780071423502","isbn_13_explicit","1","All About Stock Market Strategies","The Easy Way To Get Started","David Brown, Kassandra Bentley","9780071423502","0071423508","9780071423502","ALL ABOUT . . . SERIES All About STOCK MARKET STRATEGIES Nerve-rattling markets have convinced investors of one thingbuy and hold is no longer the only viable strategy. All About Stock Market Strategies provides an in-depth examination of today's most popular and successful investing strategies. From the basics of each strategy to choosing the correct strategy for a particular market, it is an authoritative look into this essential topic, written for investors of every size and objective.","276","2002","2002-06-25","McGraw Hill Professional","Business & Economics","en","https://books.google.com/books/content?id=GHG3p6H8XXsC&printsec=frontcover&img=1&zoom=1&source=gbs_api","google_books","3","1"
"I2Qe26bkXpgC","trading systems backtesting strategy","trading systems backtesting strategy","0","15","15","2026-05-14T12:53:25+00:00","9780071715935","isbn_13_explicit","1","High-Probability Trading, Chapter 10 - Making the High Probability Trades","","Marcel Link","9780071715935","0071715932","9780071715935","This chapter is from High-Probability Trading, the no-nonsense book that takes a uniquely blunt look at the realities of trading. Filled with real-life examples and intended for use by both short- and long-term traders, it details a comprehensive program for weathering those perilous first months and becoming a profitable trader.","21","2003","2003-03-17","McGraw Hill Professional","Business & Economics","en","https://books.google.com/books/content?id=I2Qe26bkXpgC&printsec=frontcover&img=1&zoom=1&edge=curl&source=gbs_api","google_books","",""
"PJUua8Z1SHAC","trading systems backtesting strategy","trading systems backtesting strategy","0","16","16","2026-05-14T12:53:25+00:00","9780071413312","isbn_13_explicit","1","All About Market Timing","","Leslie Masonson","9780071413312","0071413316","9780071413312","Shell-shocked investors have lost patience with the traditional buy-and-hold approach to investing. All About Market Timing arms investors with simple, easy-to-use timing techniques that they can use to enter rising markets, exit (or go short) falling markets, and make consistent profits in both market environments while protecting against catastrophic losses. Compelling arguments demonstrate the superiority of basic timing over buy-and-hold, while step-by-step instructions show how uncomplicated timing can be. Specific investment vehicles are recommended that fit well into most timing strategies. Investors who want to time the market using their own strategies are provided with information on available software and Web sites. And those investors who are looking for advisors to help them are provided with unbiased rating services to help them select the advisor that is best for them.","276","2003","2003-09-24","McGraw-Hill","Business & Economics","en","https://books.google.com/books/content?id=PJUua8Z1SHAC&printsec=frontcover&img=1&zoom=1&source=gbs_api","google_books","",""
"enB5DwAAQBAJ","trading systems backtesting strategy","trading systems backtesting strategy","40","0","40","2026-05-14T12:53:26+00:00","9781260440706","isbn_13_explicit","1","Trend Trading for a Living (PB)","","Thomas K. Carr","9781260440706","1260440702","9781260440706","The new edition of a bestseller! “Dr. Stoxx” delivers proven new methods for drawing consistent gains in today’s unpredictable markets Trend Trading for a Living has put thousands of people on a new career path—trading for a living. Now ""Dr. Stoxx"" has updated his popular guide for the new world of trading, providing everything you need to know for drawing consistent gains in today's unpredictable markets.Providing all the foundational content that made the first edition an instant classic, this new volume offers updates of every trading system, along with an all-new fundamentals-based approach and in-depth analyses of historical performance. It also includes a brand-new system: the Mean Reversion Setup, one of the most exciting and fastest moving of all trading systems. Dr. Stoxx takes you through all the steps to successful trading, from setting up a multi-monitor trading computer and reading stock charts like a pro to finding, trading, and managing your positions. With Dr. Carr’s book in hand, you’ll have everything you need to succeed in the stock market. Whether you’re looking to supplement your income or get rich by trading full-time, Trend Trading for a Living delivers the knowledge and insight you need to pick the best opportunities, know when to get in, and, when it comes time to sell, take action with the confidence of a veteran trader.","365","2018","2018-12-14","McGraw Hill Professional","Business & Economics","en","https://books.google.com/books/content?id=enB5DwAAQBAJ&printsec=frontcover&img=1&zoom=1&edge=curl&source=gbs_api","google_books","",""
"vmsKEqZkFBYC","trading systems backtesting strategy","trading systems backtesting strategy","40","3","43","2026-05-14T12:53:26+00:00","9780071434812","isbn_13_explicit","1","Managing a Hedge Fund","A Complete Guide to Trading, Business Strategies, Risk Management, and Regulations","Keith H. Black","9780071434812","007143481X","9780071434812","Hedge funds now account for 25 percent of all NYSE trading volume and are one of the fastest growing sectors in today’s financial industry. Managing a Hedge Fund examines every significant issue facing a hedge fund manager, from management of numerous types of risk to due diligence requirements, use of arbitrage and other exotic activities, and more. Broad-based where most hedge fund books are narrowly focused, it provides current and potential managers with a concise but comprehensive treatment on managing—and maximizing—a hedge fund in today’s fiercely competitive investing arena.","360","2004","2004-06-25","McGraw Hill Professional","Business & Economics","en","https://books.google.com/books/content?id=vmsKEqZkFBYC&printsec=frontcover&img=1&zoom=1&source=gbs_api","google_books","",""
"QTgfnM_ylxYC","trading systems backtesting strategy","trading systems backtesting strategy","40","8","48","2026-05-14T12:53:26+00:00","9780761521006","isbn_13_explicit","1","Successful Investing with Fidelity Funds","","Jack Bowers","9780761521006","0761521003","9780761521006","In this revised edition of his popular book, Jack Bowers, editor of the Fidelity Monitor newsletter, shows how to pick the best Fidelity funds, create a great portfolio, avoid unnecessary fees, and win with long-term investing.","372","1999","1999","Prima Lifestyles","Business & Economics","en","https://books.google.com/books/content?id=QTgfnM_ylxYC&printsec=frontcover&img=1&zoom=1&source=gbs_api","google_books","",""
"FlR3oYhlwb4C","trading systems backtesting strategy","trading systems backtesting strategy","40","16","56","2026-05-14T12:53:26+00:00","9780071394154","isbn_13_explicit","1","Momentum Stock Selection: Using The Momentum Method For Maximum Profits","","Jake Bernstein","9780071394154","007139415X","9780071394154","Proven techniques to improve market-timing accuracy Written by internationally recognized trader, author, and researcher Jake Bernstein, Momentum Stock Selection details a method of combining market momentum with innovative risk management to dramatically increase profitable opportunities for both short- and long-term traders. After briefly defining market timing and market momentum, Bernstein heads directly to the heart of the bookhow any trader can use momentum to increase trading effectiveness. Employing numerous real-life examples and illustrations to explain key points, he gives the reader inside details on: How to choose the right time period for charting Red flags that point out when a signal is wrong A five-step method for determining momentum-divergence patterns An actual ""walk-through"" of a momentum-divergence signal as it develops","220","2001","2001-12-21","McGraw Hill Professional","Business & Economics","en","https://books.google.com/books/content?id=FlR3oYhlwb4C&printsec=frontcover&img=1&zoom=1&source=gbs_api","google_books","5","1"
"Lh7YHl9yiAYC","trading systems backtesting strategy","trading systems backtesting strategy","80","6","86","2026-05-14T12:53:28+00:00","9781118635612","isbn_13_explicit","1","Building Reliable Trading Systems","Tradable Strategies That Perform As They Backtest and Meet Your Risk-Reward Goals","Keith Fitschen","9781118635612","1118635612","9781118635612","An award winning system developer explains how to create, test, and implement a profitable trading system Traders have long been drawn to the idea of translating their strategies and ideas into trading systems. While successful trading systems have been developed, in most cases, they work very well for a period of time in specific markets, but perform less well across all markets in all time frames. Nobody understands this better than author Keith Fitschen—a thought-leader in trading system development—and now, with Trading Strategy Generation + Website, he shares his extensive experience in this field with you. Trading Strategy Generation skillfully explains how to take market insights or trading ideas and develop them into a robust trading system. In it, Fitschen describes the critical steps a trader needs to follow, including: translating the market insight into a rules-based approach; determining entry and exit points; testing against historical data; and integrating money management and position sizing into the system. Written by an award winning system developer who has actively traded his systems for thirty years Introduces new ideas on money management and position sizing for different markets Details exactly what it takes to build, test, and implement a profitable technical trading system A companion Website contains supplementary material, including Excel spreadsheets designed to rate the strength of entry signals and provide money management guidance based on market volatility and portfolio correlations Written with the serious trader in mind, Trading Strategy Generation is an accessible guide to building a system that will generate realistic returns over time.","244","2013","2013-05-09","John Wiley & Sons","Business & Economics","en","https://books.google.com/books/content?id=Lh7YHl9yiAYC&printsec=frontcover&img=1&zoom=1&edge=curl&source=gbs_api","google_books","",""
"UhGUzQEACAAJ","trading systems backtesting strategy","trading systems backtesting strategy","80","18","98","2026-05-14T12:53:28+00:00","9798649820691","isbn_13_explicit","1","The Book of Back-tests","Trading Objectively: Back-testing and Demystifying Trading Strategies","Sofien Kaabar","9798649820691","","9798649820691","This book is aimed at presenting many different trading strategies and back-testing them. There is a variety of different strategies stemming from various fields such as technical analysis, fundamental analysis, and machine learning. Each strategy will have its main idea, the code required to build the strategy, and the back-testing results. Anyone from any level can benefit from this book as it deals with strategies in simple terms. What will the reader gain?You will learn how to code a wide array of strategies from different fields, understand how to back-test them, and how to properly evaluate their performance. This should help the reader find and optimize other strategies through the ones discovered here.What is the bias of this book?This book follows a neutral bias and only presents results from strategies with no concrete conclusion made on their effectiveness as we will only be testing a few assets over similar time frames and thus, no real interpretation can be made.What level of knowledge does the reader need to follow this book?A basic knowledge of trading and coding is helpful but not really needed. There will be an introductory python section to present the needed functions and syntaxes, there will also be sections where we explain exactly what we're doing, so, even if the reader has no prior knowledge in trading and coding, she will quickly pick up the required knowledge.What types of strategies should the reader expect?From simple technical strategies to complex ones, we will try to back-test as many as we can. We will then do the same for some fundamental strategies on different asset classes. Next, we will back-test some machine learning strategies on currencies and stocks. Lastly, we will discover some pattern recognition trading strategies.","290","2020","2020-05-30","Independently Published","","en","https://books.google.com/books/content?id=UhGUzQEACAAJ&printsec=frontcover&img=1&zoom=1&source=gbs_api","google_books","",""
"du5qDwAAQBAJ","market microstructure order execution","market microstructure order execution","0","2","2","2026-05-14T13:00:03+00:00","9781119516880","isbn_13_explicit","1","CFA Program Curriculum 2019 Level III Volumes 1-6 Box Set","","CFA Institute","9781119516880","1119516889","9781119516880","Apply CFA Program concepts and skills to real-world wealth and portfolio management for the 2019 exam The same official curricula that CFA Program candidates receive with program registration is now publicly available for purchase. CFA Program Curriculum 2019 Level III, Volumes 1-6 provides complete, authoritative guidance on synthesizing the entire CFA Program Candidate Body of Knowledge (CBOK) into professional practice for the 2019 exam. This book helps you bring together the skills and concepts from Levels I and II to formulate a detailed, professional response to a variety of real-world scenarios. Coverage spans all CFA Program topics and provides a rigorous treatment of portfolio management, all organized into individual study sessions with clearly defined Learning Outcome Statements. Visual aids clarify complex concepts, and practice questions allow you to test your understanding while reinforcing major content areas. Levels I and II equipped you with foundational investment tools and complex analysis skill; now, you'll learn how to effectively synthesize that knowledge to facilitate effective portfolio management and wealth planning. This study set helps you convert your understanding into a professional body of knowledge that will benefit your clients' financial futures. Master essential portfolio management and compliance topics Synthesize your understanding into professional guidance Reinforce your grasp of complex analysis and valuation Apply ethical and professional standards in the context of real-world cases CFA Institute promotes the highest standards of ethics, education, and professional excellence among investment professionals. The CFA Program curriculum guides you through the breadth of knowledge required to uphold these standards. The three levels of the program build on each other. Level I provides foundational knowledge and teaches the use of investment tools; Level II focuses on application of concepts and analysis, particularly in the valuation of assets; and Level III builds toward synthesis across topics with an emphasis on portfolio management.","2757","2018","2018-08-24","John Wiley & Sons","Business & Economics","en","https://books.google.com/books/content?id=du5qDwAAQBAJ&printsec=frontcover&img=1&zoom=1&edge=curl&source=gbs_api","google_books","",""
"ZHW7DwAAQBAJ","market microstructure order execution","market microstructure order execution","0","3","3","2026-05-14T13:00:03+00:00","9781119550525","isbn_13_explicit","1","Applications of Computational Intelligence in Data-Driven Trading","","Cris Doloc","9781119550525","1119550521","9781119550525","“Life on earth is filled with many mysteries, but perhaps the most challenging of these is the nature of Intelligence.” – Prof. Terrence J. Sejnowski, Computational Neurobiologist The main objective of this book is to create awareness about both the promises and the formidable challenges that the era of Data-Driven Decision-Making and Machine Learning are confronted with, and especially about how these new developments may influence the future of the financial industry. The subject of Financial Machine Learning has attracted a lot of interest recently, specifically because it represents one of the most challenging problem spaces for the applicability of Machine Learning. The author has used a novel approach to introduce the reader to this topic: The first half of the book is a readable and coherent introduction to two modern topics that are not generally considered together: the data-driven paradigm and Computational Intelligence. The second half of the book illustrates a set of Case Studies that are contemporarily relevant to quantitative trading practitioners who are dealing with problems such as trade execution optimization, price dynamics forecast, portfolio management, market making, derivatives valuation, risk, and compliance. The main purpose of this book is pedagogical in nature, and it is specifically aimed at defining an adequate level of engineering and scientific clarity when it comes to the usage of the term “Artificial Intelligence,” especially as it relates to the financial industry. The message conveyed by this book is one of confidence in the possibilities offered by this new era of Data-Intensive Computation. This message is not grounded on the current hype surrounding the latest technologies, but on a deep analysis of their effectiveness and also on the author’s two decades of professional experience as a technologist, quant and academic.","304","2019","2019-10-31","John Wiley & Sons","Business & Economics","en","https://books.google.com/books/content?id=ZHW7DwAAQBAJ&printsec=frontcover&img=1&zoom=1&edge=curl&source=gbs_api","google_books","",""
"Yr0aZdSQA2kC","market microstructure order execution","market microstructure order execution","0","4","4","2026-05-14T13:00:03+00:00","9780470080146","isbn_13_explicit","1","Managing Investment Portfolios","A Dynamic Process","John L. Maginn, Donald L. Tuttle, Dennis W. McLeavey, Jerald E. Pinto","9780470080146","0470080140","9780470080146","""A rare blend of a well-organized, comprehensive guide to portfolio management and a deep, cutting-edge treatment of the key topics by distinguished authors who have all practiced what they preach. The subtitle, A Dynamic Process, points to the fresh, modern ideas that sparkle throughout this new edition. Just reading Peter Bernstein's thoughtful Foreword can move you forward in your thinking about this critical subject."" —Martin L. Leibowitz, Morgan Stanley ""Managing Investment Portfolios remains the definitive volume in explaining investment management as a process, providing organization and structure to a complex, multipart set of concepts and procedures. Anyone involved in the management of portfolios will benefit from a careful reading of this new edition."" —Charles P. Jones, CFA, Edwin Gill Professor of Finance, College of Management, North Carolina State University","960","2007","2007-03-09","John Wiley & Sons","Business & Economics","en","https://books.google.com/books/content?id=Yr0aZdSQA2kC&printsec=frontcover&img=1&zoom=1&edge=curl&source=gbs_api","google_books","5","2"
"kR1wAAAAQBAJ","market microstructure order execution","market microstructure order execution","0","5","5","2026-05-14T13:00:03+00:00","9781118421482","isbn_13_explicit","1","Market Microstructure in Emerging and Developed Markets","Price Discovery, Information Flows, and Transaction Costs","H. Kent Baker, Halil Kiymaz","9781118421482","1118421485","9781118421482","A comprehensive guide to the dynamic area of finance known as market microstructure Interest in market microstructure has grown dramatically in recent years due largely in part to the rapid transformation of the financial market environment by technology, regulation, and globalization. Looking at market transactions at the most granular level—and taking into account market structure, price discovery, information flows, transaction costs, and the trading process—market microstructure also forms the basis of high-frequency trading strategies that can help professional investors generate profits and/or execute optimal transactions. Part of the Robert W. Kolb Series in Finance, Market Microstructure skillfully puts this discipline in perspective and examines how the working processes of markets impact transaction costs, prices, quotes, volume, and trading behavior. Along the way, it offers valuable insights on how specific features of the trading process like the existence of intermediaries or the environment in which trading takes place affect the price formation process. Explore issues including market structure and design, transaction costs, information flows, and disclosure Addresses market microstructure in emerging markets Covers the legal and regulatory issues impacting this area of finance Contains contributions from both experienced financial professionals and respected academics in this field If you're looking to gain a firm understanding of market microstructure, this book is the best place to start.","762","2013","2013-07-31","John Wiley & Sons","Business & Economics","en","https://books.google.com/books/content?id=kR1wAAAAQBAJ&printsec=frontcover&img=1&zoom=1&edge=curl&source=gbs_api","google_books","",""
"jyv8EAAAQBAJ","market microstructure order execution","market microstructure order execution","0","6","6","2026-05-14T13:00:03+00:00","9781805120971","isbn_13_explicit","1","C++ High Performance for Financial Systems","Build efficient and optimized financial systems by leveraging the power of C++","Ariel Silahian","9781805120971","1805120972","9781805120971","An in-depth guide covering system architecture, low-latency strategies, risk management, and machine learning for experienced programmers looking to enter the financial industry and build high-performance trading systems Key Features Get started with building financial trading systems Focus on scalability, architecture, and implementing low-latency network communication in C++ Optimize code and use parallel computing techniques for better performance Purchase of the print or Kindle book includes a free PDF eBook Book DescriptionUnlock the secrets of the finance industry and dive into the world of high-performance trading systems with C++ High Performance for Financial Systems. Trading systems are the backbone of the financial world, and understanding how to build them for optimal performance is crucial for success. If you've ever dreamt of creating scalable and cutting-edge financial software, this guide is your key to success. A cornerstone of this book is its coverage of system design and architecture. The book starts by outlining the role of C++ in finance and trading. You'll learn the principles and methodologies behind building systems that can handle vast amounts of data, execute complex trading strategies with ease, and maintain the highest levels of reliability. Armed with this knowledge, you'll be equipped to tackle even the most challenging trading scenarios. In the fast-paced world of finance, every millisecond counts. This book delves into low-latency strategies that will enable your trading systems to react with lightning speed. You’ll also learn the art of reducing latency, optimizing code, and leveraging the latest hardware and software techniques to gain a competitive edge in the market. By the end of this book, you’ll be well-versed in architecting a financial trading system as well as advanced strategies and new industry trends.What you will learn Design architecture for scalable financial trading systems Understand strategies for low-latency trading and high-frequency trading Discover how to implement machine learning algorithms for financial data analysis Understand risk management techniques for financial trading systems Explore advanced topics in finance and trading, including machine learning for algorithmic trading and portfolio optimization Get up to speed with best practices for developing financial trading systems with C++ Who this book is for This book is for experienced C++ developers who want to enter the finance industry and learn how trading systems work. It is also suitable for quantitative analysts, financial engineers, and anyone interested in building scalable and robust trading systems. The book assumes familiarity with the C++ programming language, data structures, and algorithms. Additionally, readers should have a basic understanding of finance and trading concepts, such as market data, trading strategies, and risk management.","317","2024","2024-03-29","Packt Publishing Ltd","Computers","en","https://books.google.com/books/content?id=jyv8EAAAQBAJ&printsec=frontcover&img=1&zoom=1&edge=curl&source=gbs_api","google_books","",""
"OCY60QEACAAJ","market microstructure order execution","market microstructure order execution","0","8","8","2026-05-14T13:00:03+00:00","9798315026396","isbn_13_explicit","1","Market Microstructure and Algorithmic Trading","Order Flow, Liquidity, and Execution Tactics for Quants","Venice Trex","9798315026396","","9798315026396","This book takes a deep dive into how modern financial trading really works, breaking down the nuts and bolts of market microstructure and algorithmic trading in a way that's clear and engaging. It starts with the basics-like order flow and liquidity-and builds up to more advanced topics like high-frequency trading and smart execution strategies. Along the way, you'll find plenty of useful math and real-world examples that connect theory to practice, making it a valuable read for both finance pros and curious learners. Backed by solid research and industry know-how, the book looks at how different markets and trading systems operate. It walks through how things have evolved-from old-school trading floors to today's fast, automated systems. Each chapter is designed to help you make sense of complex trading environments, improve your strategy, and make smarter decisions under pressure. Whether you're trying to level up your skills in quantitative finance or just want to understand what goes on behind the scenes in today's markets, this book has you covered. You'll learn how prices are set, how markets stay stable, and how to cut down on trading costs while handling liquidity like a pro. It's a practical, insightful guide for anyone serious about mastering modern trading.","","2025","2025-03-21","Independently Published","Business & Economics","en","https://books.google.com/books/content?id=OCY60QEACAAJ&printsec=frontcover&img=1&zoom=1&source=gbs_api","google_books","",""
"-uxaAAAAYAAJ","market microstructure order execution","market microstructure order execution","0","9","9","2026-05-14T13:00:03+00:00","9780662220534","isbn_13_explicit","1","The Microstructure of Financial Derivatives Markets","Exchange-traded Versus Over-the-counter","Brenda González-Hermosillo, Bank of Canada","9780662220534","0662220536","9780662220534","","82","1994","1994","","Capital market","en","https://books.google.com/books/content?id=-uxaAAAAYAAJ&printsec=frontcover&img=1&zoom=1&source=gbs_api","google_books","",""
"6l0DDQAAQBAJ","market microstructure order execution","market microstructure order execution","0","10","10","2026-05-14T13:00:03+00:00","9781118343500","isbn_13_explicit","1","High-Frequency Trading","A Practical Guide to Algorithmic Strategies and Trading Systems","Irene Aldridge","9781118343500","1118343506","9781118343500","A fully revised second edition of the best guide to high-frequency trading High-frequency trading is a difficult, but profitable, endeavor that can generate stable profits in various market conditions. But solid footing in both the theory and practice of this discipline are essential to success. Whether you're an institutional investor seeking a better understanding of high-frequency operations or an individual investor looking for a new way to trade, this book has what you need to make the most of your time in today's dynamic markets. Building on the success of the original edition, the Second Edition of High-Frequency Trading incorporates the latest research and questions that have come to light since the publication of the first edition. It skillfully covers everything from new portfolio management techniques for high-frequency trading and the latest technological developments enabling HFT to updated risk management strategies and how to safeguard information and order flow in both dark and light markets. Includes numerous quantitative trading strategies and tools for building a high-frequency trading system Address the most essential aspects of high-frequency trading, from formulation of ideas to performance evaluation The book also includes a companion Website where selected sample trading strategies can be downloaded and tested Written by respected industry expert Irene Aldridge While interest in high-frequency trading continues to grow, little has been published to help investors understand and implement this approach—until now. This book has everything you need to gain a firm grip on how high-frequency trading works and what it takes to apply it to your everyday trading endeavors.","326","2013","2013-04-22","John Wiley & Sons","Business & Economics","en","https://books.google.com/books/content?id=6l0DDQAAQBAJ&printsec=frontcover&img=1&zoom=1&edge=curl&source=gbs_api","google_books","",""
"RR2m9vsSqboC","market microstructure order execution","market microstructure order execution","0","11","11","2026-05-14T13:00:03+00:00","9781119952787","isbn_13_explicit","1","Market Microstructure","Confronting Many Viewpoints","Frédéric Abergel, Jean-Philippe Bouchaud, Thierry Foucault, Charles-Albert Lehalle, Mathieu Rosenbaum","9781119952787","1119952786","9781119952787","The latest cutting-edge research on market microstructure Based on the December 2010 conference on market microstructure, organized with the help of the Institut Louis Bachelier, this guide brings together the leading thinkers to discuss this important field of modern finance. It provides readers with vital insight on the origin of the well-known anomalous ""stylized facts"" in financial prices series, namely heavy tails, volatility, and clustering, and illustrates their impact on the organization of markets, execution costs, price impact, organization liquidity in electronic markets, and other issues raised by high-frequency trading. World-class contributors cover topics including analysis of high-frequency data, statistics of high-frequency data, market impact, and optimal trading. This is a must-have guide for practitioners and academics in quantitative finance.","195","2012","2012-04-03","John Wiley & Sons","Business & Economics","en","https://books.google.com/books/content?id=RR2m9vsSqboC&printsec=frontcover&img=1&zoom=1&edge=curl&source=gbs_api","google_books","",""
"EuU2CwAAQBAJ","market microstructure order execution","market microstructure order execution","0","12","12","2026-05-14T13:00:03+00:00","9783668080300","isbn_13_explicit","1","The Role of Market-Maker/Dealer Inventories in the Price Formation Process","A Survey","Evelyn Rill","9783668080300","3668080305","9783668080300","Bachelor Thesis from the year 2015 in the subject Business economics - Economic Policy, grade: 1,3, University of Frankfurt (Main) (Faculty of Economics and Business Administration), course: Chair of Corporate Finance, language: English, abstract: Due to the importance of inventories and the fact that asymmetric information models are extensively discussed in literature, this thesis exclusively focuses on inventory control models and provides a survey of theory and empirical results on the role of inventory in the price formation process. Because most of the relevant literature is based on the U.S. exchange market, this thesis is mainly confined on inventory control of specialists on the New York Stock Exchange (NYSE) and of dealers on the National Association of Securities Dealers (NASDAQ). To understand the costs of holding inventory, Section 2 introduced three important drivers of inventory: capital constraints, liquidity and volatility. Section 3 summarises the effect of market maker inventory and its costs on liquidity and how this affects the bid-ask spread. In Section 4, the impact of inventory on asset prices, especially of inventory levels, is discussed in more detail. Section 5 briefly turns to changes in market structure and how they affect the role of traditional market makers and their inventories. Section 6 finally concludes.","40","2015","2015-11-04","GRIN Verlag","Political Science","en","https://books.google.com/books/content?id=EuU2CwAAQBAJ&printsec=frontcover&img=1&zoom=1&edge=curl&source=gbs_api","google_books","",""
"RzOIDwAAQBAJ","market microstructure order execution","market microstructure order execution|trade execution slippage liquidity","0","15","15","2026-05-14T13:00:03+00:00","9789813234116","isbn_13_explicit","2","Lecture Notes In Market Microstructure And Trading","","Peter Joakim Westerholm","9789813234116","9813234113","9789813234116","This book, written by Joakim Westerholm, Professor of Finance and former trading professional, is intended to be used as basis for developing courses in Securities markets, Trading, and Market microstructure and connects theoretic rigor with practical real world applications.Market technology evolves, the roles of market participants change, and whole market segments disappear to be replaced by new ways to exchange securities. Yet, the same underlying economic principles continue to drive trading in securities markets. Thus, the scope of the book is global, providing a framework that is relevant both for current market designs and for future markets we will see develop. It is designed to stay relevant in a rapidly evolving field.The book contains a selection of lecture notes through which students will gain an in-depth understanding of the mechanism that drives trading in securities markets. The book also contains another set of lecture notes with more advanced, research-based material, suitable for Honours or Master level research students, or for PhD candidates. The material is self-explanatory and can also be used for self-study, preferably in conjunction with assigned readings.","267","2018","2018-11-29","World Scientific","Business & Economics","en","https://books.google.com/books/content?id=RzOIDwAAQBAJ&printsec=frontcover&img=1&zoom=1&edge=curl&source=gbs_api","google_books","",""
"ZfQJAQAAMAAJ","market microstructure order execution","market microstructure order execution","80","18","98","2026-05-14T13:00:07+00:00","9781412916523","isbn_13_explicit","1","Encyclopedia of Business Ethics and Society","","Robert W. Kolb","9781412916523","1412916526","9781412916523","The five volumes of this ultimate resource recognize the inherent unity between business ethics and business and society, that stems from their shared primary concern with value in commerce. This Encyclopedia spans the relationships among business, ethics, and society by including more than 800 entries that feature broad coverage of corporate social responsibility, the obligation of companies to various stakeholder groups, the contribution of business to society and culture, and the relationship between organizations and the quality of the environment.","536","2007","2007-10-19","SAGE Publications, Incorporated","Business & Economics","en","https://books.google.com/books/content?id=ZfQJAQAAMAAJ&printsec=frontcover&img=1&zoom=1&source=gbs_api","google_books","",""
"S_0GEQAAQBAJ","financial statement analysis investing","financial statement analysis investing","0","0","0","2026-05-14T13:00:09+00:00","9780231560924","isbn_13_explicit","1","Financial Statement Analysis for Value Investing","","Stephen Penman, Peter F. Pope","9780231560924","0231560923","9780231560924","How should an investor challenge the market price and find value? This book provides a new lens, arguing that value investing is a matter of understanding the business through accounting. Stephen Penman and Peter F. Pope—leading authorities on accounting and its investment applications—demonstrate why attention to financial statements is the key to judicious valuation. More broadly, they show that accounting fundamentals, when analyzed in a systematic manner, teach us how to think about value in new ways. This guide to investing through analysis of financial statements presents both underlying principles and practical examples. It examines how an accounting book is structured, the ways to read one in order to extract information about value, and why accounting techniques help investors avoid common traps. Through cases that depict finance, investing, and accounting principles in action, readers learn crucial lessons for challenging the market’s pricing. Financial Statement Analysis for Value Investing is essential reading for anyone interested in the fundamentals of value investing, practitioners and students alike. Both professional and individual investors can benefit from its techniques and insights, and it is well suited for value investing and financial statement analysis courses in business schools.","420","2025","2025-04-08","Columbia University Press","Business & Economics","en","https://books.google.com/books/content?id=S_0GEQAAQBAJ&printsec=frontcover&img=1&zoom=1&edge=curl&source=gbs_api","google_books","",""
"_aN7swEACAAJ","financial statement analysis investing","financial statement analysis investing","0","1","1","2026-05-14T13:00:09+00:00","9781520985008","isbn_13_explicit","1","Financial Statement Analysis","The Blueprint for Investing Success","Andrew P. C.","9781520985008","1520985002","9781520985008","Ever wonder why the world's best investors are so successful? It's because they employ basic financial statement analysis skills to root out great opportunities.Warren Buffett, David Einhorn, and Jim Chanos have made billions throughout their careers by simply reading financial statements. Many investing books only teach basic financial ratios. However, that's only a small fraction of the analytical process.Most investors don't take the time (or don't know how) to read through footnotes or comb through Proxy filings. Financial Statement Analysis: The Blueprint for Investing Success teaches investors how to really read SEC filings. We break through the barrier to teach ordinary people how to analyze stocks with simple explanations.Get real life examples and walk through filings together. Learn how to read through 10-Ks and 10-Qs like the pros and increase your investment success rate.Learn the process that all the great investors use. Key topics covered include: *The mechanics of financial statements (balance sheets, income statements, and statements of cash flows). *Key financial ratios to evaluate profitability, returns, leverage, and efficiency. *Valuation methodologies to assess how cheap or expensive stocks are. *How to read key SEC filings (10-K, 10-Q, 8-K, Proxy Statements, Form 4s, etc.) *Understand key performance indicators (same store sales, organic growth, backlog/orders, etc.)*Learn how to dig through filings to get key information and get that extra edge!","107","2017","2017-04-29","","Corporations","en","","google_books","",""
"te4FEQAAQBAJ","financial statement analysis investing","financial statement analysis investing","0","2","2","2026-05-14T13:00:09+00:00","9788119980840","isbn_13_explicit","1","Investment Analysis and Portfolio Management","","Dr.Girija Nandini, Dr.Pramod Kumar Patjoshi","9788119980840","8119980840","9788119980840","Dr.Girija Nandini, Associate Professor, School of Management, Centurion University of Technology and Management, Odisha, India. Dr.Pramod Kumar Patjoshi, Associate Professor, School of Management, Centurion University of Technology and Management, Odisha, India.","203","2024","2024-03-19","SK Research Group of Companies","Business & Economics","en","https://books.google.com/books/content?id=te4FEQAAQBAJ&printsec=frontcover&img=1&zoom=1&edge=curl&source=gbs_api","google_books","",""
"IlizCgAAQBAJ","financial statement analysis investing","financial statement analysis investing","0","3","3","2026-05-14T13:00:09+00:00","9781119104599","isbn_13_explicit","1","Quantitative Investment Analysis","","Richard A. DeFusco, Dennis W. McLeavey, Jerald E. Pinto, David E. Runkle, Mark J. P. Anson","9781119104599","1119104599","9781119104599","Your complete guide to quantitative analysis in the investment industry Quantitative Investment Analysis, Third Edition is a newly revised and updated text that presents you with a blend of theory and practice materials to guide you through the use of statistics within the context of finance and investment. With equal focus on theoretical concepts and their practical applications, this approachable resource offers features, such as learning outcome statements, that are targeted at helping you understand, retain, and apply the information you have learned. Throughout the text's chapters, you explore a wide range of topics, such as the time value of money, discounted cash flow applications, common probability distributions, sampling and estimation, hypothesis testing, and correlation and regression. Applying quantitative analysis to the investment process is an important task for investment pros and students. A reference that provides even subject matter treatment, consistent mathematical notation, and continuity in topic coverage will make the learning process easier—and will bolster your success. Explore the materials you need to apply quantitative analysis to finance and investment data—even if you have no previous knowledge of this subject area Access updated content that offers insight into the latest topics relevant to the field Consider a wide range of subject areas within the text, including chapters on multiple regression, issues in regression analysis, time-series analysis, and portfolio concepts Leverage supplemental materials, including the companion Workbook and Instructor's Manual, sold separately Quantitative Investment Analysis, Third Edition is a fundamental resource that covers the wide range of quantitative methods you need to know in order to apply quantitative analysis to the investment process.","634","2015","2015-10-15","John Wiley & Sons","Business & Economics","en","https://books.google.com/books/content?id=IlizCgAAQBAJ&printsec=frontcover&img=1&zoom=1&edge=curl&source=gbs_api","google_books","",""
"2cl6EAAAQBAJ","financial statement analysis investing","financial statement analysis investing","0","4","4","2026-05-14T13:00:09+00:00","9781119457145","isbn_13_explicit","1","Financial Statement Analysis","A Practitioner's Guide","Martin S. Fridson, Fernando Alvarez","9781119457145","1119457149","9781119457145","The updated, real-world guide to interpreting and unpacking GAAP and non-GAAP financial statements In Financial Statement Analysis, 5th Edition, leading investment authority Martin Fridson returns with Fernando Alvarez to provide the analytical framework you need to scrutinize financial statements, whether you're evaluating a company's stock price or determining valuations for a merger or acquisition. Rather than taking financial statements at face value, you'll learn practical and straightforward analytical techniques for uncovering the reality behind the numbers. This fully revised and up-to-date 5th Edition offers fresh information that will help you to evaluate financial statements in today's volatile markets and uncertain economy. The declining connection between GAAP earnings and stock prices has introduced a need to discriminate between instructive and misleading non-GAAP alternatives. This book integrates the alternatives and provides guidance on understanding the extent to which non-GAAP reports, particularly from US companies, may be biased. Understanding financial statements is an essential skill for business professionals and investors. Most books on the subject proceed from the questionable premise that companies' objective is to present a true picture of their financial condition. A safer assumption is that they seek to minimize the cost of raising capital by portraying themselves in the most favorable light possible. Financial Statement Analysis teaches readers the tricks that companies use to mislead, so readers can more clearly interpret statements. Learn how to read and understand financial statements prepared according to GAAP and non-GAAP standards Compare CFROI, EVA, Valens, and other non-GAAP methodologies to determine how accurate companies' reports are Improve your business decision making, stock valuations, or merger and acquisition strategy Develop the essential skill of quickly and accurately gathering and assessing information from financial statements of all types Professional analysts, investors, and students will gain valuable knowledge from this updated edition of the popular guide. Filled with real-life examples and expert advice, Financial Statement Analysis, 5th Edition, will help you interpret and unpack financial statements.","427","2022","2022-04-19","John Wiley & Sons","Business & Economics","en","https://books.google.com/books/content?id=2cl6EAAAQBAJ&printsec=frontcover&img=1&zoom=1&edge=curl&source=gbs_api","google_books","",""
"UUeaAAAAQBAJ","financial statement analysis investing","financial statement analysis investing","0","5","5","2026-05-14T13:00:09+00:00","9780470635605","isbn_13_explicit","1","Financial Statement Analysis","A Practitioner's Guide","Martin S. Fridson, Fernando Alvarez","9780470635605","0470635606","9780470635605","The updated, real-world guide to interpreting and unpacking GAAP and non-GAAP financial statements In Financial Statement Analysis, 5th Edition, leading investment authority Martin Fridson returns with Fernando Alvarez to provide the analytical framework you need to scrutinize financial statements, whether you’re evaluating a company’s stock price or determining valuations for a merger or acquisition. Rather than taking financial statements at face value, you’ll learn practical and straightforward analytical techniques for uncovering the reality behind the numbers. This fully revised and up-to-date 5th Edition offers fresh information that will help you to evaluate financial statements in today’s volatile markets and uncertain economy. The declining connection between GAAP earnings and stock prices has introduced a need to discriminate between instructive and misleading non-GAAP alternatives. This book integrates the alternatives and provides guidance on understanding the extent to which non-GAAP reports, particularly from US companies, may be biased. Understanding financial statements is an essential skill for business professionals and investors. Most books on the subject proceed from the questionable premise that companies' objective is to present a true picture of their financial condition. A safer assumption is that they seek to minimize the cost of raising capital by portraying themselves in the most favorable light possible. Financial Statement Analysis teaches readers the tricks that companies use to mislead, so readers can more clearly interpret statements. Learn how to read and understand financial statements prepared according to GAAP and non-GAAP standards Compare CFROI, EVA, Valens, and other non-GAAP methodologies to determine how accurate companies’ reports are Improve your business decision making, stock valuations, or merger and acquisition strategy Develop the essential skill of quickly and accurately gathering and assessing information from financial statements of all types Professional analysts, investors, and students will gain valuable knowledge from this updated edition of the popular guide. Filled with real-life examples and expert advice, Financial Statement Analysis, 5th Edition, will help you interpret and unpack financial statements.","403","2011","2011-07-05","John Wiley & Sons","Business & Economics","en","https://books.google.com/books/content?id=UUeaAAAAQBAJ&printsec=frontcover&img=1&zoom=1&edge=curl&source=gbs_api","google_books","",""
"B_wwBgAAQBAJ","financial statement analysis investing","financial statement analysis investing","0","7","7","2026-05-14T13:00:09+00:00","9781119029748","isbn_13_explicit","1","International Financial Statement Analysis","","Thomas R. Robinson, Elaine Henry, Wendy L. Pirie, Michael A. Broihahn","9781119029748","1119029740","9781119029748","Better analysis for more accurate international financial valuation International Financial Statement Analysis provides the most up-to-date detail for the successful assessment of company performance and financial position regardless of country of origin. The seasoned experts at the CFA Institute offer readers a rich, clear reference, covering all aspects from financial reporting mechanics and standards to understanding income and balance sheets. Comprehensive guidance toward effective analysis techniques helps readers make real-world use of the knowledge presented, with this new third edition containing the most current standards and methods for the post-crisis world. Coverage includes the complete statement analysis process, plus information on income tax accounting, employee compensation, and the impact of foreign exchange rates on the statements of multinational corporations. Financial statement analysis gives investment professionals important insights into the true financial condition of a company. With it, realistic valuations can be made for investment, lending, or merger and acquisition purposes. The process is becoming increasingly complex, but this book helps readers deal with the practical challenges that arise at the international level. Understand the accounting mechanics behind financial reporting Discover the differences between statements from around the world Learn how each financial statement element affects securities valuation Master analysis for clues into operations and risk characteristics Amid an uncertain global economic climate, in today's volatile international markets, the ability to effectively evaluate financial statements is a critical skill. Standards and conditions are continuously evolving, and investment professionals need a strong, up-to-date resource for the latest rules and best practices. International Financial Statement Analysis provides this and more, with clarity and expert advice.","1064","2015","2015-01-30","John Wiley & Sons","Business & Economics","en","https://books.google.com/books/content?id=B_wwBgAAQBAJ&printsec=frontcover&img=1&zoom=1&edge=curl&source=gbs_api","google_books","",""
"w5JR5o6QGI4C","financial statement analysis investing","financial statement analysis investing","0","11","11","2026-05-14T13:00:09+00:00","9780130397935","isbn_13_explicit","1","Financial Reporting and Analysis","","Lawrence Revsine","9780130397935","0130397938","9780130397935","","970","2003","2003-03-28","Pearson Prentice Hall","Business & Economics","en","https://books.google.com/books/content?id=w5JR5o6QGI4C&printsec=frontcover&img=1&zoom=1&source=gbs_api","google_books","",""
"8cAiAwAAQBAJ","financial statement analysis investing","financial statement analysis investing","0","12","12","2026-05-14T13:00:09+00:00","9781118486528","isbn_13_explicit","1","Asian Financial Statement Analysis","Detecting Financial Irregularities","ChinHwee Tan, Thomas R. Robinson","9781118486528","1118486528","9781118486528","Gain a deeper understanding of Asian financial reporting and how to detect irregularities The Asian region, and particularly China, is becoming a hotbed of investment activity. There have been quite a few accounting scandals in Asia in the recent years – now rivaling those we have seen in the Americas and Europe. Assessing potential or active overseas investments requires reliance on financial statements, the full parameters of which may vary from region to region. To effectively analyze statements, it is necessary to first understand the framework underlying these financial statements and then lay out a protocol for detecting irregularities. It's impossible to create and implement a practical plan without a deeper knowledge of the various factors at play. Asian Statement Analysis: Detecting Financial Irregularities provides a framework for analysis that makes irregularities stand out. Authors Chin Hwee Tan and Thomas R. Robinson discuss international financial reporting standards, including characteristics particular to the Asian region. Tan and Robinson's combined background in academia and Asian finance give them a multi-modal perspective and position them as top authorities on the topic. In the book, they address issues such as: Detection of irregularities independent of particular accounting rules The most common irregularities in the Asian market Similarities and differences between U.S. and Asian accounting techniques An overarching framework for irregularity detection The book uses real-world examples to illustrate the concepts presented, with the focus on Asian companies. As the first ever in-depth study on manipulation and irregularities in the Asian market, Asian Financial Statement Analysis: Detecting Financial Irregularities is uniquely positioned to be a valuable resource in the move toward the next phase of global reporting standards.","212","2014","2014-04-14","John Wiley & Sons","Business & Economics","en","https://books.google.com/books/content?id=8cAiAwAAQBAJ&printsec=frontcover&img=1&zoom=1&edge=curl&source=gbs_api","google_books","",""
"Nya7Nls60RgC","financial statement analysis investing","financial statement analysis investing","0","13","13","2026-05-14T13:00:09+00:00","9780538064408","isbn_13_explicit","1","Investment Analysis & Portfolio Selection","","Herbert E. Phillips, John C. Ritchie","9780538064408","0538064404","9780538064408","","856","1983","1983","South Western Educational Publishing","Business & Economics","en","https://books.google.com/books/content?id=Nya7Nls60RgC&printsec=frontcover&img=1&zoom=1&source=gbs_api","google_books","",""
"hWXHTSkKsVEC","financial statement analysis investing","financial statement analysis investing","0","19","19","2026-05-14T13:00:09+00:00","9780470395967","isbn_13_explicit","1","International Financial Statement Analysis","","Thomas R. Robinson, Hennie van Greuning, CFA, Elaine Henry, Michael A. Broihahn","9780470395967","0470395966","9780470395967","Written with both the established and aspiring financial professional in mind, this book will help you understand the mechanics of the accounting process, which is the foundation for financial reporting; comprehend the differences and similarities in income statements, balance sheets, and cash flow statements around the globe; and assess the implications for securities valuation of any financial statement element or transaction. Along the way, you'll also discover how different financial analysis techniques—such as ratio analysis and common-size financial statements—can provide valuable clues into a company's operations and risk characteristics.","944","2008","2008-11-03","Wiley","Business & Economics","en","https://books.google.com/books/content?id=hWXHTSkKsVEC&printsec=frontcover&img=1&zoom=1&source=gbs_api","google_books","",""
"7_krPwAACAAJ","financial statement analysis investing","financial statement analysis investing","40","5","45","2026-05-14T13:00:11+00:00","9780073379661","isbn_13_explicit","1","Financial Statement Analysis and Security Valuation","","Stephen Penman","9780073379661","0073379662","9780073379661","This book describes valuation as an exercise in financial statement analysis. Students learn to view a firm through its financial statements and to carry out the appropriate financial statement analysis to value the firm’s debt and equity. The book takes an activist approach to investing, showing how the analyst challenges the current market price of a share by analyzing the fundamentals. With a careful assessment of accounting quality, accounting comes to life as it is integrated with the modern theory of finance to develop practical analysis and valuation tools for active investing.","784","2009","2009-03-23","McGraw-Hill/Irwin","Business & Economics","en","https://books.google.com/books/content?id=7_krPwAACAAJ&printsec=frontcover&img=1&zoom=1&source=gbs_api","google_books","4","2"
"M4GzEAAAQBAJ","financial statement analysis investing","financial statement analysis investing","80","6","86","2026-05-14T13:00:14+00:00","9781394159697","isbn_13_explicit","1","Fundamental Analysis For Dummies","","Matthew Krantz","9781394159697","1394159692","9781394159697","Become familiar with the key concepts of fundamental analysis and learn how to put them into action in the real world Fundamental Analysis For Dummies is a valuable guide for investors who want to know the future. Okay, it’s not a crystal ball, but fundamental analysis will help you gain insight into a company’s staying power, as you evaluate revenue, expenses, assets, liabilities, competitors, management, interest rates, and other key business details. This Dummies resource makes it easy to get a handle on the underlying forces that affect the well-being of the economy, industry groups, and companies. You’ll explore the tools and strategies of fundamental analysis, and you’ll get easy-to-follow examples of how they’re used in relation to stock and commodity investing. This latest edition is fully updated with coverage of today’s investment landscape. Apply fundamental analysis techniques to your investments and increase your profits Learn strategies for making smart investments in stocks, currency, bonds, and commodities Harness the same tools used by Warren Buffett and other successful investors Protect your investments during an economic downturn Investors looking to become proficient in using fundamental analysis will love this plain-English breakdown of all the must-know information.","407","2023","2023-05-02","John Wiley & Sons","Business & Economics","en","https://books.google.com/books/content?id=M4GzEAAAQBAJ&printsec=frontcover&img=1&zoom=1&edge=curl&source=gbs_api","google_books","",""
"K6t3q8sVcocC","financial statement analysis investing","financial statement analysis investing","80","7","87","2026-05-14T13:00:14+00:00","9780538833189","isbn_13_explicit","1","Financial and Management Accounting","","Diamond, Hansen","9780538833189","0538833181","9780538833189","This text is written to be used in the first year accounting course (undergraduate or graduate) that covers either two semesters or three quarters. This book will be ideal for your course if you want to decrease the emphasis on bookkeeping and increase emphasis on analysis and decision making. Includes coverage of the latest information--ABC, JIT, life-cycle costing, strategic costing, and activity-based responsibility. Each chapter contains ethics problems, case studies, and a cumulative problem on financial statement analysis.","852","1994","1994","Thomson South-Western","Business & Economics","en","https://books.google.com/books/content?id=K6t3q8sVcocC&printsec=frontcover&img=1&zoom=1&source=gbs_api","google_books","",""
"u7IYEQAAQBAJ","trade execution slippage liquidity","trade execution slippage liquidity","0","0","0","2026-05-14T13:00:16+00:00","9789365895872","isbn_13_explicit","1","High-Performance Algorithmic Trading Using AI","Strategies and insights for developing cutting-edge trading algorithms (English Edition)","Melick R. Baranasooriya","9789365895872","9365895871","9789365895872","DESCRIPTION ""High-Performance Algorithmic Trading using AI"" is a comprehensive guide designed to empower both beginners and experienced professionals in the finance industry. This book equips you with the knowledge and tools to build sophisticated, high-performance trading systems. It starts with basics like data preprocessing, feature engineering, and ML. Then, it moves to advanced topics, such as strategy development, backtesting, platform integration using Python for financial modeling, and the implementation of AI models on trading platforms. Each chapter is crafted to equip readers with actionable skills, ranging from extracting insights from vast datasets to developing and optimizing trading algorithms using Python's extensive libraries. It includes real-world case studies and advanced techniques like deep learning and reinforcement learning. The book wraps up with future trends, challenges, and opportunities in algorithmic trading. Become a proficient algorithmic trader capable of designing, developing, and deploying profitable trading systems. It not only provides theoretical knowledge but also emphasizes hands-on practice and real-world applications, ensuring you can confidently navigate and leverage AI in your trading strategies. KEY FEATURES ● Master AI and ML techniques to enhance algorithmic trading strategies. ● Hands-on Python tutorials for developing and optimizing trading algorithms. ● Real-world case studies showcasing AI applications in diverse trading scenarios. WHAT YOU WILL LEARN ● Develop AI-powered trading algorithms for enhanced decision-making and profitability. ● Utilize Python tools and libraries for financial modeling and analysis. ● Extract actionable insights from large datasets for informed trading decisions. ● Implement and optimize AI models within popular trading platforms. ● Apply risk management strategies to safeguard and optimize investments. ● Understand emerging technologies like quantum computing and blockchain in finance. WHO THIS BOOK IS FOR This book is for financial professionals, analysts, traders, and tech enthusiasts with a basic understanding of finance and programming. TABLE OF CONTENTS 1. Introduction to Algorithmic Trading and AI 2. AI and Machine Learning Basics for Trading 3. Essential Elements in AI Trading Algorithms 4. Data Processing and Analysis 5. Simulating and Testing Trading Strategies 6. Implementing AI Models with Trading Platforms 7. Getting Prepared for Python Development 8. Leveraging Python for Trading Algorithm Development 9. Real-world Examples and Case Studies 10. Using LLMs for Algorithmic Trading 11. Future Trends, Challenges, and Opportunities","450","2024","2024-08-08","BPB Publications","Computers","en","https://books.google.com/books/content?id=u7IYEQAAQBAJ&printsec=frontcover&img=1&zoom=1&edge=curl&source=gbs_api","google_books","",""
"PUXxAAAAQBAJ","trade execution slippage liquidity","trade execution slippage liquidity","0","2","2","2026-05-14T13:00:16+00:00","9781118129852","isbn_13_explicit","1","Professional Automated Trading","Theory and Practice","Eugene A. Durenard","9781118129852","1118129857","9781118129852","An insider's view of how to develop and operate an automated proprietary trading network Reflecting author Eugene Durenard's extensive experience in this field, Professional Automated Trading offers valuable insights you won't find anywhere else. It reveals how a series of concepts and techniques coming from current research in artificial life and modern control theory can be applied to the design of effective trading systems that outperform the majority of published trading systems. It also skillfully provides you with essential information on the practical coding and implementation of a scalable systematic trading architecture. Based on years of practical experience in building successful research and infrastructure processes for purpose of trading at several frequencies, this book is designed to be a comprehensive guide for understanding the theory of design and the practice of implementation of an automated systematic trading process at an institutional scale. Discusses several classical strategies and covers the design of efficient simulation engines for back and forward testing Provides insights on effectively implementing a series of distributed processes that should form the core of a robust and fault-tolerant automated systematic trading architecture Addresses trade execution optimization by studying market-pressure models and minimization of costs via applications of execution algorithms Introduces a series of novel concepts from artificial life and modern control theory that enhance robustness of the systematic decision making—focusing on various aspects of adaptation and dynamic optimal model choice Engaging and informative, Proprietary Automated Trading covers the most important aspects of this endeavor and will put you in a better position to excel at it.","388","2013","2013-10-21","John Wiley & Sons","Business & Economics","en","https://books.google.com/books/content?id=PUXxAAAAQBAJ&printsec=frontcover&img=1&zoom=1&edge=curl&source=gbs_api","google_books","",""
"MqlMEQAAQBAJ","trade execution slippage liquidity","trade execution slippage liquidity","0","5","5","2026-05-14T13:00:16+00:00","9791223915158","isbn_13_explicit","1","The Evolution of On-Chain Trading","","Dwayne Anderson","9791223915158","","9791223915158","The Evolution of On-Chain Trading The cryptocurrency landscape is evolving beyond Bitcoin and Ethereum, ushering in a new era of on-chain trading. The Evolution of On-Chain Trading provides traders with the knowledge and strategies needed to navigate decentralized markets, identify high-growth opportunities, and build long-term wealth in the crypto space. This book explores how on-chain trading offers financial sovereignty, early access to emerging projects, and full transparency —advantages not found in centralized exchanges. Readers will learn how to analyze on-chain data, utilize cutting-edge tools like DexScreener and AI-driven trading bots, and recognize 100x opportunities before they go mainstream. Key topics include: Decentralized Finance (DeFi) and Real-World Asset (RWA) Tokenization – The next trillion-dollar crypto market. Memecoins, AI Agent Coins, and Emerging Narratives – How to capitalize on speculative trends. Advanced Trading Strategies – Arbitrage, front-running protection, and automated bot trading. Wealth Sovereignty and Security – Protecting assets, avoiding scams, and securing long-term profits. With a focus on practical strategies and real-world case studies, The Evolution of On-Chain Trading is an essential guide for traders looking to master decentralized markets and achieve financial independence in the fast-moving world of cryptocurrency","80","2025","2025-03-05","Estalontech","Business & Economics","en","https://books.google.com/books/content?id=MqlMEQAAQBAJ&printsec=frontcover&img=1&zoom=1&edge=curl&source=gbs_api","google_books","",""
"KUq7EQAAQBAJ","trade execution slippage liquidity","trade execution slippage liquidity","0","6","6","2026-05-14T13:00:16+00:00","9781040684054","isbn_13_explicit","1","Treasury Bond Futures and Options","","Owain Johnson, Eric Leininger, Jonathan Kronstein, Agha Mirza","9781040684054","104068405X","9781040684054","U.S. Treasury futures and options are the world’s largest fixed income markets. They enable investors and traders to trade, risk manage and invest in U.S. government notes or bonds for future delivery. The U.S. government bond market is the most liquid, secure and diverse among international government bond markets. The U.S. government uses the U.S. bond market to finance its maturing debt and expenditures, and with the expansion of U.S. borrowing, these markets have never been so large nor so closely watched around the world. Treasury Bond Futures and Options is the first standard reference handbook of its kind. It systematically reviews all of the varied elements of these crucial markets, providing practitioners and non-practitioners with a thorough description of the operations and potential of Treasury futures and options. The book presents readers with a full sense of how these gigantic markets function, including elements such as trading execution, risk management, delivery mechanism, market participants and regulatory treatment. It describes the key elements of market design, as well as walking through the trading and hedging opportunities that these markets provide. It is divided into three main sections. The first explains the background and current state of the cash and derivative Treasury markets. The second section focuses on risk management and trading using Treasury futures and options, while the third section looks at related products, key types of trader and governance. Treasury Bond Futures and Options is essential for every fixed income trader, regulator, financial investor, researcher and economist who looks at the U.S. Treasury market.","238","2026","2026-03-19","Taylor & Francis","Business & Economics","en","https://books.google.com/books/content?id=KUq7EQAAQBAJ&printsec=frontcover&img=1&zoom=1&edge=curl&source=gbs_api","google_books","",""
"F-7hM6Fc36AC","trade execution slippage liquidity","trade execution slippage liquidity","0","12","12","2026-05-14T13:00:16+00:00","9780071384056","isbn_13_explicit","1","Breaking the Black Box","Learn how to Design, Test, and Apply Mechanical Trading Systems Using Profitable Examples","Martin J. Pring","9780071384056","0071384057","9780071384056","This software will enable the user to learn about breaking the black box.","244","2003","2003","McGraw Hill Professional","Business & Economics","en","https://books.google.com/books/content?id=F-7hM6Fc36AC&printsec=frontcover&img=1&zoom=1&source=gbs_api","google_books","",""
"tkj7zGTNlmEC","trade execution slippage liquidity","trade execution slippage liquidity","0","17","17","2026-05-14T13:00:16+00:00","9780071423489","isbn_13_explicit","1","All About Technical Analysis","The Easy Way to Get Started","Constance M. Brown","9780071423489","0071423486","9780071423489","ALL ABOUT . . . SERIES All About TECHNICAL ANALYSIS Wary of trusting their trading fortunes to chance, investors are increasingly turning to the proven tools of technical analysis to help them make better trading and investing decisions. All About Technical Analysis explains what technical analysis is, why so many savvy investors rely on it to help forecast market movements, and how to successfully blend it into an overall investing program.","330","2002","2002-12-30","McGraw Hill Professional","Business & Economics","en","https://books.google.com/books/content?id=tkj7zGTNlmEC&printsec=frontcover&img=1&zoom=1&edge=curl&source=gbs_api","google_books","",""
"RLDa-quGM8MC","trade execution slippage liquidity","trade execution slippage liquidity","40","6","46","2026-05-14T13:00:18+00:00","9780070305779","isbn_13_explicit","1","Secrets of the SOES Bandit","The Original Electronic Trader Reveals His Battle-tested Trading Techniques","Harvey I. Houtkin, David Waldman","9780070305779","0070305773","9780070305779","Houtkin, a 30-year Wall Street veteran, reveals his battle-tested electronic trading techniques, which show how average investors can learn how to utilize direct access electronic trading, think like successful traders, and make trading an integral part of their lives. 20 illustrations.","270","1999","1999","McGraw-Hill Companies","Business & Economics","en","https://books.google.com/books/content?id=RLDa-quGM8MC&printsec=frontcover&img=1&zoom=1&source=gbs_api","google_books","",""
"5z3BDgAAQBAJ","trade execution slippage liquidity","trade execution slippage liquidity","40","10","50","2026-05-14T13:00:18+00:00","9781259863011","isbn_13_explicit","1","Currency Kings: How Billionaire Traders Made their Fortune Trading Forex and How You Can Too","","Ben Robson","9781259863011","1259863018","9781259863011","Win big and win often in the world’s greatest financial market With $5 trillion traded every day, FX dwarfs all other markets. It’s a tough market to master—but not as tough as people think. Currency Kings provides the keys anyone can use to unlock the enormous potential of FX. FX guru Ben Robson walks you through the process of 1) developing a sound strategy, 2) creating a competitive edge, 3) scaling your efforts, and 4) managing risk. It’s a simple, commonsense approach. And it works incredibly well. Robson has been using it to drive major profitability from FX for years. Throughout, he analyzes the strategies of the world’s greatest FX traders, including: • George Soros—perhaps the greatest FX trader ever • John Henry—the brilliant technical trader and risk manager • Urs Schwarzenbach—veritable king of options • Peter Cruddas—a pioneer of retail fx trading • Jim Simons—who made billions with computers and arbitrage • Renat Fatkhullin -- mastermind behind Metaquotes trading software Each of these investors have drawn untold profits through FX trading—and none of their styles is the same. Which goes to show that there is always room for innovation. Currency Kings provides the foundation, you build on it with the right combination of discipline, original thinking, and a powerful will to win. The behemoth called the FX market awaits. Use this unparalleled investing guide to profit beyond your wildest dreams.","320","2017","2017-08-11","McGraw Hill Professional","Business & Economics","en","https://books.google.com/books/content?id=5z3BDgAAQBAJ&printsec=frontcover&img=1&zoom=1&edge=curl&source=gbs_api","google_books","",""
"e9Fx3qMbt48C","trade execution slippage liquidity","trade execution slippage liquidity","40","11","51","2026-05-14T13:00:18+00:00","9781557385345","isbn_13_explicit","1","The Trading Systems Toolkit","How to Build, Test, and Apply Money-making Stock and Futures Trading Systems","Joe Krutsinger","9781557385345","1557385343","9781557385345","Shows how to build, test, and apply stock and futures trading systems.","276","1994","1994","McGraw Hill Professional","Business & Economics","en","https://books.google.com/books/content?id=e9Fx3qMbt48C&printsec=frontcover&img=1&zoom=1&source=gbs_api","google_books","",""
"yxHOYMzHTUYC","trade execution slippage liquidity","trade execution slippage liquidity","40","15","55","2026-05-14T13:00:18+00:00","9780071420341","isbn_13_explicit","1","Mastering Futures Trading","An Advanced Course for Sophisticated Strategies that Work","Bo Yoder","9780071420341","0071420347","9780071420341","Explores the strategies concepts and methodologies you need to know to become a successful futures trader. This book will provide you with the tools you need to spot futures market trends, identify pending rallies or pullbacks and put your money on the line when you've uncovered a firm directional bias.","268","2004","2004","McGraw Hill Professional","Business & Economics","en","https://books.google.com/books/content?id=yxHOYMzHTUYC&printsec=frontcover&img=1&zoom=1&source=gbs_api","google_books","",""
"sAm7AAAAIAAJ","trade execution slippage liquidity","trade execution slippage liquidity","40","16","56","2026-05-14T13:00:18+00:00","9781558624443","isbn_13_explicit","1","International Directory of Company Histories","","Tina Grant, Thomas Derdak","9781558624443","1558624449","9781558624443","Multi-volume major reference work bringing together histories of companies that are a leading influence in a particular industry or geographic location. For students, job candidates, business executives, historians and investors.","696","2001","2001","Saint James Press","Business & Economics","en","https://books.google.com/books/content?id=sAm7AAAAIAAJ&printsec=frontcover&img=1&zoom=1&source=gbs_api","google_books","",""
"LmnU0QEACAAJ","trade execution slippage liquidity","trade execution slippage liquidity","80","0","80","2026-05-14T13:00:20+00:00","9798243754941","isbn_13_explicit","1","Algorithmic FX & Currency Trading with Python","Systematic Strategy Design, Execution, and Risk Modeling for the Forex Market","Vincent Bisette, James Preston","9798243754941","","9798243754941","Reactive Publishing This book is a practitioner's guide to designing, building, and scaling algorithmic trading systems for the currency market. It bridges quantitative modeling, market microstructure, and Python-driven automation into a cohesive framework for traders seeking systematic edge in global FX. Beginning with the economic and structural foundations of the foreign exchange market, the book moves into predictive modeling, volatility dynamics, regime detection, and multi-timeframe signal engineering. Readers learn how to convert research into executable trading strategies by integrating data pipelines, backtesting engines, execution models, and risk management architectures built specifically for FX. The technical focus spans statistical, machine-learning, and hybrid approaches, covering trend, carry, mean reversion, calendar, macro-driven, and volatility-based strategies. Special emphasis is placed on execution layer challenges including slippage, spreads, order book liquidity, and broker microstructure, details routinely overlooked in retail FX trading. Topics include: - Market microstructure and currency-specific behavior - Regime classification and volatility modeling - Statistical forecasting and signal engineering for FX - Machine learning models and feature sets for currency prediction - Carry, momentum, macro, and hybrid systematic strategies - Multi-asset portfolio construction and cross-currency hedging - High-confidence backtesting, walk-forward validation, and error diagnostics - Transaction costs, spreads, slippage, and execution optimization - Deployment pipelines, automation, and API execution with Python - FX risk modeling, drawdown control, and position sizing frameworks Designed for quantitative traders, hedge fund practitioners, and advanced retail traders alike, Algorithmic FX & Currency Trading with Python delivers a practical blueprint for converting data and code into real trading performance. It gives readers not only the theoretical and quantitative tools required for success, but also the engineering and execution mindset needed to operate systematically in one of the most liquid and competitive markets in the world.","","2026","2026-01-13","Independently Published","Business & Economics","en","https://books.google.com/books/content?id=LmnU0QEACAAJ&printsec=frontcover&img=1&zoom=1&source=gbs_api","google_books","",""
"ySLJEQAAQBAJ","trade execution slippage liquidity","trade execution slippage liquidity","80","4","84","2026-05-14T13:00:20+00:00","9783565325993","isbn_13_explicit","1","Zero-Fee Illusion","Payment for Order Flow and the Hidden High-Frequency Arbitrage Exploiting Retail Investors","Ada T. Thornhill","9783565325993","3565325992","9783565325993","The democratization of finance promised that anyone with a smartphone could trade stocks for free. No commissions, no hidden fees, just seamless access to the global markets. But Wall Street has never offered anything for free, and the removal of the commission fee was not an act of charity—it was the implementation of a highly lucrative trap. When retail investors place a ""free"" trade on modern brokerage apps, their orders are not sent directly to the public stock exchange. Instead, they are sold to massive high-frequency trading firms through a controversial mechanism called Payment for Order Flow (PFOF). These algorithmic titans pay billions for the exclusive right to execute retail trades because they can intercept the data, front-run the market by fractions of a millisecond, and skim a microscopic, risk-free profit off the spread of every single transaction. You are not paying a fee, because your data and your timing have become the product. This book breaks down the complex plumbing of modern market making and the shadow economy of algorithmic trading. It exposes how gamified brokerages engineer retail frenzy to generate maximum volume for their institutional buyers. Readers will finally understand the hidden costs of zero-fee trading, learning how to navigate a rigged market where speed and routing dictate the true price of an asset.","179","2026","2026-03-14","epubli","Business & Economics","en","https://books.google.com/books/content?id=ySLJEQAAQBAJ&printsec=frontcover&img=1&zoom=1&edge=curl&source=gbs_api","google_books","",""
"tNjEK17eth4C","trade execution slippage liquidity","trade execution slippage liquidity","80","5","85","2026-05-14T13:00:20+00:00","9783540250395","isbn_13_explicit","1","Strategic Trading in Illiquid Markets","","Burkart Mönch","9783540250395","3540250395","9783540250395","The Area of Research and the Object of Investigation In this thesis we will investigate trading strategies in illiquid markets from a market microstructure perspective. Market microstructure is the academic term for the branch of financial economics that investigates trading and the organization of security markets, see, e. g. , Harris (2002). Historically, exchanges evolved as a location, where those interested in buy ing or selling securities could meet physically to transact. Thus, traditionally security trading was organized on exchange floors, where so-called dealers arranged all trades and provided liquidity by quoting prices at which they were willing buy or sell. Consequently, the initial surge of the market mi crostructure literature focused predominantly on this type of market design, which is often referred to as quote-driven. Nowadays, the interest is shifting towards order-driven markets. Beginning with the Toronto Stock Exchange in the mid 1970s and increasing in fre quency and scope, this market structure has emerged as the preeminent form of security trading worldwide. In order-driven markets, exchanges arrange trades by matching public orders, often by employing automatic execution systems. Introduction A major difference between a quote-driven and an order-driven market arises from the transparency pre- and post-trade. The pre-trade transparency con cerns the question whether the order book is visible to the keeper only, or whether it is open to the public.","136","2005","2005-04-20","Springer Science & Business Media","Business & Economics","en","https://books.google.com/books/content?id=tNjEK17eth4C&printsec=frontcover&img=1&zoom=1&edge=curl&source=gbs_api","google_books","",""
"c97m0QEACAAJ","trade execution slippage liquidity","trade execution slippage liquidity","80","6","86","2026-05-14T13:00:20+00:00","9798250234962","isbn_13_explicit","1","The Structural Trading Constitution","The Institutional Doctrine of Liquidity and Structural Control","Donovan Sandifer","9798250234962","","9798250234962","Markets do not move randomly. They move where liquidity must be transferred. The Structural Trading Constitution presents a structural framework for interpreting financial markets through the lens of liquidity, inventory transfer, and institutional participation. Rather than offering trading signals, strategies, or mechanical systems, this doctrine examines the underlying processes through which price moves, expands, and redistributes liquidity within decentralized markets. Across a series of structured articles, the work explores core principles including liquidity extraction, directional displacement, trapped participant dynamics, temporal liquidity windows, and structural regime classification. These concepts are presented as components of a broader interpretive architecture intended to help the reader understand how market movement emerges from the interaction between liquidity demand and institutional order execution. The framework does not attempt to predict price. Instead, it establishes a structural method for observing how liquidity is sought, how imbalances develop, and how market participation evolves across timeframes. The objective is not instruction in trade execution, but rather the cultivation of structural awareness within complex market environments. While the doctrine maintains a formal and philosophical tone, the ideas presented may resonate most strongly with discretionary traders, market structure analysts, and participants who study price behavior through liquidity, order flow, and structural narrative rather than mechanical indicators. The structural concepts discussed throughout this work intersect with areas commonly explored in price action analysis, liquidity theory, institutional order flow interpretation, and discretionary market structure trading. This publication is intended as a conceptual framework for structural market interpretation and educational discussion. It should not be understood as financial advice, investment guidance, or a recommendation to trade financial instruments. This Doctrine May Resonate With Readers Interested In: - Institutional market structure - Liquidity-based trading frameworks - Order-flow interpretation - Advanced price action theory - Structural market analysis - Philosophical approaches to speculation","","2026","2026-03","Independently Published","Business & Economics","en","https://books.google.com/books/content?id=c97m0QEACAAJ&printsec=frontcover&img=1&zoom=1&source=gbs_api","google_books","",""
"R05zEQAAQBAJ","trade execution slippage liquidity","trade execution slippage liquidity","80","7","87","2026-05-14T13:00:20+00:00","9789368680161","isbn_13_explicit","1","The Liquidity Blueprint","","Ishan Saraf","9789368680161","9368680167","9789368680161","**Unlock the True Mechanics Behind the Markets.** *The Liquidity Blueprint* isn’t just another trading book—it’s a masterclass in decoding institutional price action, liquidity engineering, and algorithmic market behavior. Designed for serious traders, this book dismantles the illusions fed to retail participants and replaces them with precision, clarity, and professional-grade strategies. Inside, you’ll uncover: * The psychological traps set by algorithms to induce poor entries * How smart money uses liquidity to engineer price movements * Proven trade models like the Judas Swing, London Continuation & NYC Expansion * Advanced concepts like SMT divergence, breaker blocks, and displacement * A full system for pre-trade planning, execution, journaling, and review * How to develop an algorithmic mindset and stay ahead of the curve Whether you’re a discretionary price action trader or building toward automated systems, this book arms you with the **mental models**, **execution frameworks**, and **refinement techniques** needed to gain consistency and edge in today’s markets. **Ideal for:** * Intermediate to advanced traders * Students of ICT and smart money concepts * Quantitative/systematic trading aspirants * Traders seeking structure, edge, and longevity Stop trading like the herd. Learn how institutions think, how algorithms trap, and how to align yourself with the real movers of the market.","98","2025","2025-07-13","Writer's Pocket","Business & Economics","en","https://books.google.com/books/content?id=R05zEQAAQBAJ&printsec=frontcover&img=1&zoom=1&edge=curl&source=gbs_api","google_books","",""
"N1eGEQAAQBAJ","trade execution slippage liquidity","trade execution slippage liquidity","80","12","92","2026-05-14T13:00:20+00:00","9783695204250","isbn_13_explicit","1","The Hidden Cost Trap: Uncovering Fees, Spreads, and Slippage—and the Simple Strategies to Keep More of Your Money","","Quentin Ashbourne","9783695204250","3695204257","9783695204250","In the world of investing and trading, the biggest drain on beginner portfolios often isn’t bad choices—it’s invisible costs. Fees, spreads, and slippage quietly eat away at returns, leaving new investors frustrated and confused. But once you know where these costs hide, you can take back control. This inspiring beginner’s guide reveals the mechanics of hidden costs in plain English. You’ll learn what fees really mean, how spreads work behind the scenes, and why slippage can turn a good trade into a costly mistake. Most importantly, you’ll discover practical strategies to minimize these traps, so more of your money stays in your hands. No hype, no jargon—just the clarity you need to make smarter, more confident financial decisions. By mastering these fundamentals, you’ll unlock one of the greatest advantages in investing: keeping more of what you earn. It’s time to stop leaking value and start building wealth with purpose. This book shows you how.","209","2025","2025-09-10","BookRix","Business & Economics","en","https://books.google.com/books/content?id=N1eGEQAAQBAJ&printsec=frontcover&img=1&zoom=1&edge=curl&source=gbs_api","google_books","",""
"OAib0QEACAAJ","trade execution slippage liquidity","trade execution slippage liquidity","80","13","93","2026-05-14T13:00:20+00:00","9798265833624","isbn_13_explicit","1","Market Microstructure & High-Frequency Trading","Building Latency-Optimized Strategies for Modern Markets: Order Book Dynamics, Smart Order Routing, and Low-Latency Execution for Quant Traders","Hayden Van Der Post, James Preston","9798265833624","","9798265833624","Reactive Publishing In modern markets, speed is alpha. Market Microstructure & High-Frequency Trading is your step-by-step guide to understanding how liquidity really works, and how to exploit it with precision. This book takes you beyond academic theory, giving you a practitioner's view of market microstructure, order book dynamics, and latency-optimized strategy design. Learn to engineer systems that operate at the speed of modern markets, from smart order routing to high-frequency execution algorithms. Inside, you'll master: Order Book Analytics, Model depth-of-book data, bid-ask dynamics, and hidden liquidity. Market Impact & Slippage Control, Minimize footprint with optimal execution algorithms and liquidity-aware sizing. Smart Order Routing, Navigate fragmented exchanges with routing logic that optimizes fills and minimizes cost. Latency Engineering, Design systems that achieve microsecond response times using co-location, low-latency networking, and efficient data pipelines. Backtesting & Simulation, Build realistic market simulators to stress-test strategies before live deployment. With hands-on Python examples and a clear focus on real-world application, this book is ideal for quant developers, traders, and researchers who want to compete at the cutting edge of electronic trading. If your goal is to capture alpha before the rest of the market reacts, this is the blueprint.","","2025","2025-09-17","Independently Published","Business & Economics","en","https://books.google.com/books/content?id=OAib0QEACAAJ&printsec=frontcover&img=1&zoom=1&source=gbs_api","google_books","",""
"ypHi0QEACAAJ","trade execution slippage liquidity","trade execution slippage liquidity","80","14","94","2026-05-14T13:00:20+00:00","9798250933865","isbn_13_explicit","1","Architecting AI Forex Trading Systems","Designing and Building an AI Day Trader System for Currency Markets","Konstantin Titov","9798250933865","","9798250933865","Artificial intelligence is changing how traders analyze financial markets, but most discussions about AI in trading stop at models or predictions. The real challenge is not simply building a machine learning model-it is designing a complete trading system that can operate within the realities of the foreign exchange market. Architecting AI Forex Trading Systems explores how artificial intelligence, data engineering, and systematic strategy design can be combined to build structured trading frameworks for modern currency markets. Rather than presenting shortcuts or ""magic algorithms,"" this book examines the architecture required to transform data into research, research into signals, and signals into executable trades. Foreign exchange markets operate as a complex global network of liquidity providers, brokers, data feeds, and execution venues. Understanding that infrastructure is essential before any AI trading system can be designed responsibly. This book explains how trading systems interact with market microstructure, liquidity conditions, transaction costs, and execution constraints that influence real trading outcomes. Inside this book, readers will explore topics including: - Designing an AI day trader system for currency markets - Building structured AI trading systems using modern data pipelines - Feature engineering techniques for forex price and macroeconomic data - Machine learning model architectures for currency forecasting and signal generation - Walk-forward testing and validation methods for algorithmic trading strategies - Risk budgeting and position sizing frameworks for systematic trading - Portfolio construction across multiple currency pairs - Execution design, slippage awareness, and order routing considerations - Monitoring, model drift detection, and system governance for live trading environments - Deploying AI trading systems with reliability, security, and operational discipline The book treats trading systems as engineered infrastructures rather than collections of indicators. Each component-from data ingestion to execution-is examined as part of a broader architecture that determines whether a strategy remains viable once it leaves the research environment. This volume is part of the AI Architecture for Forex Trading series, which explores how artificial intelligence technologies can support research workflows, systematic trading design, and data-driven decision processes in currency markets. Architecting AI Forex Trading Systems is intended for traders, developers, quantitative researchers, and technically curious investors who want to understand how AI can be integrated into structured trading systems. The goal is not to promise results, but to provide a clear framework for thinking about how modern technology interacts with real financial markets. Whether you are exploring AI trading systems, learning about AI for day trading, or studying how machine learning can be applied to forex markets, this book provides a structured perspective on designing and building modern trading architectures.","","2026","2026-03-06","Independently Published","Business & Economics","en","https://books.google.com/books/content?id=ypHi0QEACAAJ&printsec=frontcover&img=1&zoom=1&source=gbs_api","google_books","",""
"dcqv0QEACAAJ","trade execution slippage liquidity","trade execution slippage liquidity","80","16","96","2026-05-14T13:00:20+00:00","9798274427647","isbn_13_explicit","1","Reinforcement Learning for Live Market Execution","Building RL Agents with Action Penalties, Slippage Modelling, Market Impact.","Sterling Whitmore","9798274427647","","9798274427647","Reactive Publishing Execution is where theories die and real trading begins. In today's markets, microseconds matter, order books shift without warning, and liquidity evaporates the moment a trader hesitates. Reinforcement learning, built on adaptive decision-making and continuous reward optimization, has become the most powerful framework for navigating this environment. Reinforcement Learning for Live Market Execution reveals how modern quant desks design agents that learn, react, and evolve inside real-time market conditions. This is not a theoretical tour. It is a practical, institutional-grade manual for building RL-driven execution systems capable of surviving and thriving in live markets. Inside, you'll learn how to: Construct RL agents that optimize entries, exits, sizing, and timing in dynamic environments Model slippage, spread, queue position, and market impact as penalties and rewards Train policies using volatility shocks, liquidity droughts, and regime shifts Integrate RL with microstructure signals: order flow imbalance, volatility bursts, and quote dynamics Build execution engines for futures, options, and crypto using constrained decision workflows Run walk-forward simulations that mirror real-world stress conditions Deploy agents to live trading while maintaining risk controls and fail-safe overrides Each chapter focuses on durability, how to engineer models that not only backtest well, but perform reliably when the market becomes chaotic, thin, or structurally hostile. For quantitative traders, algorithm designers, and researchers seeking an advanced but accessible pathway into reinforcement learning, this book offers a complete blueprint for turning RL into a true execution edge. This is the future of live market execution, built one decision at a time.","","2025","2025-11-13","Independently Published","Business & Economics","en","https://books.google.com/books/content?id=dcqv0QEACAAJ&printsec=frontcover&img=1&zoom=1&source=gbs_api","google_books","",""
"urS70QEACAAJ","trade execution slippage liquidity","trade execution slippage liquidity","80","17","97","2026-05-14T13:00:20+00:00","9798276226606","isbn_13_explicit","1","Execution Intelligence","Building Smart Order Engines for Retail Algorithmic Traders: A Comprehensive Guide","James Preston","9798276226606","","9798276226606","Reactive Publishing Retail traders obsess over indicators, models, and backtests, but the traders who survive and scale are the ones who master execution. In modern markets, your fill quality, order logic, latency, and routing decisions matter as much as your strategy itself. Execution Intelligence is the first book that teaches retail algo traders how to build smart, adaptive order engines that actually work in live trading environments. James Preston breaks down the execution techniques used by prop firms, systematic funds, and high-efficiency quant desks, and translates them into powerful, Python-based frameworks that retail traders can use today. This book doesn't teach signals. It teaches how to turn signals into money. Inside, You'll Learn How To: - Decode market microstructure Liquidity, order books, slippage mechanics, spreads, volatility expansion, and how real markets ""behave"" underneath the chart. - Build adaptive order engines Execution logic that adjusts dynamically to volatility, liquidity conditions, time of day, and structural order flow changes. - Design smarter order types From simple market/limit workflows to pegged, discretionary, post-only, smart-limit, and hybrid order logic. - Minimize slippage & execution drag How to reduce hidden costs that destroy retail performance and distort backtest expectations. - Develop real-time execution intelligence Order-state management, midpoint logic, partial fills, re-routing, and dynamic sizing based on execution quality. - Integrate execution into your trading systems How to connect signal models to an execution layer that respects risk, latency, and state conditions. - Build a full Python execution stack Including brokers, exchanges, APIs, wrappers, retry systems, error handling, and live monitoring. Who This Book Is For This book is built for: Retail algo traders System designers Prop-firm traders Quantitative developers Anyone serious about closing the gap between backtests and live results If you've ever built a strategy that looked great in testing but fell apart in the real market, this book explains exactly why, and gives you the tools to fix it. Execution is the silent engine of every profitable system. This book teaches you how to build it.","","2025","2025-11-26","Independently Published","Computers","en","https://books.google.com/books/content?id=urS70QEACAAJ&printsec=frontcover&img=1&zoom=1&source=gbs_api","google_books","",""
"kIPd0QEACAAJ","trade execution slippage liquidity","trade execution slippage liquidity","80","18","98","2026-05-14T13:00:20+00:00","9798246580356","isbn_13_explicit","1","Nonlinear Risk Systems","Tail Events, Convexity, Path Dependency, and Stress Propagation in Trading Systems","James Preston","9798246580356","","9798246580356","Reactive Publishing Nonlinear Risk Systems is a practitioner's field manual for the risks that do not scale nicely. The ones that hide in the tails, compound through feedback loops, and only reveal themselves when your portfolio, your leverage, and the market's microstructure interact in the wrong sequence. This book explains why ""normal"" risk models break precisely when you need them most, and how to think in convexity, regime shifts, and stress propagation instead of smooth vol and stable correlations. You will learn how tail events emerge from seemingly reasonable assumptions, how path dependency turns small differences in timing into radically different outcomes, and how convex exposures (options, leverage, stop mechanics, liquidity constraints) can either protect you or accelerate losses. Using real-world trading system logic rather than ivory-tower math, James Preston shows how stress travels across instruments, venues, and constraints, creating cascades: margin calls, liquidity gaps, execution slippage, correlation spikes, and forced de-risking that feeds back into price impact. Inside, you'll build an intuition for nonlinear risk surfaces, identify hidden convexities, map dependency networks, and design stress tests that actually break systems in simulation before markets break them in production. You'll also learn how to architect portfolios and execution workflows for robustness: volatility-aware sizing, convex hedging frameworks, kill-switch logic, drawdown governors, and scenario libraries that reflect discontinuities, gaps, and clustered volatility. If you trade systematic strategies, options, leveraged portfolios, or multi-asset books, Nonlinear Risk Systems gives you the mental models and tools to stop treating tails as rounding errors and start designing trading systems that survive the regimes that end careers.","","2026","2026-02-02","Independently Published","Business & Economics","en","https://books.google.com/books/content?id=kIPd0QEACAAJ&printsec=frontcover&img=1&zoom=1&source=gbs_api","google_books","",""
"yrFbEAAAQBAJ","financial markets trading investing","financial markets trading investing|risk management trading investing","0","7","7","2026-05-14T12:48:25+00:00","yrFbEAAAQBAJ","volume_id","2","Trading and Investing for Beginners","Stock Trading Basics, High level Technical Analysis, Risk Management and Trading Psychology","Rubén Villahermosa","","","","If you have always wanted to learn how to invest in the stock market but never knew how, then read on because this book has been written for you. Investing in the stock markets is not easy, but you can learn even if you have no prior knowledge. All you need is the right resource: TRADING AND INVESTING FOR BEGINNERS. Ruben Villahermosa, Amazon bestseller and independent trader, has created this revolutionary book with which you can learn from scratch everything you need with a simple language away from technicalities. In this book you will learn... How to improve your personal economy with Financial Education. The most used financial theories. The main investment products. ALL the financial jargon, explained. The basics of Technical Analysis. 3 Technical Analysis Methodologies. 4 winning trading strategies. Key Risk Management concepts. (AWESOME) Emotional management, cognitive biases. How to develop a trading plan step by step. How to properly record and review your trades. And how to start taking your first steps. And much more...! Don't wait any longer, BUY THE BOOK NOW and discover how you too can make money in the stock market. Do you want to make money trading the stock market? In this book I tell you everything you need to Trading in the financial markets and start getting profitability from your savings. The 3 factors you need to become a winning trader or investor 1. Building a winning investment strategy In this book you will learn 4 different types of winning trading strategies that you can implement depending on the market context 2. Implement solid risk management You will apply robust money management strategies and discover advanced techniques for managing trades. 3. Maintain an appropriate market psychology. You will build a statistical and objective mindset, accepting that the market is an environment of uncertainty in which anything can happen at any time. Save Time, Effort and Money Learn about Stock Markets You will discover all the knowledge you need to understand how financial markets work: Market characteristics Main investment products Fundamental concepts and financial jargon You will learn 3 methodologies of Technical Analysis based on the study of the interaction between supply and demand: Price Action Through the study of PRlCE ACTION we will learn to identify the context in order to select the type of trading that best suits it. Volume Profile The VSA methodology identifies the intervention or absence of large traders: when they are entering or exiting, as well as the degree of interest and participation they show in the movements. Wyckoff Method The Wyckoff method focuses on the study of ranges. It tries to elucidate which force is in control and where the next move is most likely to be.","306","","","Rubén Villahermosa","Business & Economics","en","https://books.google.com/books/content?id=yrFbEAAAQBAJ&printsec=frontcover&img=1&zoom=1&edge=curl&source=gbs_api","google_books","",""
"e_G4AAAAIAAJ","financial markets trading investing","financial markets trading investing","0","14","14","2026-05-14T12:48:25+00:00","e_G4AAAAIAAJ","volume_id","1","Financial Market Liberalization","The NAFTA Framework","Olin Lewis Wethington","","","","","572","1994","1994","McGraw-Hill Companies","Business & Economics","en","https://books.google.com/books/content?id=e_G4AAAAIAAJ&printsec=frontcover&img=1&zoom=1&source=gbs_api","google_books","",""
"skQUAQAAMAAJ","financial markets trading investing","financial markets trading investing","40","18","58","2026-05-14T12:48:26+00:00","skQUAQAAMAAJ","volume_id","1","Protecting Shareholder Value","A Guide to Managing Financial Market Risk","Abraham M. George","","","","Written from the practitioner's point-of-view, this book provides a comprehensive treatment of financial market risk exposure & its impact on the value of the firm. Readers will find detailed, practical guidance on wide range of related subjects including the currency, eurocurrency, & bond markets, defining & quantifying risk exposures, hedging instruments & operational issues. George offers corporate finance professional: Tools to estimate risk exposure; Considerations in making hedging decisions & tactics for implementation; Guidelines for implementing a comprehensive exposure management program, including performance & evaluation standards.","504","1996","1996","","Business & Economics","en","https://books.google.com/books/content?id=skQUAQAAMAAJ&printsec=frontcover&img=1&zoom=1&source=gbs_api","google_books","",""
"oG0uAQAAIAAJ","financial markets trading investing","financial markets trading investing","80","1","81","2026-05-14T12:48:28+00:00","oG0uAQAAIAAJ","volume_id","1","Towards Harmonious Society","","Alfred Aisedionlen","","","","","244","1989","1989","","Business & Economics","en","https://books.google.com/books/content?id=oG0uAQAAIAAJ&printsec=frontcover&img=1&zoom=1&source=gbs_api","google_books","",""
"UMcPs3gyA6oC","financial markets trading investing","financial markets trading investing","80","4","84","2026-05-14T12:48:28+00:00","UMcPs3gyA6oC","volume_id","1","Impact of the COVID-19 Pandemic on Trade and Development","Transitioning to a New Normal","United Nations Publications","","","","The report fosters understanding of the impact of COVID-19 (coronavirus) on trade and development and reflects on actions that can propel us to the future we want. It provides up-to-date data and analysis on the impact of COVID-19 on trade and development; identifies sustained trends to characterize the ""new normal""; and provides policy recommendations to build a more resilient, inclusive and sustainable future.","124","2020","2020","","Business & Economics","en","https://books.google.com/books/content?id=UMcPs3gyA6oC&printsec=frontcover&img=1&zoom=1&source=gbs_api","google_books","",""
"5E0nAQAAIAAJ","financial markets trading investing","financial markets trading investing","80","14","94","2026-05-14T12:48:28+00:00","5E0nAQAAIAAJ","volume_id","1","American Book Publishing Record Cumulative, 1876-1949","An American National Bibliography","R.R. Bowker Company. Department of Bibliography","","","","","936","1980","1980","","United States","en","https://books.google.com/books/content?id=5E0nAQAAIAAJ&printsec=frontcover&img=1&zoom=1&source=gbs_api","google_books","",""
"1-YEAQAAIAAJ","financial markets trading investing","financial markets trading investing","80","15","95","2026-05-14T12:48:28+00:00","1-YEAQAAIAAJ","volume_id","1","Basics of Multilateral Institutions and Multinational Organizations","Economics and Commerce","G. Gregory Letterman","","","","Identifying the relevant multilateral institutions and multinational organizations involved in particular aspects of international finance and trade often proves to be difficult. This book makes that process easy while providing valuable descriptions of and insights into those institutions and organizations. Chapter topics examine multilateral institutions and organizations: - generally and their major umbrella organization--the United Nations; - concerned with national currencies, national solvency, financial institutions and securities exchange, and international financial transactions and securities; - promoting economic development; - regulating international trade; - dealing with international product and performance standards, standardized legal commercial rules, and common usages and documents through international conventions and treaties, the harmonization of national commercial laws, and accepted sectoral practices; - protecting international intellectual property rights; - managing international environmental, commodities, and natural resources matters; - resolving international disputes; and - involved with other international finance and trade matters. No other book now in print covers this topic. None is likely to ever do so with such thoroughness and clarity. Published under the Transnational Publishers imprint.","404","2002","2002","Basics of International Law","Business & Economics","en","https://books.google.com/books/content?id=1-YEAQAAIAAJ&printsec=frontcover&img=1&zoom=1&source=gbs_api","google_books","",""
"XZSPvoEQMCMC","financial markets trading investing","financial markets trading investing","80","16","96","2026-05-14T12:48:28+00:00","XZSPvoEQMCMC","volume_id","1","Monetary Policy in the Countries of the European Economic Community","Institutions and Instruments : Supplement 1974--Denmark, Ireland, United Kingdom","European Economic Community. Monetary Committee","","","","","200","1974","1974","","Banks and banking, Central","en","https://books.google.com/books/content?id=XZSPvoEQMCMC&printsec=frontcover&img=1&zoom=1&source=gbs_api","google_books","",""
"r2ymAAAAIAAJ","financial markets trading investing","financial markets trading investing","80","17","97","2026-05-14T12:48:28+00:00","r2ymAAAAIAAJ","volume_id","1","European Monetary Union","An Application of the Fundamental Principles of Monetary Theory","Georges Caravelis","","","","This study applies five basic economic principles to the reasons underlying European economic and monetary union. It aims to explain why EMU was agreed to; when it would be realized; how the monetary unit would be established; which means should implement it; and what purpose it should serve.","328","1994","1994","","Business & Economics","en","https://books.google.com/books/content?id=r2ymAAAAIAAJ&printsec=frontcover&img=1&zoom=1&source=gbs_api","google_books","",""
"KerLEQAAQBAJ","fundamental analysis valuation investing","fundamental analysis valuation investing","0","0","0","2026-05-14T12:59:38+00:00","KerLEQAAQBAJ","volume_id","1","Value Investing: A Guide for Individual Investors","","Miguel A. Muñoz","","","","Discover the investment philosophy that has created fortunes for nearly a century In a world obsessed with getting rich quick, value investing offers something completely different: a proven path to building sustainable wealth based on solid principles, rigorous analysis, and strategic patience. This book guides you step-by-step through the methodology that Benjamin Graham developed in the 1930s, that Warren Buffett perfected over decades, and that thousands of intelligent investors have successfully applied in markets around the world. What you'll learn: From fundamental concepts like margin of safety and intrinsic value, to advanced techniques for valuing companies, this book covers everything you need to know to start investing like the pros—without the jargon, without the complexity, and without promising miracles that don't exist. You'll discover how to read financial statements with a critical eye, identify undervalued companies before the market does, calculate what a business is truly worth, and most importantly, develop the psychological discipline to stick to your strategy when everyone around you is losing their heads. Inside this comprehensive guide: • The fascinating history of value investing, from Graham's pioneering work through modern applications in global markets • How to perform fundamental analysis like a Wall Street analyst, but with tools any individual investor can access • The key financial ratios and metrics that separate great investments from value traps • Practical valuation methods including discounted cash flow models, comparable analysis, and hybrid approaches • Strategies for building and managing a value-oriented portfolio that matches your risk tolerance and investment goals • The psychology of investing: how to recognize and overcome the emotional biases that destroy returns • Real-world insights from legendary investors including Warren Buffett, Charlie Munger, Seth Klarman, and other value investing masters • How to apply value principles in international markets and emerging economies • Tools and resources available to the modern value investor, from screening platforms to regulatory filings Written for beginners, valuable for everyone: Whether you're completely new to investing or looking to refine your approach, this book speaks in plain English. Complex concepts are explained through clear examples and real-world scenarios. No MBA required, no finance degree necessary—just a willingness to learn and the patience to apply what you've learned. This is not a get-rich-quick scheme. This book won't promise you'll be a millionaire by next year. It won't offer secret formulas or insider tricks. What it offers is something far more valuable: a time-tested framework for making intelligent investment decisions that compound over decades, not days. If you're tired of chasing hot stocks, if you're skeptical of market timing gurus, if you believe that investing should be about owning good businesses at fair prices rather than gambling on price movements, then this book is for you. Value investing isn't exciting. It's often boring. But it works. And for those with the discipline to stick with it, it can transform not just your portfolio, but your entire relationship with money and investing. Start your journey toward intelligent investing today.","231","","","Miguel Angel Muñoz Vara","Business & Economics","en","https://books.google.com/books/content?id=KerLEQAAQBAJ&printsec=frontcover&img=1&zoom=1&edge=curl&source=gbs_api","google_books","",""
"rRH9EAAAQBAJ","fundamental analysis valuation investing","fundamental analysis valuation investing","0","2","2","2026-05-14T12:59:38+00:00","rRH9EAAAQBAJ","volume_id","1","Value Investing Essentials: Principles, Strategies, and Insights","","Abhishek Parihar","","","","In the dynamic landscape of finance, mastering the art of value investing is paramount for those seeking to build lasting wealth. Whether you're a seasoned investor or just beginning your journey, ""Value Investing Essentials: Principles, Strategies, and Insights"" serves as your comprehensive guide to the world of value investing. Authored by renowned coach, trainer, and value investor Abhishek Parihar, this book equips you with the tools and knowledge needed to navigate the stock market with confidence and achieve your financial goals. What You'll Learn: Delve into the fundamentals of value investing and gain a deep understanding of key principles essential for successful analysis. Learn how to identify undervalued stocks, assess intrinsic value, and uncover hidden gems in the market. With practical guidance on implementing proven wealth creation strategies, you'll be able to navigate market fluctuations and build a robust investment portfolio tailored to your goals. Explore a range of strategies designed to optimize your investment approach, from value-based stock selection to portfolio diversification techniques. Real-world examples and case studies provide insights into successful investors' strategies, helping you learn from their triumphs and mistakes. Whether you're interested in long-term value appreciation or seeking to capitalize on short-term opportunities, ""Value Investing Essentials"" offers actionable insights to guide your investment decisions. Who This Book Is For: Novice Investors: Whether you're new to investing or looking to refine your skills, this book provides a clear and accessible foundation for understanding value investing principles. Intermediate Investors: Expand your knowledge base and refine your strategies with advanced techniques and insights, empowering you to take your investing game to the next level. Seasoned Investors: Deepen your understanding of the financial markets and discover proven strategies for achieving your desired wealth creation goals. Whether you're an individual investor or managing a portfolio, ""Value Investing Essentials"" offers valuable insights to enhance your investment approach. About the Author: Abhishek Parihar is a seasoned coach, trainer, and esteemed value investor with years of experience navigating the intricacies of the financial markets. With a genuine passion for empowering individuals to achieve their financial goals, Abhishek brings a wealth of knowledge and expertise to his writing. Through his dynamic coaching sessions and engaging workshops, he has inspired countless individuals to take control of their financial future and embark on the path to wealth creation through value investing. Abhishek's mission is simple yet profound: to empower individuals with the tools, knowledge, and confidence needed to navigate the complexities of the financial world and achieve lasting success. Testimonials: ""Abhishek's coaching sessions have been a game-changer for me. His deep understanding of value investing principles combined with his knack for effective communication make him an exceptional coach. Thanks to Abhishek, I've gained the confidence and knowledge to navigate the stock market with ease."" - Vinod Yadav, Sales Manager at Star Health Insurance. ""Abhishek's approach to value investing is truly refreshing. His emphasis on patience, discipline, and thorough analysis has transformed the way I approach investing. Through his guidance, I've been able to uncover hidden gems in the market and build a solid portfolio for long-term growth. I highly recommend Abhishek to anyone looking to master the art of value investing."" - Saanvi Jain, Teacher","276","2024","2024-03-28","Abhishek Parihar","Business & Economics","en","https://books.google.com/books/content?id=rRH9EAAAQBAJ&printsec=frontcover&img=1&zoom=1&edge=curl&source=gbs_api","google_books","",""
"leX6EAAAQBAJ","fundamental analysis valuation investing","fundamental analysis valuation investing","0","3","3","2026-05-14T12:59:38+00:00","leX6EAAAQBAJ","volume_id","1","Stock Market Investing Course","","Brian Smith","","","","This stock market investing course provides a comprehensive guide for beginners looking to enter the world of stock market investing. It covers the fundamentals of stocks, the importance of investing, and the history of the stock market. Readers will learn how to set investment goals, understand risk and return, and choose a stockbroker. The course delves into both fundamental and technical analysis, teaching readers how to evaluate financial statements, analyze company performance, and assess economic indicators. Various stock valuation methods, such as price-to-earnings ratio and discounted cash flow analysis, are explained in detail. Investment strategies, including long-term and short-term investing, value investing, and growth investing, are explored. The course also covers portfolio management topics such as diversification, asset allocation, and rebalancing strategies. Readers will gain an understanding of market trends, investment risks, and strategies to mitigate them. Building and managing a stock portfolio is thoroughly explained, along with leveraging investment tools and resources such as financial news websites, stock screeners, and investment apps. Additionally, the course discusses tax implications of stock market investing, ethical and socially responsible investing, market psychology, and advanced stock market strategies like options trading, short selling, and hedging strategies. Overall, this course equips readers with the knowledge and skills needed to confidently navigate the stock market and make informed investment decisions.","44","","","THE PUBLISHER","Business & Economics","en","https://books.google.com/books/content?id=leX6EAAAQBAJ&printsec=frontcover&img=1&zoom=1&edge=curl&source=gbs_api","google_books","",""
"NaMQEQAAQBAJ","fundamental analysis valuation investing","fundamental analysis valuation investing","0","4","4","2026-05-14T12:59:38+00:00","NaMQEQAAQBAJ","volume_id","1","Mastering Stock Market Investing: From History to Strategy","","HECTOR J. M","","","","""Mastering Stock Market Investing: From History to Strategy"" is an in-depth exploration of the world of stock market investments, offering both novice and experienced investors a thorough understanding of essential concepts and strategies. The book begins with an introduction to stock market investing, tracing its history and elucidating its benefits. It covers fundamental topics such as stock market indices, types of participants, and the roles they play. The guide extensively covers fundamental analysis, including financial statement analysis, ratio analysis, and benchmarking, essential for evaluating stock performance. Technical analysis is also explored, with detailed explanations of chart patterns, indicators, and market trend identification. The book delves into different investment philosophies, including value investing, growth investing, and dividend investing, providing strategies for identifying undervalued stocks, growth stocks, and dividend-paying stocks. It also addresses risk management strategies and portfolio management techniques, crucial for optimizing investment returns while managing risks. Furthermore, the guide discusses taxation implications, regulatory frameworks, and the complexities of investing in international markets, including the use of options, futures, and ETFs.","258","2024","2024-06-28","HECTOR J. M","Business & Economics","en","https://books.google.com/books/content?id=NaMQEQAAQBAJ&printsec=frontcover&img=1&zoom=1&edge=curl&source=gbs_api","google_books","",""
"7QVFAAAAYAAJ","fundamental analysis valuation investing","fundamental analysis valuation investing","0","11","11","2026-05-14T12:59:38+00:00","7QVFAAAAYAAJ","volume_id","1","Fundamentals of Investment Management","","Geoffrey A. Hirt, Stanley B. Block","","","","1 The Investment Setting 4 2 Security Markets: Present and Future 28 3 Participating in the Market 63 4 Sources of Investment Information 92 5 Economic Activity 132 6 Industry Analysis 156 7 Valuation of the Individual Firm 180 8 Financial Statement Analysis 210 9 A Basic View of Technical Analysis Market Efficiency 254 10 Investments in Special Situations 281 11 Bonds and Fixed-Income Fundamentals 310 12 Principles of Bond Valuation and Investment 344 13 Duration and Reinvestment Concepts 374 14 Convertible Securities and Warrants 397 15 Put and Call Options 424 16 Commodities and Financial Futures 458 17 Stock Index Futures and Options 482 18 International Securities Markets 508 19 Mutual Funds 538 20 Investments in Real Assets 570 21 A Basic Look at Portfolio Management and Capital Market Theory 592 22 Measuring Risks and Returns of Portfolio Managers 627 Appendixes 649 Glossary 677 Index 697.","814","1990","1990","Irwin Professional Publishing","Business & Economics","en","https://books.google.com/books/content?id=7QVFAAAAYAAJ&printsec=frontcover&img=1&zoom=1&source=gbs_api","google_books","",""
"TnoeAQAAIAAJ","fundamental analysis valuation investing","fundamental analysis valuation investing","0","15","15","2026-05-14T12:59:38+00:00","TnoeAQAAIAAJ","volume_id","1","Fundamentals of Investments","","Gordon J. Alexander, William F. Sharpe, Jeffery V. Bailey","","","","This introductory text provides a clear framework for understanding and analyzing securities. It also covers the major institutional features and theories of investing in the current economy. This edition has a more international perspective, reflecting the authors' belief that the field of investment is destined to become more global than it currently is.","904","1993","1993","","Business & Economics","en","https://books.google.com/books/content?id=TnoeAQAAIAAJ&printsec=frontcover&img=1&zoom=1&source=gbs_api","google_books","",""
"ctoTAQAAIAAJ","fundamental analysis valuation investing","fundamental analysis valuation investing","40","0","40","2026-05-14T12:59:40+00:00","ctoTAQAAIAAJ","volume_id","1","Investing in the Nigerian Capital Market","","Suleiman Akwu-Odo Salihu Aruwa","","","","","128","2007","2007","","Capital market","en","https://books.google.com/books/content?id=ctoTAQAAIAAJ&printsec=frontcover&img=1&zoom=1&source=gbs_api","google_books","",""
"qKBzRDHHD2IC","fundamental analysis valuation investing","fundamental analysis valuation investing","40","1","41","2026-05-14T12:59:40+00:00","qKBzRDHHD2IC","volume_id","1","Valuing Financial Institutions","","Z. Christopher Mercer","","","","","680","1991","1991","McGraw-Hill Professional Publishing","Business & Economics","en","https://books.google.com/books/content?id=qKBzRDHHD2IC&printsec=frontcover&img=1&zoom=1&source=gbs_api","google_books","",""
"OugJAQAAMAAJ","fundamental analysis valuation investing","fundamental analysis valuation investing","40","2","42","2026-05-14T12:59:40+00:00","OugJAQAAMAAJ","volume_id","1","Electronic Swing Trading for Maximum Profit","Discover the Professional Trading Strategy that Combines Day Trading with Long-term Investing Techniques","Misha T. Sarkovich","","","","With this first book dedicated to electronic swing trading, swing traders can find the keys to take their trading skills to the next level. Trading expert Sarkovich describes in simple steps how swing traders can use complex stock analysis tools to trade like pros from home and increase profit on their short-term investments.","456","2000","2000","Prima Lifestyles","Business & Economics","en","https://books.google.com/books/content?id=OugJAQAAMAAJ&printsec=frontcover&img=1&zoom=1&source=gbs_api","google_books","",""
"SGYPAQAAMAAJ","fundamental analysis valuation investing","fundamental analysis valuation investing","40","3","43","2026-05-14T12:59:40+00:00","SGYPAQAAMAAJ","volume_id","1","Practical Investment Management","","Robert A. Strong","","","","This text is intended for students studying investments for the first time and assumes that the student is familiar with basic finance concepts. Very practical and applied, it is comprehensive enough for those who plan to become CFAs, but remains user-friendly due to its clarity of explanation and its pedagogy.","604","2001","2001","South Western Educational Publishing","Business & Economics","en","https://books.google.com/books/content?id=SGYPAQAAMAAJ&printsec=frontcover&img=1&zoom=1&source=gbs_api","google_books","5","1"
"3OAJAQAAMAAJ","fundamental analysis valuation investing","fundamental analysis valuation investing","40","4","44","2026-05-14T12:59:40+00:00","3OAJAQAAMAAJ","volume_id","1","Active Asset Allocation","Gaining Advantage in a Highly Efficient Stock Market","Walter R. Good, Jack R. Meyer","","","","This pioneering book provides professional investors with an innovative approach to stock market valuation and portfolio management. Refuting the common notion that passive investing and active management are mutually exclusive, three top investors show how to combine both for maximum results. 105 illus.","328","1993","1993","McGraw-Hill Companies","Business & Economics","en","https://books.google.com/books/content?id=3OAJAQAAMAAJ&printsec=frontcover&img=1&zoom=1&source=gbs_api","google_books","",""
"FvwJAQAAMAAJ","fundamental analysis valuation investing","fundamental analysis valuation investing","40","9","49","2026-05-14T12:59:40+00:00","FvwJAQAAMAAJ","volume_id","1","Investing with Exchange-Traded Funds Made Easy","Higher Returns with Lower Costs--Do It Yourself Strategies Without Paying Fund Managers","Marvin Appel","","","","“Do not hesitate to buy this book, it will make you money!” --Ike Iossif,President/Chief Investment Officer,Aegean Capital Group, Inc. ETFs offer exceptionally low expenses, outstanding performance, and unparalleled transparency. But, the number and variety of choices can be overwhelming. Now, one of the field's leading experts cuts through the ETF hype, offering a start-to-finish plan for choosing the right ETFs and using them to beat the market, year after year. Dr. Marvin Appel explains exactly how ETFs work, what they can and cannot do, and why they’re not all equally attractive. Then, drawing on objective data and proven, back-tested strategies, he shows you how you can quickly move into the right ETFs at the right time, consistently staying on the winning side of major market trends. Appel illuminates every facet of ETF investing: quantifying potential risk and reward, using ETFs to improve diversification, implementing simple ”active strategies,” deciding when to move into cash, and more. He also presents a full chapter on international ETF investing, as well as a discussion on how ETF investing can reduce your taxes. From start to finish, this book candidly assesses risks, costs, and rewards, helping you become an informed ETF consumer and a powerfully effective ETF investor. Use ETFs to invest like the big players Drive down costs and fully leverage diversification, the only “free lunch” on Wall Street Learn what your investment advisors won’t tell you The objective truth about ETF costs, risks, and opportunities Build your “one-decision” portfolio Profitable investing has never been this easy Drive even greater profits with proven “active” strategies Simple asset allocation strategies you can implement in just minutes Choose ETFs that match your investment style Build a profitable portfolio you’re comfortable with “Today, exchange-traded funds are the most innovative and rapidly growing investment vehicles. Marvin Appel’s new book provides, in a highly readable framework, a wealth of information on what they are and–more importantly–how private and professional investors can use them to build wealth through a simple and easy-to-implement investment program.” –C. Michael Carty, Principal and Chief Investment Officer, New Millennium Advisors, LLC “In the ever-expanding complex world of ETFs, Marvin Appel has cut through all the fluff and created a one-stop guide to not only using them, but using them profitably. The sections on diversification and the use of relative strength in comparing asset classes are invaluable. Individual investors and financial advisors alike will get a significant return on investment by spending time with this book.” –Bob Kargenian, CMT, President/Principal, TABR Capital Management, LLC The first step-by-step investment program built around low-cost, top-performance ETFs! Back-tested, verifiable strategies from one of the world’s leading ETF experts! All you need is a discount brokerage account, a few minutes on the Internet each month, and this book! ETFs give investors the best of all worlds: instant diversification, unprecedented flexibility for profiting from market shifts, and incredibly low costs. Now, there’s a step-by-step, plain-English guide to profiting from ETFs from one of the world’s leading experts. Chapter 1 Exchange-Traded Funds (ETFs): Now Individuals Can Invest Like the Big Players Chapter 2 The Multifaceted Stock Market: A Guide to Different Investment Styles Chapter 3 A One-Step Strategy for Selecting Superior Investments: Indexing Chapter 4 Investment Risk: A Visit to the Dark Side Chapter 5 How Well Are Your Investments Really Doing? Risk-Adjusted Performance Chapter 6 Diversification: The Only Free Lunch on Wall Street Chapter 7 The One-Decision Portfolio Chapter 8 When to Live Large: An Asset Allocation Model for Small- Versus Large-Cap ETFs Chapter 9 Boring Bargains or Hot Prospects? Choosing Between Growth and Value ETFs Chapter 10 When Is It Safe to Drink the Water? International Investing Chapter 11 What Bonds Can Tell You About Stocks: How to Use Interest Rates Chapter 12 It’s a Jungle Out There: Selecting from Among Different ETFs with Similar Investment Objectives Chapter 13 The Ultimate ETF Investment Program in Just 30 Minutes Per Month Appendix Internet Resources for ETF Investors Index","280","2007","2007","Financial Times/Prentice Hall","Business & Economics","en","https://books.google.com/books/content?id=FvwJAQAAMAAJ&printsec=frontcover&img=1&zoom=1&source=gbs_api","google_books","3","1"
"gk4UAQAAMAAJ","fundamental analysis valuation investing","fundamental analysis valuation investing","40","10","50","2026-05-14T12:59:40+00:00","gk4UAQAAMAAJ","volume_id","1","Value Investing Today","","Charles H. Brandes","","","","Updated data and insights to help value investors address the realities of today's markets On the heels of recent stock market tumbles and deceptions, value investing--the staple of investing greats from Benjamin Graham to Warren Buffett--has roared back into the spotlight. ""Value Investing Today ""returns with a new edition, filled with updated information and advice to give investors the skills and knowledge to become successful value investors. Broader in scope than previous editions, this third edition offers fresh lessons investors can use to uncover stocks that are, for whatever reason, underpriced in relation to their value. Updates to this edition include: New chapters on the psychology of investing and corporate governance Expanded discussions on the importance of margin of safety Increased correlations among world markets, and how to capitalize on them","186","1989","1989","Irwin Professional Publishing","Business & Economics","en","https://books.google.com/books/content?id=gk4UAQAAMAAJ&printsec=frontcover&img=1&zoom=1&source=gbs_api","google_books","",""
"vna3AAAAIAAJ","fundamental analysis valuation investing","fundamental analysis valuation investing","40","12","52","2026-05-14T12:59:40+00:00","vna3AAAAIAAJ","volume_id","1","Investment Banking and Investment Opportunities in China","A Comprehensive Guide for Finance Professionals","K. Thomas Liaw","","","","Publisher description","584","2007","2007-07-27","John Wiley & Sons","Business & Economics","en","https://books.google.com/books/content?id=vna3AAAAIAAJ&printsec=frontcover&img=1&zoom=1&source=gbs_api","google_books","",""
"QouyAAAAIAAJ","fundamental analysis valuation investing","fundamental analysis valuation investing","40","13","53","2026-05-14T12:59:40+00:00","QouyAAAAIAAJ","volume_id","1","Finance and Investment Handbook","","John Downes, Jordan Elliot Goodman","","","","Previous editions of this comprehensive reference book have been called arequired reading for students, investors, and writersa by"" USA Today,"" and aa teeming reservoir of informationa by the"" Oakland Tribune."" Updated to reflect the 2006 investment climate, the new edition of Barronas"" Finance and Investment Handbook"" presents a financial dictionary of more than 5,000 terms, an analysis of many current investment opportunities, guidelines for non-experts on what to look for when reading corporate reports and financial news sources, an up-to-date directory of hundreds of publicly traded corporations in the United States and Canada, and a directory listing the names and addresses of brokerage houses, mutual funds families, banks, federal and state regulators, and other major financial institutions. Here in one big volume is indispensable information for planning and maintaining a healthy investment portfolio.","1314","2003","2003-03","Barron's Educational Series, Incorporated","Business & Economics","en","https://books.google.com/books/content?id=QouyAAAAIAAJ&printsec=frontcover&img=1&zoom=1&source=gbs_api","google_books","",""
"KIsrAQAAMAAJ","fundamental analysis valuation investing","fundamental analysis valuation investing","40","14","54","2026-05-14T12:59:40+00:00","KIsrAQAAMAAJ","volume_id","1","The Intelligent Guide to Stock Market Investment","","Kevin Keasey, Robert Hudson, Kevin Littler","","","","This comprehensive guide to the theory and practice of stock market investment explains in a clear accessible style the techniques, risks and potential rewards of stock market investment. Written by a leading team of financial researchers, it provides the reader with a sophisticated synthesis of current investment knowledge, drawn both from the latest academic research and the professional investment world. Avoiding simplistic and unrealistic formulae to success, this book gives a balanced assessment of the various approaches to investment and thorough understanding of the way in which the stock market works that will enable readers to take control of their own financial future.","332","1998","1998","John Wiley & Sons","Business & Economics","en","https://books.google.com/books/content?id=KIsrAQAAMAAJ&printsec=frontcover&img=1&zoom=1&source=gbs_api","google_books","",""
"g21aAAAAYAAJ","fundamental analysis valuation investing","fundamental analysis valuation investing","40","17","57","2026-05-14T12:59:40+00:00","g21aAAAAYAAJ","volume_id","1","Value Investing with the Masters","Revealing Interviews with 20 Market-beating Managers who Have Stood the Test of Time","Kirk Kazanjian","","","","An investment expert presents revealing interviews with 20 market-beating managers who've stood the test of time and become leading value stock pickers.","342","2002","2002","Prentice Hall Press","Business & Economics","en","https://books.google.com/books/content?id=g21aAAAAYAAJ&printsec=frontcover&img=1&zoom=1&source=gbs_api","google_books","",""
"a20PAQAAMAAJ","fundamental analysis valuation investing","fundamental analysis valuation investing","80","2","82","2026-05-14T12:59:42+00:00","a20PAQAAMAAJ","volume_id","1","Financial Institutions, Investments, and Management","An Introduction","Herbert B. Mayo","","","","A well-written, well-illustrated survey of the field of finance covering the three major components of the discipline: financial institutions, investments, and financial management. The text is designed for the beginning student with minimal or no background in finance or related topics. Relevant economic and accounting concepts are either reviewed or treated as if the student has no prior exposure. The text is paperback represents a great value as it is less expensive than competitors.","740","2001","2001","South Western Educational Publishing","Business & Economics","en","https://books.google.com/books/content?id=a20PAQAAMAAJ&printsec=frontcover&img=1&zoom=1&source=gbs_api","google_books","",""
"GeYJAQAAMAAJ","fundamental analysis valuation investing","fundamental analysis valuation investing","80","5","85","2026-05-14T12:59:42+00:00","GeYJAQAAMAAJ","volume_id","1","Investing with the Insiders, Legally","","Aaron B. Feigen, Donald James Christensen","","","","","280","1988","1988","Simon & Schuster","Business & Economics","en","https://books.google.com/books/content?id=GeYJAQAAMAAJ&printsec=frontcover&img=1&zoom=1&source=gbs_api","google_books","",""
"su0JAQAAMAAJ","trade execution slippage liquidity","fundamental analysis valuation investing|trade execution slippage liquidity","40","12","52","2026-05-14T13:00:18+00:00","su0JAQAAMAAJ","volume_id","2","The Psychology of Electronic Trading","The Power to Trade","Brendon C. W. Seeto","","","","In the last few years, traders have experienced fundamental changes in the markets as many global exchanges, financial institutions, and brokers have migrated to electronic platforms. Psychology of Electronic Trading gives investors the tools and knowledge they need to understand and make the most of these new technologies. This book helps readers understand new approaches to cash management, decision-making, and controlling emotions; introduces and explains the key processes used when trading through an electronic interface; and discusses how technology is changing the way we do business.","236","2004","2004-05-20","","Business & Economics","en","https://books.google.com/books/content?id=su0JAQAAMAAJ&printsec=frontcover&img=1&zoom=1&source=gbs_api","google_books","",""
"gxsWAQAAMAAJ","fundamental analysis valuation investing","fundamental analysis valuation investing","80","11","91","2026-05-14T12:59:42+00:00","gxsWAQAAMAAJ","volume_id","1","British Financial Markets and Institutions","An International Perspective","Jenifer Piesse, K. V. Peasnell, Charles W. R. Ward","","","","An introductory to intermediate level text which adopts an international perspective in providing broad and analytical coverage of the structure and operation of the principal British financial markets and institutions. It also includes material on issues of small business finance, corporate and institutional governance, regulation and harmonization, and overviews of the financial systems of the emergent and major foreign markets, including Japan and the US. The text contains numerous examples and illustrtations, a glossary of terms, annotated futher reading and end-of-chapter questions and problems.","384","1995","1995","Financial Times/Prentice Hall","Business & Economics","en","https://books.google.com/books/content?id=gxsWAQAAMAAJ&printsec=frontcover&img=1&zoom=1&source=gbs_api","google_books","5","1"
"sgVDAAAAIAAJ","fundamental analysis valuation investing","fundamental analysis valuation investing","80","13","93","2026-05-14T12:59:42+00:00","sgVDAAAAIAAJ","volume_id","1","Fundamentals of Investment","","Samuel O. Rice","","","","","408","1925","1925","","Investments","en","https://books.google.com/books/content?id=sgVDAAAAIAAJ&printsec=frontcover&img=1&zoom=1&source=gbs_api","google_books","",""
"JlLtAAAAMAAJ","fundamental analysis valuation investing","fundamental analysis valuation investing","80","18","98","2026-05-14T12:59:42+00:00","JlLtAAAAMAAJ","volume_id","1","The Pension Plan Investor","A Guide for Fund Managers and Sponsors in Today's Complex and Uncertain Times","Daniel M. Kehrer","","","","","296","1991","1991","Irwin Professional Publishing","Business & Economics","en","https://books.google.com/books/content?id=JlLtAAAAMAAJ&printsec=frontcover&img=1&zoom=1&source=gbs_api","google_books","",""
"AyAjCpE6G04C","technical analysis trading markets","technical analysis trading markets","0","11","11","2026-05-14T12:38:01+00:00","AyAjCpE6G04C","volume_id","1","Technical Analysis of the Futures Markets","A Comprehensive Guide to Trading Methods and Applications","John J. Murphy","","","","Designed to meet the need for a logical, sequential reference on the subject, this book describes - for beginners and more experienced traders alike - the concepts of technical analysis and their applications. The author interprets the role of technical forecasters and explains how they apply their techniques to the futures markets.","584","1986","1986","Prentice Hall Press","Business & Economics","en","https://books.google.com/books/content?id=AyAjCpE6G04C&printsec=frontcover&img=1&zoom=1&source=gbs_api","google_books","",""
"yQwwBwAAQBAJ","technical analysis trading markets","technical analysis trading markets","0","17","17","2026-05-14T12:38:01+00:00","yQwwBwAAQBAJ","volume_id","1","Technical Analysis Of Stock Market For Beginners","Fundamental Of Stocks : Analysis Stock Trading Tips N Guided Book","Stock Market Guru","","","","Technical Analysis Of Stock Market For Beginners : This outstanding reference has already taught thousands of traders the concepts of technical analysis and their application in the futures and stock markets. Covering the latest developments in computer technology, technical tools, and indicators, the second edition features new material on candlestick charting, intermarket relationships, stocks and stock rotation, plus state-of-the-art examples and figures. From how to read charts to understanding indicators and the crucial role technical analysis plays in investing, readers gain a thorough and accessible overview of the field of technical analysis, with a special emphasis on futures markets. Revised and expanded for the demands of today's financial world, this book is essential reading for anyone interested in tracking and analyzing market behavior. This book contains the following topics that will guide you through the path of Technical Analysis Of Stock Market. Table of Contents Chapter 1 A Good Trader Chapter 2 Traders vs. Investors Chapter 3 Types of Traders Market Participants. Retail Investors: HNIs: Institutional Investors: Arbitrageurs: Speculators: Jobbers: Traders Type (Time basis). Scalpers Day Traders Swing Traders Position Traders – Chapter 4 Trading Styles Trend Trading. What is a Trend? What are types of Trends? Advantages of Trend Trading: Swing Trading What is Swing Trading? How does Swing Trading work? What are the advantages of Swing Trading? Chapter 5 The How, When and What of a Trade What Kind of a Trader Are You? The Novice The Student The Sceptic The Oracle The Trader How to Trade Like a Master Trading Only High Probability Opportunities Never Over-Trade. Find a Shoe That Fits Your Size. Timing the Markets. Your Trade Should Fit the Type of Stock You are Trading Fundamental Stocks Technical Stocks Supply Choke or 'Punting' Markets How Many Open Trades at a Time? Chapter 6 Risk Control: How to Stop Losses and Protect Your Gains Why Some Traders Don't Use Stop Losses Stop Loss General Rule Trailing Stop Loss Stop Losses for Volatile Stocks Using Stop Losses to Protect Your Profits Stop Losses When Markets Open with Gaps Stop Losses When a Stock is Being Manipulated Chapter 7 The Art Of Reading Charts Candlestick Charts Overbought/ Oversold Overload Gaps in Candlestick Charts Breakaway Gaps: Continuation Gaps: Exhaustion Gap: Weekly Charts-- For a Longer Trading Position Using Hourly Charts 41 Be With the Stock On the 'West Side' and Let it Go On the 'East Side'. Chapter 8 Trading Strategies Never Fight the Market Don't Trade When You Don't Have Any Edge Trading Pitfalls-- and How to Avoid Them How much should you trade? Buy High, Sell Higher Going for the Jugular Trade Trade With What You Can Afford to Lose When Day Trading, Be a Fruit Vendor. Winning the Game of Odds Secrets of Open Interest Riding the Longer Cycle Consensus Indicators Channel Trading Systems Improving Your Odds Trading the Different Types of Rallies Short Covering Rally Long Term Rally Sectoral Rally The Successful Trader's Psychology Trading Replicates the Behaviour of Fish Stop Blaming Others Don't Have Preconceived Notions About the Market's Direction Reading the Mind of Others Who are Trading Your Stocks Beware the Trading Minefields Trading Secrets from the Masters","132","","","Stock Market Guru","Business & Economics","en","https://books.google.com/books/content?id=yQwwBwAAQBAJ&printsec=frontcover&img=1&zoom=1&edge=curl&source=gbs_api","google_books","",""
"ZRzJoUYAYFoC","technical analysis trading markets","technical analysis trading markets","0","18","18","2026-05-14T12:38:01+00:00","ZRzJoUYAYFoC","volume_id","1","The Day Trader's Manual","Theory, Art, and Science of Profitable Short-Term Investing","William F. Eng","","","","Presents day traders with a systematic and rational framework for decision-making in the futures, options and equities markets. Offers complete coverage of day-trading methods including price, time and volume analysis techniques, money and position management strategies, trading systems, computerized trading tactics and much more.","352","1993","1993","","Business & Economics","en","https://books.google.com/books/content?id=ZRzJoUYAYFoC&printsec=frontcover&img=1&zoom=1&source=gbs_api","google_books","",""
"zlAUAQAAMAAJ","technical analysis trading markets","technical analysis trading markets","40","4","44","2026-05-14T12:59:44+00:00","zlAUAQAAMAAJ","volume_id","1","Jake Bernstein's Facts on Futures","Insights and Strategies for Winning in the Futures Markets","Jacob Bernstein","","","","Getting started: myths and realities of the futures markets; Disciplirity and traing; The mechanics of trading; Advanced trading ...","356","1987","1987","Irwin Professional Publishing","Business & Economics","en","https://books.google.com/books/content?id=zlAUAQAAMAAJ&printsec=frontcover&img=1&zoom=1&source=gbs_api","google_books","",""
"3tgpAQAAMAAJ","technical analysis trading markets","technical analysis trading markets","40","6","46","2026-05-14T12:59:44+00:00","3tgpAQAAMAAJ","volume_id","1","How the Average Investor Can Use Technical Analysis for Stock Profits","An In-depth Work on Stock Market Technical Analysis, Mob Psychology, and Fundamentals","James Dines","","","","","630","1972","1972","","Group behaviour","en","https://books.google.com/books/content?id=3tgpAQAAMAAJ&printsec=frontcover&img=1&zoom=1&source=gbs_api","google_books","",""
"x9SwAAAAIAAJ","technical analysis trading markets","technical analysis trading markets","40","7","47","2026-05-14T12:59:44+00:00","x9SwAAAAIAAJ","volume_id","1","International Money and Foreign Exchange Markets","An Introduction","Julian Walmsley","","","","This text provides comprehensive coverage of day-to-day financial management and control issues for undergraduate students in economics, finance and business.","280","1996","1996-07-10","John Wiley & Sons","Business & Economics","en","https://books.google.com/books/content?id=x9SwAAAAIAAJ&printsec=frontcover&img=1&zoom=1&source=gbs_api","google_books","",""
"N6CxAAAAIAAJ","technical analysis trading markets","technical analysis trading markets","40","18","58","2026-05-14T12:59:44+00:00","N6CxAAAAIAAJ","volume_id","1","The Valuation of Shares and the Efficient-markets Theory","","Michael Arthur Firth","","","","","202","1977","1977","","Business & Economics","en","https://books.google.com/books/content?id=N6CxAAAAIAAJ&printsec=frontcover&img=1&zoom=1&source=gbs_api","google_books","",""
"9FGyAAAAIAAJ","technical analysis trading markets","technical analysis trading markets","80","1","81","2026-05-14T12:59:45+00:00","9FGyAAAAIAAJ","volume_id","1","How Well Do Foreign Exchange Markets Function","Might a Tobin Tax Help?","Jeffrey A. Frankel","","","","Figures for 1995 estimate trading by dealers in the foreign exchange market at over $1,200 billion per day, most of it with other dealers. Some have linked this volume to concerns of excessive volatility in the market. Tobin's proposal to address this volatility with a small tax on all foreign exchange transactions has not received the serious attention it deserves. The paper argues that a better case can be made for the proposition that the tax might dampen exchange rate volatility than most economists believe. Calculations show that the tax, unlike some forms of capital control, would fall far more heavily on short-term transactions than long-term. Survey data and a simple model suggest, in turn, that short-term activity can be destabilizing. The paper also offers crude estimates of the revenue that would be raised from the Tobin tax. It is left to other authors to examine a major shortcoming of the proposal, enforceability.","74","1996","1996","","Foreign exchange futures","en","https://books.google.com/books/content?id=9FGyAAAAIAAJ&printsec=frontcover&img=1&zoom=1&source=gbs_api","google_books","",""
"XYYhzUWOs78C","technical analysis trading markets","technical analysis trading markets","80","2","82","2026-05-14T12:59:45+00:00","XYYhzUWOs78C","volume_id","1","Booms and busts","an encyclopedia of economic history from Tulipmania of the 1630s to the global financial crisis of the 21st century","James Ciment","","","","Explores three centuries of good times and hard times in major economies throughout the world. This title includes more than 400 signed articles that cover events from Tulipmania during the 1630s to the US federal stimulus package of 2009, and introduce readers to underlying concepts, recurring themes, major institutions, and notable figures.","328","2010","2010","Routledge","Business & Economics","en","https://books.google.com/books/content?id=XYYhzUWOs78C&printsec=frontcover&img=1&zoom=1&source=gbs_api","google_books","",""
"UdbBAAAAIAAJ","trading psychology behavioral finance","technical analysis trading markets|trading psychology behavioral finance","40","1","41","2026-05-14T12:53:22+00:00","UdbBAAAAIAAJ","volume_id","2","Behavioral Finance","","Joachim Goldberg, Rüdiger von Nitzsch","","","","This fascinating book explains the new science of behavioral finance. It demonstrates clearly how behavior-orientated analysis of the financial markets can explain and account for fundamental principles in technical analysis. The book is divided into the following chapters, each offering practical analysis and advice; Forecasts, An analysis of exposure, Dams to combat the flood of information, Everything is relative, People like to see themselves in a favorable light, Everyone is different and Free advice - valuable tips for successful trades.","250","2001","2001-03-30","Wiley","Business & Economics","en","https://books.google.com/books/content?id=UdbBAAAAIAAJ&printsec=frontcover&img=1&zoom=1&source=gbs_api","google_books","",""
"7583AAAAMAAJ","technical analysis trading markets","technical analysis trading markets","80","7","87","2026-05-14T12:59:45+00:00","7583AAAAMAAJ","volume_id","1","Writer's Market, 1997","Where and How to Sell What You Write","Kirsten C. Holm","","","","Includes names, addresses, submission requirements plus articles, interviews, advice and tips on how to contact editors.","1028","1996","1996","Writer's Digest Books","Language Arts & Disciplines","en","https://books.google.com/books/content?id=7583AAAAMAAJ&printsec=frontcover&img=1&zoom=1&source=gbs_api","google_books","",""
"0UIUAQAAMAAJ","technical analysis trading markets","technical analysis trading markets","80","10","90","2026-05-14T12:59:45+00:00","0UIUAQAAMAAJ","volume_id","1","Timing the Market","How to Profit in Bull and Bear Markets with Technical Analysis","Curtis M. Arnold","","","","How to profit in Bull and Bear markets with technical analysis. This groundbreaking work discusses all the major technical indicators and shows how to put the indicators together in order to provide excellent buy and sell signals in any market. One of the best-written, most accessible books on technical analysis ever published.","294","1993","1993","","Business & Economics","en","https://books.google.com/books/content?id=0UIUAQAAMAAJ&printsec=frontcover&img=1&zoom=1&source=gbs_api","google_books","",""
"WrwWvgL1YRkC","technical analysis trading markets","technical analysis trading markets","80","12","92","2026-05-14T12:59:45+00:00","WrwWvgL1YRkC","volume_id","1","The Corporation Trust Company's Federal Trade Commission Service: Docket of complaints; Stipulations","","Corporation Trust Company","","","","","888","1926","1926","","Antitrust law","en","https://books.google.com/books/content?id=WrwWvgL1YRkC&printsec=frontcover&img=1&zoom=1&edge=curl&source=gbs_api","google_books","",""
"BJUpAQAAMAAJ","technical analysis trading markets","technical analysis trading markets","80","15","95","2026-05-14T12:59:45+00:00","BJUpAQAAMAAJ","volume_id","1","Financial Futures","Practical Applications for Financial Institutions","Carroll R. Melton, Terry Vance Pukula","","","","Managing interest rate risk is an important element of a financial managers job. This book exlains how to use the financial futures market to manage interest rate risk by implementing such hedging stratgies as fixed-rate loans, mortgages, GNMA's and loan commitments.","328","1984","1984","","Business & Economics","en","https://books.google.com/books/content?id=BJUpAQAAMAAJ&printsec=frontcover&img=1&zoom=1&source=gbs_api","google_books","",""
"Iw5BDwAAQBAJ","risk management trading investing","risk management trading investing","0","5","5","2026-05-14T12:59:47+00:00","Iw5BDwAAQBAJ","volume_id","1","Risk Management for Forex Trading Beginners","Tips for Managing Risk in Forex Trading for Beginners","J.R. Bosanko","","","","Risk Management for Forex Trading Beginners is for all beginning aspiring investors and traders who are just getting their head around doing the day trading and swing trading business. Everyone has their own ideas of what they think day trading and swing trading are and what it can do for them. Risk Management for Forex Trading Beginners is for people who want to start their own business and become investors and traders in today’s financial markets, but have zero experience and are looking for the best quality information to get them started. The learning curve in this business and it is a business can be long, brutal and very very expensive if you learn the wrong way. Risk Management for Forex Trading Beginners aims to tell you how do study it the right way the first time and greatly reduce the long learning curve. My hope from Risk Management for Forex Trading Beginners is that you understand how important it is to have a competitive edge when putting your hard earned money at risk in the markets. Each day, the wealth from trader accounts is transferred from those without an edge into the accounts of those who have developed that all needed important winning edge. Which one do you want to be? When you are done reading Risk Management for Forex Trading Beginners you will have an excellent basic explanation of what and what not to do before you even study anything or do any kind of education. The information in this book will put you on the fast track to becoming a successful self-directed investor and trader with very little money invested other than the cost of this book, learning it Harvard or Columbia business school would cost one hundred thousand dollars or more.","178","","","","Business & Economics","en","https://books.google.com/books/content?id=Iw5BDwAAQBAJ&printsec=frontcover&img=1&zoom=1&edge=curl&source=gbs_api","google_books","",""
"rvMJAQAAMAAJ","risk management trading investing","risk management trading investing","0","8","8","2026-05-14T12:59:47+00:00","rvMJAQAAMAAJ","volume_id","1","Global Investment Risk Management","","Ezra Zask","","","","","206","1993","1993","","International business enterprises","en","https://books.google.com/books/content?id=rvMJAQAAMAAJ&printsec=frontcover&img=1&zoom=1&source=gbs_api","google_books","",""
"nYZFDwAAQBAJ","risk management trading investing","risk management trading investing","0","11","11","2026-05-14T12:59:47+00:00","nYZFDwAAQBAJ","volume_id","1","Risk Management for Forex Trading Beginners","How to Limit Risk and Maximize Profits","Jose Pecunia","","","","As a brand new investor and Forex trader with zero knowledge of the business you are at a loss as to what information you actually do and do not need. Much of what the current trading education industry is putting out is not only giving you information that is all backwards, it is very unrealistic to do in the live markets, and can get you into a lot of trouble. Why would you want to learn something that could potentially cause you to lose money right away in your new trading business? The trading education industry is not regulated so beware of that. Anyone can put out a YouTube video of anything and brand new Forex traders who are watching these types of things thinking that what they are viewing are the right things to do. I have seen brand new investors and traders waste a serious amount of valuable education and training time on learning information that will not do them any good and can even cause them to lose some of their hard earned money right away in the live markets. No one wants that however it is a huge mistake that brand new Forex traders make because they don’t know any better. This book is for beginners and will detail many of the things that a brand new Forex trader must learn not to do before they can become consistently profitable in the live markets. You’re heard the saying “just say no to drugs”, just say no to day trading and you and your account will be waaaaay ahead of the game to start off. Don’t say I didn’t warn you, OK, continue with your insanity and read this entire book to give yourself a fighting chance. Use Risk Management for Forex Trading Beginners as an overview or a guide if you will, for what to study and learn first to become consistently profitable from Forex trading. I give you concise information as to what to learn first and what to look for as far as further information is concerned. I tell you only the most critical things to learn first because those are absolutely the most important and the ones that will make you money right away if you do them. This book is written to provide straightforward, easy to understand and easy to apply advice, tips and techniques that can be the backbone of any traders success in the financial markets.","177","","","","","en","https://books.google.com/books/content?id=nYZFDwAAQBAJ&printsec=frontcover&img=1&zoom=1&edge=curl&source=gbs_api","google_books","",""
"nGrsAAAAMAAJ","risk management trading investing","risk management trading investing","40","8","48","2026-05-14T12:59:49+00:00","nGrsAAAAMAAJ","volume_id","1","Economic Review","","Federal Reserve Bank of Atlanta","","","","","288","1997","1997","","Banks and banking","en","https://books.google.com/books/content?id=nGrsAAAAMAAJ&printsec=frontcover&img=1&zoom=1&source=gbs_api","google_books","",""
"t1IPAQAAMAAJ","risk management trading investing","risk management trading investing","40","11","51","2026-05-14T12:59:49+00:00","t1IPAQAAMAAJ","volume_id","1","Financial Engineering","A Complete Guide to Financial Innovation","John Francis Marshall","","","","","760","1992","1992","","Financial engineering","en","https://books.google.com/books/content?id=t1IPAQAAMAAJ&printsec=frontcover&img=1&zoom=1&source=gbs_api","google_books","",""
"QXnsAAAAMAAJ","risk management trading investing","risk management trading investing","40","19","59","2026-05-14T12:59:49+00:00","QXnsAAAAMAAJ","volume_id","1","Chasing Alpha","How Reckless Growth and Unchecked Ambition Ruined the City's Golden Decade","Philip Augar","","","","""* Chasing Alpha is the definitive insider s history of Britain s financial services sector, from the early days of New Labour to the present day. At the heart of the action is the revival of the City s institutions in the mid-nineties. Augar uses his peerless connections with the people and firms that made it happen to give a compelling narrative of how the City s golden generation turned London round. Then, as so often happens in finance, the City got carried away with its own success, boasting of a new risk-free economic paradigm that would make the world a richer place. Northern Rock gave the lie to this claim. Far from heralding the eclipse of finance capital, Augar will show how the City stands poised to emerge from the credit crunch stronger than ever. As New Labour heads towards electoral meltdown, the industry it did so much to nurture will embrace the opportunities afforded by David Cameron s even more business-friendly Conservatives. The guiding principle of th""","280","2009","2009","Bodley Head Childrens","Business & Economics","en","https://books.google.com/books/content?id=QXnsAAAAMAAJ&printsec=frontcover&img=1&zoom=1&source=gbs_api","google_books","",""
"LxsWAQAAMAAJ","risk management trading investing","risk management trading investing","80","2","82","2026-05-14T12:59:50+00:00","LxsWAQAAMAAJ","volume_id","1","The Current State of Business Disciplines: Finance","","Shri Bhagwan Dahiya","","","","","512","2000","2000","","Accounting","en","https://books.google.com/books/content?id=LxsWAQAAMAAJ&printsec=frontcover&img=1&zoom=1&source=gbs_api","google_books","",""
"pdvm-2qT2hIC","risk management trading investing","risk management trading investing","80","6","86","2026-05-14T12:59:50+00:00","pdvm-2qT2hIC","volume_id","1","Report of the Trade and Development Board ...","","United Nations Conference on Trade and Development. Trade and Development Board","","","","","50","1996","1996","","Commercial policy","en","https://books.google.com/books/content?id=pdvm-2qT2hIC&printsec=frontcover&img=1&zoom=1&source=gbs_api","google_books","",""
"gaoYNaEUGm0C","risk management trading investing","risk management trading investing","80","7","87","2026-05-14T12:59:50+00:00","gaoYNaEUGm0C","volume_id","1","The Internet Investor","A Practical and Time-Saving Guide to Financial Information on the Internet","J. Timothy Maude","","","","Tim Maude knows investing, and he knows the Internet. He has compiled a list of trustworthy Internet sites for the investor who goes online. The guts of the book is the listings and reviews of thousands of Interact investing sites, designed to help the cyber investor gather trustworthy information.","440","1999","1999","Jist Publishing","Business & Economics","en","https://books.google.com/books/content?id=gaoYNaEUGm0C&printsec=frontcover&img=1&zoom=1&source=gbs_api","google_books","",""
"DmEPAQAAMAAJ","risk management trading investing","risk management trading investing","80","8","88","2026-05-14T12:59:50+00:00","DmEPAQAAMAAJ","volume_id","1","Behavioral Finance","","Hersh Shefrin","","","","","712","2001","2001","","Investments","en","https://books.google.com/books/content?id=DmEPAQAAMAAJ&printsec=frontcover&img=1&zoom=1&source=gbs_api","google_books","",""
"CZQMoJbYfn4C","risk management trading investing","risk management trading investing","80","9","89","2026-05-14T12:59:50+00:00","CZQMoJbYfn4C","volume_id","1","Annual Report","","Suomen Pankki","","","","","124","2004","2004","","Banks and banking","en","https://books.google.com/books/content?id=CZQMoJbYfn4C&printsec=frontcover&img=1&zoom=1&source=gbs_api","google_books","",""
"Vqjfnk0pf2kC","risk management trading investing","risk management trading investing","80","12","92","2026-05-14T12:59:50+00:00","Vqjfnk0pf2kC","volume_id","1","Planning Your First International Investment Trip","Looking for Investment Partners Abroad","Canada. Department of Foreign Affairs and International Trade. Investment Marketing Division","","","","","44","1995","1995","Investment Marketing Division, Department of Foreign Affairs and International Trade","Business travel","en","https://books.google.com/books/content?id=Vqjfnk0pf2kC&printsec=frontcover&img=1&zoom=1&source=gbs_api","google_books","",""
"QyVFAAAAYAAJ","risk management trading investing","risk management trading investing","80","13","93","2026-05-14T12:59:50+00:00","QyVFAAAAYAAJ","volume_id","1","Forest Carbon and Local Livelihoods","Assessment of Opportunities and Policy Recommendations","Joyotee Smith, Sara J. Scherr","","","","Why are livelihood issues relevant for CDM forestry? Can forest carbon projects deliver livelihood benefits? Can livelihood-enhancing projects meet CDM criteria? CDM guidelines. National Policy Action. CDM Project Design.","66","2002","2002","","Carbon","en","https://books.google.com/books/content?id=QyVFAAAAYAAJ&printsec=frontcover&img=1&zoom=1&source=gbs_api","google_books","",""
"uBYWAQAAMAAJ","risk management trading investing","risk management trading investing","80","16","96","2026-05-14T12:59:50+00:00","uBYWAQAAMAAJ","volume_id","1","Proceedings of the Insurance Accounting and Systems Association","","Insurance Accounting and Systems Association","","","","","1018","1984","1984","","Information storage and retrieval systems","en","https://books.google.com/books/content?id=uBYWAQAAMAAJ&printsec=frontcover&img=1&zoom=1&source=gbs_api","google_books","",""
"vMJLAAAAYAAJ","risk management trading investing","risk management trading investing","80","17","97","2026-05-14T12:59:50+00:00","vMJLAAAAYAAJ","volume_id","1","The Redemption of Labour","Or, Free Labour Upon Freed Land","Cecil Balfour Phipson","","","","","708","1892","1892","","Economics","en","https://books.google.com/books/content?id=vMJLAAAAYAAJ&printsec=frontcover&img=1&zoom=1&edge=curl&source=gbs_api","google_books","",""
"jH5AAQAAIAAJ","risk management trading investing","risk management trading investing","80","19","99","2026-05-14T12:59:50+00:00","jH5AAQAAIAAJ","volume_id","1","Takeovers and Freezeouts","","Martin Lipton, Erica H. Steinberger","","","","","1828","1978","1978","","Tender offers (Securities)","en","https://books.google.com/books/content?id=jH5AAQAAIAAJ&printsec=frontcover&img=1&zoom=1&source=gbs_api","google_books","",""
"WKowAQAAMAAJ","asset allocation portfolio management","asset allocation portfolio management","0","12","12","2026-05-14T12:59:52+00:00","WKowAQAAMAAJ","volume_id","1","The New Science of Asset Allocation","","Warren E. Bitters","","","","Comprehensive survey on contemporary thinking ??Essential reading for investment managers Asset allocation has only become a significant component in the investment management process comparatively recently. Increasingly sophisticated methods are being developed and used in the area. This text provides a survey of contemporary thinking in asset allocation and dissects the many niche subjects within the study of asset allocation to gain new insights.","224","1997","1997","Routledge","Business & Economics","en","https://books.google.com/books/content?id=WKowAQAAMAAJ&printsec=frontcover&img=1&zoom=1&source=gbs_api","google_books","",""
"pyIUAQAAMAAJ","asset allocation portfolio management","asset allocation portfolio management","40","8","48","2026-05-14T12:59:53+00:00","pyIUAQAAMAAJ","volume_id","1","Managing Pension Funds in a Volatile Environment","","Patrick J. Davey","","","","","36","1988","1988","","Pension trusts","en","https://books.google.com/books/content?id=pyIUAQAAMAAJ&printsec=frontcover&img=1&zoom=1&source=gbs_api","google_books","",""
"Iv0gqPfGTq4C","asset allocation portfolio management","asset allocation portfolio management","40","11","51","2026-05-14T12:59:53+00:00","Iv0gqPfGTq4C","volume_id","1","Annual Report","","Hong Kong Monetary Authority","","","","","272","2017","2017","","Banks and banking","en","https://books.google.com/books/content?id=Iv0gqPfGTq4C&printsec=frontcover&img=1&zoom=1&source=gbs_api","google_books","",""
"aqPXEQAAQBAJ","trading psychology behavioral finance","trading psychology behavioral finance","0","6","6","2026-05-14T12:53:20+00:00","aqPXEQAAQBAJ","volume_id","1","Trading Psychology and Decision Making","Master Trading Psychology for Smarter Financial Decisions","Chism Faustino","","","","Master trading psychology and decision-making to enhance performance. Learn cognitive biases, emotional control, and disciplined strategies for financial success at any level.","94","2026","2026-01-20","SamEnrico","Business & Economics","en","https://books.google.com/books/content?id=aqPXEQAAQBAJ&printsec=frontcover&img=1&zoom=1&edge=curl&source=gbs_api","google_books","",""
"Z0yBEQAAQBAJ","trading psychology behavioral finance","trading psychology behavioral finance","0","7","7","2026-05-14T12:53:20+00:00","Z0yBEQAAQBAJ","volume_id","1","Trading Psychology: Mastering Your Mind in the Crypto Markets","","Rozan Spirit","","","","Unlock the secrets to mastering your mind and dominating the volatile crypto markets with Trading Psychology: Mastering Your Mind in the Crypto Markets. This comprehensive guide dives deep into the emotional and psychological challenges that can make or break your trading success. Are fear and greed sabotaging your decisions? Do FOMO and FUD keep pulling you off course? Learn how to develop a resilient mindset, manage your emotions, and build the mental discipline necessary to navigate rapid market swings with confidence. This book covers essential topics like identifying common psychological traps, cultivating patience and discipline, and leveraging advanced technical analysis—all through the lens of trading psychology. Discover proven strategies to prevent impulsive trades, set effective stop losses and take profits, and stay focused on your long-term financial goals. Whether you're a beginner or an experienced trader, this book will empower you to control your emotions, master your mindset, and turn psychological barriers into stepping stones toward financial freedom. Start transforming your trading approach today and unlock your full potential in the exciting world of crypto!","37","2025","2025-08-26","rozan spirit","Business & Economics","en","https://books.google.com/books/content?id=Z0yBEQAAQBAJ&printsec=frontcover&img=1&zoom=1&edge=curl&source=gbs_api","google_books","",""
"0M7m5EhDRFsC","trading psychology behavioral finance","trading psychology behavioral finance","40","0","40","2026-05-14T12:53:22+00:00","0M7m5EhDRFsC","volume_id","1","Three Essays on Behavioral Finance","","Gabriele M. Lepori","","","","","342","2008","2008","","Efficient market theory","en","https://books.google.com/books/content?id=0M7m5EhDRFsC&printsec=frontcover&img=1&zoom=1&source=gbs_api","google_books","",""
"1KdHAAAAYAAJ","trading psychology behavioral finance","trading psychology behavioral finance","40","5","45","2026-05-14T12:53:22+00:00","1KdHAAAAYAAJ","volume_id","1","Psychological Traits and Trading Strategies","","Bruno Biais","","","","","46","2002","2002","","Economics","en","https://books.google.com/books/content?id=1KdHAAAAYAAJ&printsec=frontcover&img=1&zoom=1&source=gbs_api","google_books","",""
"_yw-AQAAIAAJ","trading psychology behavioral finance","trading psychology behavioral finance","40","7","47","2026-05-14T12:53:22+00:00","_yw-AQAAIAAJ","volume_id","1","Insider Trading","","William K. S. Wang, Marc I. Steinberg","","","","A guide to avoiding insider trading liability. It gives you the legal knowledge and practical tools you need to determine what's legal, what's not, and what you can do to minimise liability exposure.","1022","2005","2005","","Business & Economics","en","https://books.google.com/books/content?id=_yw-AQAAIAAJ&printsec=frontcover&img=1&zoom=1&source=gbs_api","google_books","",""
"FnwrAQAAMAAJ","trading psychology behavioral finance","trading psychology behavioral finance","40","8","48","2026-05-14T12:53:22+00:00","FnwrAQAAMAAJ","volume_id","1","Counterintuitive Investing","","Harlan D. Platt","","","","Counterintuitive Investing is a unique book which combines cutting-edge academic investment research with street-smart ideas to improve investment performance. The book's central thesis is supported by results from a major academic research project that reveals the substantial upside potential from a counterintuitive investment program. (Counterintuitive refers to doing the opposite of what is considered ""normal or typical""; it implies investors who march to a different drummer).The power of the book comes from its foundation, which is based on an academic research project conducted at Northeastern University by Harlan Platt. To that end, the author compiled an extensive and systematic data set of stock trades, which were thoroughly tested using rigorous statistical tools. The book shares these important results with the reader while keeping the presentation readable and more practical.","170","2005","2005","Thomson South-Western","Business & Economics","en","https://books.google.com/books/content?id=FnwrAQAAMAAJ&printsec=frontcover&img=1&zoom=1&source=gbs_api","google_books","",""
"_mlaAAAAYAAJ","trading psychology behavioral finance","trading psychology behavioral finance","40","10","50","2026-05-14T12:53:22+00:00","_mlaAAAAYAAJ","volume_id","1","Technical Analysis","The Complete Resource for Financial Market Technicians","Charles D. Kirkpatrick, Julie R. Dahlquist","","","","Now, there's a comprehensive, objective, and reliable tutorial and reference for the entire field of technical analysis. For traders, researchers, and serious investors alike, this is the definitive book on technical analysis. Individual investors and professional investment managers are increasingly recognizing the value of technical analysis in identifying trading opportunities. Moreover, the SECs requirement for analysts and brokers to pass Section 86 exams can now be fulfilled with the Chartered Market Technician (CMT) certification. Author Charles D. Kirkpatrick II has spent decades using technical analysis to advise major investing institutions -- and he currently teaches the subject to MBA candidates, giving him unique insight into the best ways of explaining its complex concepts. Together with university finance instructor and CMT Dr. Julie Dahlquist, Kirkpatrick systematically explains the theory of technical analysis, presenting academic evidence both for and against it. Using 200+ illustrations, the authors explain the analysis of markets and individual issues, and present a complete investment system and portfolio management plan. Readers will learn how to use tested sentiment, momentum indicators, seasonal affects, flow of funds, and many other techniques. The authors reveal which chart patterns and indicators have been reliable; show how to test systems; and demonstrate how technical analysis can be used to mitigate risk.","712","2007","2007","Financial Times/Prentice Hall","Business & Economics","en","https://books.google.com/books/content?id=_mlaAAAAYAAJ&printsec=frontcover&img=1&zoom=1&source=gbs_api","google_books","",""
"CUQSAQAAIAAJ","trading psychology behavioral finance","trading psychology behavioral finance","40","12","52","2026-05-14T12:53:22+00:00","CUQSAQAAIAAJ","volume_id","1","Social Simulation","Technologies, Advances and New Discoveries","Bruce Edmonds, Cesareo Hernandez, Klaus G. Troitzsch","","","","""This book, a reference survey of social simulation work comprehensively collects the most exciting developments in the field. Drawing research contributions from a vibrant community of experts on social simulation, it provides a set of unique and innovative approaches, ranging from agent-based modeling to empirically based simulations, as well as applications in business, governmental, scientific, and other contexts""--Provided by publisher.","414","2008","2008","IGI Global","Computers","en","https://books.google.com/books/content?id=CUQSAQAAIAAJ&printsec=frontcover&img=1&zoom=1&source=gbs_api","google_books","",""
"gaaZAAAAIAAJ","global macro investing economic cycles","trading psychology behavioral finance|global macro investing economic cycles","40","11","51","2026-05-14T12:59:59+00:00","gaaZAAAAIAAJ","volume_id","2","Pioneers of Financial Economics: Twentieth-century contributions","","Geoffrey Poitras, Franck Jovanovic","","","","This volume examines the development of the discipline during the 20th century. Specially commissioned essays discuss scholars of the early part of the century to the Nobel Prize winners of the last decade, including Irving Fisher, Frederick Macauley, Harry Markowitz and Fischer Black.","266","2006","2006","Edward Elgar Publishing","Biography & Autobiography","en","https://books.google.com/books/content?id=gaaZAAAAIAAJ&printsec=frontcover&img=1&zoom=1&source=gbs_api","google_books","",""
"79s-AQAAIAAJ","trading psychology behavioral finance","trading psychology behavioral finance","80","2","82","2026-05-14T12:53:24+00:00","79s-AQAAIAAJ","volume_id","1","Securities Regulation","Cases and Materials","John C. Coffee, Hillary A. Sale","","","","This casebook provides the tools for the study of the law of securities regulation. This edition has been extensively revised and reorganized. Topics covered include the Sarbanes-Oxley Act, the competitiveness of the U.S. capital markets, and the affect of globalization on the world's security markets. It includes a new chapter on shareholder voting and updated coverage of SEC enforcement actions and criminal liability, as well as state securities law, international issues, and the regulation of investment companies.","1644","2009","2009","Foundation Press","Business & Economics","en","https://books.google.com/books/content?id=79s-AQAAIAAJ&printsec=frontcover&img=1&zoom=1&source=gbs_api","google_books","",""
"EM5XAAAAYAAJ","trading psychology behavioral finance","trading psychology behavioral finance","80","3","83","2026-05-14T12:53:24+00:00","EM5XAAAAYAAJ","volume_id","1","The Psychology of Investing","","John R. Nofsinger","","","","""This is the only textbook that describes (1) how investors actually behave, (2) the reasons and causes of that behavior; (3) why the behavior hurts their wealth; and (4) what they can do about it.""--Jacket.","148","2011","2011","","Business & Economics","en","https://books.google.com/books/content?id=EM5XAAAAYAAJ&printsec=frontcover&img=1&zoom=1&source=gbs_api","google_books","",""
"Dk1xwkeqGI8C","trading psychology behavioral finance","trading psychology behavioral finance","80","13","93","2026-05-14T12:53:24+00:00","Dk1xwkeqGI8C","volume_id","1","A THEORY OF OVERCONFIDENCE, SELF-ATTRIBUTIONS AND SECURITY MARKET UNDER- AND OVERRACTIONS","","KENT DANIEL","","","","","48","1998","1998","","","en","https://books.google.com/books/content?id=Dk1xwkeqGI8C&printsec=frontcover&img=1&zoom=1&source=gbs_api","google_books","",""
"EB9JAAAAYAAJ","financial statement analysis investing","trading psychology behavioral finance|financial statement analysis investing","80","11","91","2026-05-14T13:00:14+00:00","EB9JAAAAYAAJ","volume_id","2","Cornell University Courses of Study","","Cornell University","","","","","712","2007","2007","","Universities and colleges","en","https://books.google.com/books/content?id=EB9JAAAAYAAJ&printsec=frontcover&img=1&zoom=1&source=gbs_api","google_books","",""
"C_YJAQAAMAAJ","trading psychology behavioral finance","trading psychology behavioral finance","80","16","96","2026-05-14T12:53:24+00:00","C_YJAQAAMAAJ","volume_id","1","From Early Warning Systems to Asset Managers' Behavior","Evidence for Mature and Emerging Markets","Daniela Beckmann","","","","Asset managers have often been considered as key drivers behind financial globalization. As they have been both praised as leaders of global financial integration and blamed as originators of financial crises, any understanding of the international financial markets - and financial crises among them - should be based on a thorough understanding of its core actors, i.e. asset managers. The contribution of this work is thus twofold: In its first part, it addresses evidence from early warning systems and the role of fundamentals in financial crises. With the help of macro-level data for 20 countries and based on a new framework to assess the variety of contributions in this young field of research, different models of early warning systems are reviewed, replicated and critically tested for practical application. The work's second part turns the attention to financial markets from a behavioral perspective. Individual asset managers' views, perception and behavior are analyzed in detail with the help of a unique micro-level data set, generated in an international survey project with 1,165 participating financial market professionals from six countries. In particular, the role of professional asset managers' behavioral biases, risk taking, cultural background, and gender differences are analyzed by both selected country studies and cross-country evidence from mature and emerging markets.","188","2007","2007","Peter Lang Gmbh, Internationaler Verlag Der Wissenschaften","Business & Economics","en","https://books.google.com/books/content?id=C_YJAQAAMAAJ&printsec=frontcover&img=1&zoom=1&source=gbs_api","google_books","",""
"kQdFAAAAYAAJ","trading psychology behavioral finance","trading psychology behavioral finance","80","17","97","2026-05-14T12:53:24+00:00","kQdFAAAAYAAJ","volume_id","1","Investments","","Frank K. Reilly, Edgar Norton","","","","To help understand how to manage one's money to derive the most from what you earn, to develop a way of analyzing and thinking about investments, and to pass on the excitement about investing, are the goals the authors have set for this edition. Global investing information, descriptive and theoretical material, practitioner investment techniques, and drawing from knowledge and readings for those preparing for the CFA exams, highlight this edition. Reilly and Norton have thoroughly revised, reorganized, and updated material, and cover the major topics logically and concisely, providing a strong base for those who want to do advanced work in investment analysis and valuation.","824","2003","2003","South Western Educational Publishing","Business & Economics","en","https://books.google.com/books/content?id=kQdFAAAAYAAJ&printsec=frontcover&img=1&zoom=1&source=gbs_api","google_books","",""
"25qyAAAAIAAJ","trading psychology behavioral finance","trading psychology behavioral finance","80","19","99","2026-05-14T12:53:24+00:00","25qyAAAAIAAJ","volume_id","1","Dictionary of Finance and Investment Terms","","John Downes, Jordan Elliot Goodman","","","","Defines terms associated with investing, economics, accounting, finance, and banking.","876","2006","2006-06","Barron's Educational Series, Incorporated","Business & Economics","en","https://books.google.com/books/content?id=25qyAAAAIAAJ&printsec=frontcover&img=1&zoom=1&source=gbs_api","google_books","",""
"O-zrAAAAMAAJ","global macro investing economic cycles","global macro investing economic cycles","0","4","4","2026-05-14T12:59:57+00:00","O-zrAAAAMAAJ","volume_id","1","Investment Cycles in Capitalist Economies","A Kaleckian Behavioural Contribution","Jerry Courvisanos","","","","The long term, expensive and uncertain nature of investment projects inhibits decision makers' confidence, making it susceptible to a wide range of factors. Incorporating behavioural and evolutionary analysis into a Kaleckian investment model, Jerry Courvisanos develops the concept of susceptibility which provides the foundation for an improved understanding of the empirically observed cyclical instability of capital accumulation. Historically based empirical patterns of cyclical manufacturing investment in capitalist economies are identified and related to how the nature of susceptibility alters over time. These alterations are shown to create different investment cycle patterns over evolving periods of economic development.","298","1996","1996","Edward Elgar Publishing","Business & Economics","en","https://books.google.com/books/content?id=O-zrAAAAMAAJ&printsec=frontcover&img=1&zoom=1&source=gbs_api","google_books","",""
"Y1Y-gTPm0AMC","global macro investing economic cycles","global macro investing economic cycles","0","8","8","2026-05-14T12:59:57+00:00","Y1Y-gTPm0AMC","volume_id","1","Comprehensive Annual Financial Report","","Fire and Police Pension Association of Colorado","","","","","236","2019","2019","","Fire fighters","en","https://books.google.com/books/content?id=Y1Y-gTPm0AMC&printsec=frontcover&img=1&zoom=1&source=gbs_api","google_books","",""
"hnerUBxF0esC","global macro investing economic cycles","global macro investing economic cycles","0","10","10","2026-05-14T12:59:57+00:00","hnerUBxF0esC","volume_id","1","Forbes","","Bertie Charles Forbes","","","","This business magazine covers domestic and international business topics. Special issues include Annual Report on American Industry, Forbes 500, Stock Bargains, and Special Report on Multinationals.","1496","1985","1985","","Business","en","https://books.google.com/books/content?id=hnerUBxF0esC&printsec=frontcover&img=1&zoom=1&source=gbs_api","google_books","",""
"ko626Pmb70cC","global macro investing economic cycles","global macro investing economic cycles","0","14","14","2026-05-14T12:59:57+00:00","ko626Pmb70cC","volume_id","1","International Journal of Production Economics","Manufacturing Systems, Strategy and Design","Elsevier","","","","","640","2002","2002","","","en","https://books.google.com/books/content?id=ko626Pmb70cC&printsec=frontcover&img=1&zoom=1&source=gbs_api","google_books","",""
"duUJAQAAMAAJ","global macro investing economic cycles","global macro investing economic cycles","0","16","16","2026-05-14T12:59:57+00:00","duUJAQAAMAAJ","volume_id","1","A Practical Guide to Sovereign Wealth Funds","","Adnan Hassan","","","","This much-needed practical guide covers everything you need to further your understanding of sovereign wealth funds (SWFs) - the state-owned investment funds.","212","2009","2009","Euromoney Publications","Business & Economics","en","https://books.google.com/books/content?id=duUJAQAAMAAJ&printsec=frontcover&img=1&zoom=1&source=gbs_api","google_books","",""
"FSG3AAAAIAAJ","global macro investing economic cycles","global macro investing economic cycles","0","17","17","2026-05-14T12:59:57+00:00","FSG3AAAAIAAJ","volume_id","1","Banking, Financial Integration, and International Crises","","Leonardo Hernández, Klaus Schmidt-Hebbel","","","","","496","2002","2002","","Financial crises","en","https://books.google.com/books/content?id=FSG3AAAAIAAJ&printsec=frontcover&img=1&zoom=1&source=gbs_api","google_books","",""
"GIUnAQAAIAAJ","global macro investing economic cycles","global macro investing economic cycles","40","1","41","2026-05-14T12:59:59+00:00","GIUnAQAAIAAJ","volume_id","1","International Handbook of Development Economics","","Amitava Krishna Dutt, Jaime Ros","","","","This two-volume original reference work provides a comprehensive overview of development economics and contains contributions by some of the leading scholars working in the field.","632","2008","2008","","Development economics","en","https://books.google.com/books/content?id=GIUnAQAAIAAJ&printsec=frontcover&img=1&zoom=1&source=gbs_api","google_books","",""
"KV2SuNO1r8AC","global macro investing economic cycles","global macro investing economic cycles","40","4","44","2026-05-14T12:59:59+00:00","KV2SuNO1r8AC","volume_id","1","Catalog","","University of Colorado Boulder","","","","","498","2005","2005","","","en","https://books.google.com/books/content?id=KV2SuNO1r8AC&printsec=frontcover&img=1&zoom=1&source=gbs_api","google_books","",""
"PKn6aOHVBgMC","global macro investing economic cycles","global macro investing economic cycles","40","5","45","2026-05-14T12:59:59+00:00","PKn6aOHVBgMC","volume_id","1","Congressional Record","Proceedings and Debates of the ... Congress","United States. Congress","","","","","1388","1981","1981","","Law","en","https://books.google.com/books/content?id=PKn6aOHVBgMC&printsec=frontcover&img=1&zoom=1&source=gbs_api","google_books","",""
"PlnIUbpCi6gC","global macro investing economic cycles","global macro investing economic cycles","40","7","47","2026-05-14T12:59:59+00:00","PlnIUbpCi6gC","volume_id","1","Access Register","","Canada","","","","","1082","1985","1985","","Freedom of information","en","https://books.google.com/books/content?id=PlnIUbpCi6gC&printsec=frontcover&img=1&zoom=1&source=gbs_api","google_books","",""
"jEyyAAAAIAAJ","global macro investing economic cycles","global macro investing economic cycles","40","9","49","2026-05-14T12:59:59+00:00","jEyyAAAAIAAJ","volume_id","1","International Trade and Business Cycles","","Marianne Baxter","","","","Virtually all economies experience recurrent fluctuations in economic activity that persist for periods of several quarters to several years. Further, there is a definite tendency for the business cycles of developed countries to move together--there is a world component to business cycles. This paper argues that capital accumulation and international capital flows are central to understanding world trade and business cycles. In particular, fluctuations in net exports and the current account are shown to be dominated by trade in capital goods. The paper develops a two country model of international trade within which capital accumulation and international investment flows play a central role. We explore the channels by which technology shocks and fiscal shocks are transmitted to the domestic and foreign economies, and discuss the extent to which these results are sensitive to individuals' opportunities for international trade in financial assets. Overall, we find that the models capture many of the salient features of international business cycles. However, it has proven consistently difficult to generate sufficient comovement across countries in labor input and investment. The paper concludes with a discussion of fruitful directions for future research.","80","1995","1995","","Business cycles","en","https://books.google.com/books/content?id=jEyyAAAAIAAJ&printsec=frontcover&img=1&zoom=1&source=gbs_api","google_books","",""
"sX63AAAAIAAJ","global macro investing economic cycles","global macro investing economic cycles","40","10","50","2026-05-14T12:59:59+00:00","sX63AAAAIAAJ","volume_id","1","World Economic Interdependence and the Evolving North-South Relationship","","Organisation for Economic Co-operation and Development","","","","Salient features of the interdependent world economy and the evolving North-South relationship, p. 9.","86","1983","1983","Organisation for Economic Co-operation and Development ; [Washington, D.C. : Sales agents, OECD Publications and Information Center]","Business & Economics","en","https://books.google.com/books/content?id=sX63AAAAIAAJ&printsec=frontcover&img=1&zoom=1&source=gbs_api","google_books","",""
"YyRZAAAAYAAJ","global macro investing economic cycles","global macro investing economic cycles","40","14","54","2026-05-14T12:59:59+00:00","YyRZAAAAYAAJ","volume_id","1","Surplus Capacity in the International Metals Industry","","John Cordes, Thomas F. Torries","","","","","120","1989","1989","","Technology & Engineering","en","https://books.google.com/books/content?id=YyRZAAAAYAAJ&printsec=frontcover&img=1&zoom=1&source=gbs_api","google_books","",""
"R8nxAAAAMAAJ","global macro investing economic cycles","global macro investing economic cycles","40","15","55","2026-05-14T12:59:59+00:00","R8nxAAAAMAAJ","volume_id","1","Trustee Investment Strategy for Endowments and Foundations","","Chris Russell","","","","Trustees are responsible for the stewardship of assets and for implementing the mission of their endowment or foundation. Almost invariably trustees delegate the management of those assets to agents who are investment professionals. In this increasingly sophisticated and litigious financial world there can be a growing gap of comprehension, exacerbated by mathematics and jargon, between trustees who are responsible and agents who are accountable. This book aims to fill that gap. The book draws on the author's own experience and research and that of generations of investment professionals and academics to explain the fundamentals of investment strategy. Key features are therefore: Foreword by George Keane (founder and former president of Commonfund, won the first ever Lifetime Achievement Award from Foundation & Endowment Money Management) one of the icons of endowment fund management in the US Aimed at professional trustees An holistic approach to strategy Avoidance of jargon and mathematics Focus on principles underlying asset strategy","256","2006","2006-07-24","John Wiley & Sons","Business & Economics","en","https://books.google.com/books/content?id=R8nxAAAAMAAJ&printsec=frontcover&img=1&zoom=1&source=gbs_api","google_books","",""
"OJjwAAAAMAAJ","global macro investing economic cycles","global macro investing economic cycles","40","16","56","2026-05-14T12:59:59+00:00","OJjwAAAAMAAJ","volume_id","1","Rekindling Investment for Economic Development in Nigeria","","Nigerian Economic Society. Annual Conference","","","","","502","1998","1998","","Investments","en","https://books.google.com/books/content?id=OJjwAAAAMAAJ&printsec=frontcover&img=1&zoom=1&source=gbs_api","google_books","",""
"s9Y3AQAAIAAJ","global macro investing economic cycles","global macro investing economic cycles","80","2","82","2026-05-14T13:00:01+00:00","s9Y3AQAAIAAJ","volume_id","1","Aanwinsten van de Centrale Bibliotheek (Queteletfonds)","","Bibliothèque centrale (Fonds Quetelet)","","","","","646","1995","1995","","","en","https://books.google.com/books/content?id=s9Y3AQAAIAAJ&printsec=frontcover&img=1&zoom=1&source=gbs_api","google_books","",""
"aRxqslpQs5EC","global macro investing economic cycles","global macro investing economic cycles","80","4","84","2026-05-14T13:00:01+00:00","aRxqslpQs5EC","volume_id","1","Index to Overhead Transparencies","","National Information Center for Educational Media","","","","","668","1975","1975","","Transparencies","en","https://books.google.com/books/content?id=aRxqslpQs5EC&printsec=frontcover&img=1&zoom=1&source=gbs_api","google_books","",""
"fpJYAAAAYAAJ","global macro investing economic cycles","global macro investing economic cycles","80","8","88","2026-05-14T13:00:01+00:00","fpJYAAAAYAAJ","volume_id","1","Index to Educational Overhead Transparencies","","National Information Center for Educational Media","","","","","672","1975","1975","","Transparencies","en","https://books.google.com/books/content?id=fpJYAAAAYAAJ&printsec=frontcover&img=1&zoom=1&source=gbs_api","google_books","",""
"W1cdAQAAMAAJ","global macro investing economic cycles","global macro investing economic cycles","80","10","90","2026-05-14T13:00:01+00:00","W1cdAQAAMAAJ","volume_id","1","Transactions Costs and Internal Labor Markets","","Sherwin Rosen","","","","The concept of transactions costs used by Coase in ""The Nature of the Firm"" is applied to the internal labor market of an organization. Under joint production it is shown that the number of transaction-specific prices necessary to decentralize labor allocations rises geometrically with the size of the work force. Complexity of calculation and costs of implementation constrains the possibilities for internal decentralization through a price mechanism and substitutes a more authoritarian system of allocation instead. These same issues of complexity and implementation costs limit the usefulness of agency theory as a conceptual framework for this problem. The analysis suggests that an internal labor market must be viewed in a more comprehensive framework of a personnel management system.","44","1987","1987","","Economics","en","https://books.google.com/books/content?id=W1cdAQAAMAAJ&printsec=frontcover&img=1&zoom=1&source=gbs_api","google_books","",""
"QpxUcdX9rK0C","global macro investing economic cycles","global macro investing economic cycles","80","11","91","2026-05-14T13:00:01+00:00","QpxUcdX9rK0C","volume_id","1","Tax Neutrality and Intangible Capital","","Don Fullerton, Andrew B. Lyon","","","","Many studies measure capital stocks and effective tax rates for different industries, but they consider only tangible assets such as equipment, structures, inventories, and land. Some of these studies also have estimated that the welfare cost of tax differences among these assets under prior law is about $10 billion per year or 13 percent of all corporate income tax revenue. Since the investment tax credit was available only for equipment, its repeal raises the effective rate of taxation of equipment toward that of other assets and virtually eliminates this welfare cost. However, firms also own intangible assets such as trademarks, copyrights, patents, a good reputation, or general production expertise. This paper provides alternative measures of the intangible capital stock, and it investigates implications for distortions caused by taxes. The existence of intangible capital markedly alters welfare cost calculations. Investments in advertising and R&D are expensed, so the effective rate of tax on these assets is less than that on equipment under prior law. With large differences between these assets and other tangible assets, we find that the welfare cost measure under prior law increases to $13 billion per year. Repeal of the investment credit taxes equipment more like other tangible assets but less like intangible assets. The welfare cost still falls, to about $7 billion per year, but it is no longer ""virtually eliminated."" With additional sources of intangible capital, credit repeal could actually increase welfare costs. Finally, however, the Tax Reform Act of 1986 not only repeals the investment tax credit but reduces rates as well. Efficiency always increases in this model because the taxation of tangible assets is reduced toward that of intangible assets.","58","1987","1987","","Capital","en","https://books.google.com/books/content?id=QpxUcdX9rK0C&printsec=frontcover&img=1&zoom=1&source=gbs_api","google_books","",""
"wWZZAAAAYAAJ","global macro investing economic cycles","global macro investing economic cycles","80","12","92","2026-05-14T13:00:01+00:00","wWZZAAAAYAAJ","volume_id","1","Contraction and Expansion","The Divergence of Private Sector and Public Sector Unionism in the U.S.","Richard Barry Freeman","","","","This paper contrasts the differing experience of public sector unionism, which has expanded in the United States, and private sector unionism, which has contracted, in the past several decades. It uses the experience of other countries, particularly Canada, to rule out some explanations of the divergent trends. The paper finds that the major reason for the private sector decline is increased management opposition to union organization, motivated in part by profit-seeking behavior, and augmented by trade union responses; and that the major reason for the public sector union expansion is decreased market opposition due to pas- sage of comprehensive collective bargaining laws and motivated in part by vote-seeking behavior.","66","1987","1987","","Government employee unions","en","https://books.google.com/books/content?id=wWZZAAAAYAAJ&printsec=frontcover&img=1&zoom=1&source=gbs_api","google_books","",""
"KWFHAQAAIAAJ","global macro investing economic cycles","global macro investing economic cycles","80","13","93","2026-05-14T13:00:01+00:00","KWFHAQAAIAAJ","volume_id","1","Can States Stop Corporate Takeovers?","","Sharon Pamepinto","","","","","598","1987","1987","","Business & Economics","en","https://books.google.com/books/content?id=KWFHAQAAIAAJ&printsec=frontcover&img=1&zoom=1&source=gbs_api","google_books","",""
"IicNAQAAMAAJ","global macro investing economic cycles","global macro investing economic cycles","80","14","94","2026-05-14T13:00:01+00:00","IicNAQAAMAAJ","volume_id","1","The Parliamentary Debates (Hansard).","House of Lords official report","Great Britain. Parliament. House of Lords","","","","","1238","2003","2003","","Great Britain","en","https://books.google.com/books/content?id=IicNAQAAMAAJ&printsec=frontcover&img=1&zoom=1&source=gbs_api","google_books","",""
"bSAuAAAAMAAJ","global macro investing economic cycles","global macro investing economic cycles","80","19","99","2026-05-14T13:00:01+00:00","bSAuAAAAMAAJ","volume_id","1","Marketing and Economic Development","Issues and Opinions : Proceedings of the Second International Conference on Marketing and Development, Karl Marx University of Economic Sciences, Budapest, Hungary, July 10-13, 1988","James E. Littlefield, Magdolna Csath","","","","This volume is a record of the Second International Conference on Marketing & Development, held July 10-13, 1988 at Karl Marx University of Economic Sciences, Budapest, Hungary. The papers reproduced are in such section topics as ""Global Issues in Economic Development, Industry Cases & Economic Development, Marketing & Development in China, Cultural Aspects of Marketing, Business Ethics & Social Responsibility,"" & others. Contributors to the volume were mostly from universities around the world & all are interested in improving the living standards of people in less developed countries. Areas of interest in the document range from Perestroika to women's issues to AIDS to Advertising, with many issues in between.","358","1988","1988","","Business & Economics","en","https://books.google.com/books/content?id=bSAuAAAAMAAJ&printsec=frontcover&img=1&zoom=1&source=gbs_api","google_books","",""
"tbiAEQAAQBAJ","trading systems backtesting strategy","trading systems backtesting strategy","0","0","0","2026-05-14T12:53:25+00:00","tbiAEQAAQBAJ","volume_id","1","Python for Automated Trading Systems","Building Your Own Bots for Stock and Crypto Markets","J.P.Morgan","","","","Transform Your Trading Game with Automated Bots: A Comprehensive Guide to Python for Automated Trading Systems Unlock the future of trading with ""Python for Automated Trading Systems: Building Your Own Bots for Stock and Crypto Markets."" This essential guide dives deep into the world of automated trading using Python, providing you with the tools and knowledge to build your own trading bots. Key Features and Benefits: Tailored for Cryptocurrency Trading: Specialized for Digital Currencies: Learn to develop a crypto automated trading system specifically designed for the dynamic world of cryptocurrency trading. Stay Ahead in the Market: Gain insights into the latest trends and techniques in the burgeoning field of digital currencies. Build Powerful Trading Bots: From Concept to Deployment: Follow step-by-step guidance on how to automate stock trading using Python, taking you from idea to deployment. Utilize Advanced Python Libraries: Leverage powerful Python libraries to enhance the functionality and efficiency of your trading bots. Enhance Trading Efficiency: Automate Trading Processes: Reduce manual intervention and increase accuracy by automating your trading strategies using Python. Optimize Performance: Fine-tune your bots for optimal performance, ensuring consistent and reliable trading results with an automated trading system Python. Boost Your Profitability: Maximize Returns: Implement strategies that maximize your trading returns through data-driven decisions and automated systems. Minimize Risks: Learn to identify and mitigate potential risks, ensuring more profitable and secure trades with automated trading systems that work. Practical and Accessible: Hands-On Learning: Engage with practical examples and projects that provide real-world applications of the concepts covered. Suitable for All Levels: Whether you're a beginner or an experienced professional, this book offers valuable insights and guidance tailored to all skill levels. Who Should Read This Book? Python Programmers: Enhance your coding skills with finance-specific applications using Python for automated trading. Web Developers: Integrate financial analytics and trading systems into your projects with ease. Trading Enthusiasts: Develop and implement automated trading bots to improve your trading efficiency. Students: Build a solid foundation in automated trading systems, preparing you for a successful career in finance and technology. Technology Professionals: Stay ahead in your field by mastering the latest tools and techniques in automated trading Why Choose This Book? Comprehensive Coverage: Gain a thorough understanding of both stock and cryptocurrency markets, and how to navigate them with automated bots. Optimized for Success: Whether you're new to automated trading or looking to refine your strategies, this book offers valuable insights and practical guidance to help you succeed. Elevate Your Trading Skills with Automated Bots! Don’t miss this opportunity to revolutionize your trading approach. Add ""Python for Automated Trading Systems: Building Your Own Bots for Stock and Crypto Markets"" to your library and take the first step towards mastering the art of automated trading. Order your copy today and unlock the potential of automated trading using Python!","205","","","J.P.Morgan","Computers","en","https://books.google.com/books/content?id=tbiAEQAAQBAJ&printsec=frontcover&img=1&zoom=1&edge=curl&source=gbs_api","google_books","",""
"0eYJAQAAMAAJ","trading systems backtesting strategy","trading systems backtesting strategy","0","9","9","2026-05-14T12:53:25+00:00","0eYJAQAAMAAJ","volume_id","1","Strategic Futures Trading","Contemporary Trading Systems to Maximize Profits","Jacob Bernstein","","","","Futures traders know that the key to success in speculation consists of three elements: discipline, risk management, and timing. Of the three, timing offers the most strategic possibilities. Strategic Futures Trading examines eight powerful new approaches that apply basic timing indicators to improve futures trading profitability. These indicators have been ignored in recent years in favor of ""high-tech"" systems and methods, but they still have much to offer the alert investor who knows how to apply them. These highly effective trading signals are fully and understandably described, complete with historical perspectives of their performance and concise risk management tools. Real-world examples of each strategy are illustrated with clear and revealing graphics.","280","1992","1992","Kaplan Publishing","Business & Economics","en","https://books.google.com/books/content?id=0eYJAQAAMAAJ&printsec=frontcover&img=1&zoom=1&source=gbs_api","google_books","",""
"JdgpAQAAMAAJ","trading systems backtesting strategy","trading systems backtesting strategy","0","14","14","2026-05-14T12:53:25+00:00","JdgpAQAAMAAJ","volume_id","1","Computerized Trading","Maximizing Day Trading and Overnight Profits","Mark Jurik","","","","Discover the answers to all your computerized trading questions, from basic to advanced, in this ground-breaking new guide to successful day trading. Twenty top experts reveal their techniques and strategies for successful computerized trading in this practical guide.","442","1999","1999","Penguin Putnam","Business & Economics","en","https://books.google.com/books/content?id=JdgpAQAAMAAJ&printsec=frontcover&img=1&zoom=1&source=gbs_api","google_books","",""
"mtoJAQAAMAAJ","trading systems backtesting strategy","trading systems backtesting strategy","0","18","18","2026-05-14T12:53:25+00:00","mtoJAQAAMAAJ","volume_id","1","Electronic Currency Trading for Maximum Profit","Manage Risk and Reward in the Forex and Currency Futures Markets","Keith Long, Kurt Walter","","","","The authors address the complexities of the foreign currency exchange market, the world's largest and fastest growing market. Open 24 hours a day and running online it offers great gains and losses, has no boundaries and never goes on holiday.","376","2001","2001","Prima Lifestyles","Business & Economics","en","https://books.google.com/books/content?id=mtoJAQAAMAAJ&printsec=frontcover&img=1&zoom=1&source=gbs_api","google_books","",""
"U4kiAQAAMAAJ","trading systems backtesting strategy","trading systems backtesting strategy","40","1","41","2026-05-14T12:53:26+00:00","U4kiAQAAMAAJ","volume_id","1","The Compleat Day-trader","Trading Systems, Strategies, Timing Indicators, and Analytical Methods","Jacob Bernstein","","","","Bernstein defines a day trade as ""a trade which is entered and exited on the same day."" Using over 100 illustrations and charts, he analyzes various techniques and strategies for successful day trading in the futures market.--p. 13 and jacket.","246","1995","1995","McGraw-Hill Companies","Business & Economics","en","https://books.google.com/books/content?id=U4kiAQAAMAAJ&printsec=frontcover&img=1&zoom=1&source=gbs_api","google_books","",""
"0o0WAQAAMAAJ","trading systems backtesting strategy","trading systems backtesting strategy","40","4","44","2026-05-14T12:53:26+00:00","0o0WAQAAMAAJ","volume_id","1","The C.F.A. Digest","","Institute of Chartered Financial Analysts","","","","","442","1994","1994","","Investments","en","https://books.google.com/books/content?id=0o0WAQAAMAAJ&printsec=frontcover&img=1&zoom=1&source=gbs_api","google_books","",""
"Uu4JAQAAMAAJ","trading systems backtesting strategy","trading systems backtesting strategy","40","10","50","2026-05-14T12:53:26+00:00","Uu4JAQAAMAAJ","volume_id","1","What Works in Online Trading","","Mark Etzkorn","","","","With the proliferation of electronic day trading has come a lot of hype. But is it a real money-making opportunity or a modern-day gold rush? ""What Works in Online Day Trading"" investigates the people and the companies capitalizing on this trend, weeding through what works and what doesn't.","312","2001","2001","Wiley","Business & Economics","en","https://books.google.com/books/content?id=Uu4JAQAAMAAJ&printsec=frontcover&img=1&zoom=1&source=gbs_api","google_books","",""
"BM8QAQAAMAAJ","trading systems backtesting strategy","trading systems backtesting strategy","40","12","52","2026-05-14T12:53:26+00:00","BM8QAQAAMAAJ","volume_id","1","Getting More Out of TIAA-CREF","","John J. Harrigan","","","","","326","1995","1995","","Business & Economics","en","https://books.google.com/books/content?id=BM8QAQAAMAAJ&printsec=frontcover&img=1&zoom=1&source=gbs_api","google_books","",""
"gnVaAAAAYAAJ","trading systems backtesting strategy","trading systems backtesting strategy","80","2","82","2026-05-14T12:53:28+00:00","gnVaAAAAYAAJ","volume_id","1","The Austrian Financial Markets","A Survey of Austria's Capital Markets : Facts and Figures","Wolfgang Müller","","","","","140","1997","1997","","Capital market","en","https://books.google.com/books/content?id=gnVaAAAAYAAJ&printsec=frontcover&img=1&zoom=1&source=gbs_api","google_books","",""
"P9IJAQAAMAAJ","trading systems backtesting strategy","trading systems backtesting strategy","80","4","84","2026-05-14T12:53:28+00:00","P9IJAQAAMAAJ","volume_id","1","How to Select Top-performing Mutual Fund Investments","","Aaron H. Coleman, David H. Coleman","","","","On fund history, performance, market timing, getting into mutual funds. Annotation copyright by Book News, Inc., Portland, OR","196","1993","1993","International Information Associates, Incorporated","Business & Economics","en","https://books.google.com/books/content?id=P9IJAQAAMAAJ&printsec=frontcover&img=1&zoom=1&source=gbs_api","google_books","",""
"j-QbAQAAMAAJ","trading systems backtesting strategy","trading systems backtesting strategy","80","7","87","2026-05-14T12:53:28+00:00","j-QbAQAAMAAJ","volume_id","1","Emerging Governance Practices in Enterprise Risk Management","","Matteo Tonello","","","","This report examines how ERM departs from the fragmented and compartmentalized risk management solutions already in place at many organizations.","100","2007","2007","","Business & Economics","en","https://books.google.com/books/content?id=j-QbAQAAMAAJ&printsec=frontcover&img=1&zoom=1&source=gbs_api","google_books","",""
"VM6RAAAAIAAJ","trading systems backtesting strategy","trading systems backtesting strategy","80","8","88","2026-05-14T12:53:28+00:00","VM6RAAAAIAAJ","volume_id","1","Annual Report","","Mitsubishi Tōkyō Fainansharu Gurūpu","","","","","258","2001","2001","","Banks and banking","en","https://books.google.com/books/content?id=VM6RAAAAIAAJ&printsec=frontcover&img=1&zoom=1&source=gbs_api","google_books","",""
"0W9aAAAAYAAJ","trading systems backtesting strategy","trading systems backtesting strategy","80","15","95","2026-05-14T12:53:28+00:00","0W9aAAAAYAAJ","volume_id","1","INFORMS Annual Meeting","","Institute for Operations Research and the Management Sciences. National Meeting","","","","","416","2007","2007","","Industrial management","en","https://books.google.com/books/content?id=0W9aAAAAYAAJ&printsec=frontcover&img=1&zoom=1&source=gbs_api","google_books","",""
"6GNaAAAAYAAJ","trading systems backtesting strategy","trading systems backtesting strategy","80","17","97","2026-05-14T12:53:28+00:00","6GNaAAAAYAAJ","volume_id","1","Consultants and Consulting Organizations Directory","","Janice W. McLean","","","","Indexes are arranged by geographic area, activities, personal name, and consulting firm name.","730","1999","1999","","Business consultants","en","https://books.google.com/books/content?id=6GNaAAAAYAAJ&printsec=frontcover&img=1&zoom=1&source=gbs_api","google_books","",""
"GgIrEQAAQBAJ","trade execution slippage liquidity","trading systems backtesting strategy|trade execution slippage liquidity","0","1","1","2026-05-14T13:00:16+00:00","GgIrEQAAQBAJ","volume_id","2","Building Algorithmic Trading Systems","A Step-by-Step Guide","William Johnson","","","","""Building Algorithmic Trading Systems: A Step-by-Step Guide"" is an essential resource for anyone seeking to understand and master the art and science of algorithmic trading. This comprehensive guide navigates the complex interplay between technology, finance, and mathematics, offering readers a systematic approach to designing, coding, and deploying sophisticated trading algorithms. With clarity and precision, it illuminates foundational concepts while providing practical insights into data analysis, risk management, and the latest innovations in machine learning and AI applications within trading. The book delves deeply into the infrastructure required to support algorithmic trading, detailing the technological frameworks necessary for success in modern financial markets. Readers will benefit from expertly crafted sections on backtesting strategies, portfolio optimization, and ethical considerations, ensuring that they are well-equipped to create robust, efficient, and ethical trading systems. As markets evolve, this book stands as a beacon, guiding traders through emerging trends and regulatory landscapes, setting the stage for sustainable and informed trading practices. Whether you are a novice eager to explore the potentials of algorithmic trading or a seasoned professional looking to enhance your strategic acumen, ""Building Algorithmic Trading Systems"" offers invaluable knowledge and tools, ensuring your place at the forefront of financial innovation.","719","2024","2024-10-17","HiTeX Press","Business & Economics","en","https://books.google.com/books/content?id=GgIrEQAAQBAJ&printsec=frontcover&img=1&zoom=1&edge=curl&source=gbs_api","google_books","",""
"QY0qEQAAQBAJ","market microstructure order execution","market microstructure order execution","0","0","0","2026-05-14T13:00:03+00:00","QY0qEQAAQBAJ","volume_id","1","Financial Econometrics","Tools for Quantitative Analysis in Finance","William Johnson","","","","""Financial Econometrics: Tools for Quantitative Analysis in Finance"" serves as a comprehensive guide for understanding complex financial markets through the lens of statistical and econometric principles. It is meticulously crafted for both beginners and seasoned professionals seeking to enhance their analytical toolkit. The book delves into essential topics such as volatility modeling, risk management, time series analysis, and option pricing models, equipping readers with the knowledge to make informed investment decisions. Each chapter is structured to build a solid foundation while progressively introducing advanced concepts and practical applications across various financial domains. This book stands out by integrating traditional econometric methods with modern advancements such as machine learning and high-frequency data analysis. Readers will uncover the intricacies of market microstructure, portfolio theory, and event studies, gaining insights that are both academically rigorous and practically applicable. Authored with clarity and precision, ""Financial Econometrics"" transforms complex theories into accessible content, empowering readers to harness the power of data-driven decision-making in the ever-evolving financial landscape. Whether you're looking to deepen your understanding or implement sophisticated trading strategies, this text is an invaluable resource in quantitative finance.","444","2024","2024-10-15","HiTeX Press","Business & Economics","en","https://books.google.com/books/content?id=QY0qEQAAQBAJ&printsec=frontcover&img=1&zoom=1&edge=curl&source=gbs_api","google_books","",""
"nuoJAQAAMAAJ","market microstructure order execution","market microstructure order execution","0","1","1","2026-05-14T13:00:03+00:00","nuoJAQAAMAAJ","volume_id","1","Continuous-time Methods and Market Microstructure","","Andrew Wen-Chuan Lo","","","","Presents a selection of the most important articles in the field of financial econometrics. Starting with a review of the philosophical background, this collection covers such topics as the random walk hypothesis, long-memory processes, asset pricing, arbitrage pricing theory, variance bounds tests, term structure models, and more.","680","2007","2007","Edward Elgar Publishing","Business & Economics","en","https://books.google.com/books/content?id=nuoJAQAAMAAJ&printsec=frontcover&img=1&zoom=1&source=gbs_api","google_books","",""
"Hju3AAAAIAAJ","market microstructure order execution","market microstructure order execution","0","7","7","2026-05-14T13:00:03+00:00","Hju3AAAAIAAJ","volume_id","1","Market Microstructure and Market Liquidity","","Jun Muranaga, Tokiko Shimizu","","","","Explores the factors affecting market liquidity using a simulation model of an artificial market. Surveys definition of market liquidity and discuss the relationship between market liquidity and market efficiency or stability. Finds that change in market liquidity indicators may not always be consistent.","52","1999","1999","","Industrial organization (Economic theory).","en","https://books.google.com/books/content?id=Hju3AAAAIAAJ&printsec=frontcover&img=1&zoom=1&source=gbs_api","google_books","",""
"Wa4-rpTArC0C","market microstructure order execution","market microstructure order execution","0","13","13","2026-05-14T13:00:03+00:00","Wa4-rpTArC0C","volume_id","1","Econometric Models of Limit-order Executions","","Andrew Wen-Chuan Lo, Archie Craig MacKinlay, June Zhang","","","","This paper attempts to assess whether money can generate persistent economic"" fluctuations in dynamic general equilibrium models of the business cycle. We show that a small"" nominal friction in the goods market can make the response of output to monetary shocks large"" and persistent if it is amplified by real wage rigidity in the labor market. We also argue that"" given the level of real wage rigidity that is observed in developed countries nominal stickiness might be sufficient for money to produce economic fluctuations as persistent"" as those observed in the data.","80","1997","1997","","Stock exchanges","en","https://books.google.com/books/content?id=Wa4-rpTArC0C&printsec=frontcover&img=1&zoom=1&source=gbs_api","google_books","",""
"TDu3AAAAIAAJ","market microstructure order execution","market microstructure order execution","0","14","14","2026-05-14T13:00:03+00:00","TDu3AAAAIAAJ","volume_id","1","Expectations and Market Microstructure when Liquidity is Lost","","Jun Muranaga, Tokiko Shimizu","","","","Focuses on the halt of price discovery function in the financial markets and the evaporation of market liquidity. Explores the mechanism of these phenomena by using simulation techniques shown in Muranaga and Shimizu (1999).","34","1999","1999","","Liquidity (Economics).","en","https://books.google.com/books/content?id=TDu3AAAAIAAJ&printsec=frontcover&img=1&zoom=1&source=gbs_api","google_books","",""
"0i0-AQAAIAAJ","market microstructure order execution","market microstructure order execution","0","17","17","2026-05-14T13:00:03+00:00","0i0-AQAAIAAJ","volume_id","1","The Law and Economics of Best Execution","","Jonathan R. Macey","","","","","68","1997","1997","","Clearing of securities","en","https://books.google.com/books/content?id=0i0-AQAAIAAJ&printsec=frontcover&img=1&zoom=1&source=gbs_api","google_books","",""
"U19JS5EWBA4C","market microstructure order execution","market microstructure order execution","0","18","18","2026-05-14T13:00:03+00:00","U19JS5EWBA4C","volume_id","1","The Microstructure of Securities Markets","","Kalman J. Cohen","","","","","280","1986","1986","Prentice Hall","Business & Economics","en","https://books.google.com/books/content?id=U19JS5EWBA4C&printsec=frontcover&img=1&zoom=1&source=gbs_api","google_books","",""
"kMfvaoBR7CgC","market microstructure order execution","market microstructure order execution","0","19","19","2026-05-14T13:00:03+00:00","kMfvaoBR7CgC","volume_id","1","The Flow of Information in Financial Markets","A Market Microstructure Examination","Allan A. Zebedee","","","","","270","2001","2001","","Financial futures","en","https://books.google.com/books/content?id=kMfvaoBR7CgC&printsec=frontcover&img=1&zoom=1&source=gbs_api","google_books","",""
"mTsojU123lMC","market microstructure order execution","market microstructure order execution","40","2","42","2026-05-14T13:00:05+00:00","mTsojU123lMC","volume_id","1","Journal of Financial Economics","","Graduate School of Management, Harvard University, University of Rochester","","","","Published: Elsevier, 2004-","","1997","1997","","","en","https://books.google.com/books/content?id=mTsojU123lMC&printsec=frontcover&img=1&zoom=1&source=gbs_api","google_books","",""
"5vPukh99wHkC","market microstructure order execution","market microstructure order execution","40","5","45","2026-05-14T13:00:05+00:00","5vPukh99wHkC","volume_id","1","An Intraday Analysis of Stock Market Liquidity","","Joe Lange","","","","","222","1998","1998","","Liquidity (Economics)","en","https://books.google.com/books/content?id=5vPukh99wHkC&printsec=frontcover&img=1&zoom=1&source=gbs_api","google_books","",""
"JlBJAAAAYAAJ","market microstructure order execution","market microstructure order execution","40","6","46","2026-05-14T13:00:05+00:00","JlBJAAAAYAAJ","volume_id","1","Transaction Costs and Institutional Investor Trading Strategies","","Robert Alan Schwartz, David K. Whitcomb","","","","","86","1988","1988","","Financial institutions","en","https://books.google.com/books/content?id=JlBJAAAAYAAJ&printsec=frontcover&img=1&zoom=1&source=gbs_api","google_books","",""
"-B5NAQAAMAAJ","market microstructure order execution","market microstructure order execution","40","9","49","2026-05-14T13:00:05+00:00","-B5NAQAAMAAJ","volume_id","1","An Analysis of Market Organization, Order Strategy and Market Quality","","Gail Michele Belonsky","","","","","418","1996","1996","","","en","https://books.google.com/books/content?id=-B5NAQAAMAAJ&printsec=frontcover&img=1&zoom=1&source=gbs_api","google_books","",""
"brAsAQAAIAAJ","market microstructure order execution","market microstructure order execution","40","11","51","2026-05-14T13:00:05+00:00","brAsAQAAIAAJ","volume_id","1","Financial Futures and Options Markets","Concepts and Strategies","Robert T. Daigler","","","","","664","1994","1994","HarperCollins College","Business & Economics","en","https://books.google.com/books/content?id=brAsAQAAIAAJ&printsec=frontcover&img=1&zoom=1&source=gbs_api","google_books","",""
"mDLHDRtFVEgC","market microstructure order execution","market microstructure order execution","40","12","52","2026-05-14T13:00:05+00:00","mDLHDRtFVEgC","volume_id","1","Effects of Trading Halt System on Market Functioning","Simulation Analysis of Market Behavior with Artificial Shutdown","Jun Muranaga, Tokiko Shimizu","","","","","68","1999","1999","","Stock exchanges","en","https://books.google.com/books/content?id=mDLHDRtFVEgC&printsec=frontcover&img=1&zoom=1&source=gbs_api","google_books","",""
"78EiAQAAMAAJ","market microstructure order execution","market microstructure order execution","40","14","54","2026-05-14T13:00:05+00:00","78EiAQAAMAAJ","volume_id","1","An Ordered Probit Analysis of Transaction Stock Prices","","Jerry A. Hausman, Andrew Wen-Chuan Lo, Archie Craig MacKinlay","","","","We estimate the conditional distribution of trade-to-trade price changes using ordered probit, a statistical model for discrete random variables. Such an approach takes into account the fact that transaction price changes occur in discrete increments, typically eighths of a dollar, and occur at irregularly spaced time intervals. Unlike existing continuous-time/discrete-state models of discrete transaction prices, ordered probit can capture the effects of other economic variables on price changes, such as volume, past price changes, and the time between trades. Using 1988 transactions data for over 100 randomly chosen U.S. stocks, we estimate the ordered probit model via maximum likelihood and use the parameter estimates to measure several transaction-related quantities, such as the price impact of trades of a given size, the tendency towards price reversals from one transaction to the next, and the empirical significance of price discreteness.","92","1991","1991","","Finance","en","https://books.google.com/books/content?id=78EiAQAAMAAJ&printsec=frontcover&img=1&zoom=1&source=gbs_api","google_books","",""
"BfS3AAAAIAAJ","market microstructure order execution","market microstructure order execution","80","1","81","2026-05-14T13:00:07+00:00","BfS3AAAAIAAJ","volume_id","1","International Investments","","Bruno H. Solnik","","","","This work offers a coverage of the challenges and hazards of international investment, and the case for international diversification. It also includes a treatment of international performance analysis and currency issues.","664","1996","1996","Addison Wesley Publishing Company","Business & Economics","en","https://books.google.com/books/content?id=BfS3AAAAIAAJ&printsec=frontcover&img=1&zoom=1&source=gbs_api","google_books","",""
"xKlHAAAAYAAJ","market microstructure order execution","market microstructure order execution","80","7","87","2026-05-14T13:00:07+00:00","xKlHAAAAYAAJ","volume_id","1","Limit Order Book as a Market for Liquidity","","Thierry Foucault, Ohad Kadan, Eugene Kandel","","","","","76","2001","2001","","Liquidity (Economics)","en","https://books.google.com/books/content?id=xKlHAAAAYAAJ&printsec=frontcover&img=1&zoom=1&source=gbs_api","google_books","",""
"UM8JAQAAMAAJ","market microstructure order execution","market microstructure order execution","80","9","89","2026-05-14T13:00:07+00:00","UM8JAQAAMAAJ","volume_id","1","Performance of International Securities Markets","","Heiko Schmiedel","","","","Tiivistelmä.","284","2004","2004","","Clearing of securities","en","https://books.google.com/books/content?id=UM8JAQAAMAAJ&printsec=frontcover&img=1&zoom=1&source=gbs_api","google_books","",""
"YVVSAQAAIAAJ","market microstructure order execution","market microstructure order execution","80","11","91","2026-05-14T13:00:07+00:00","YVVSAQAAIAAJ","volume_id","1","Regulating Exchanges and Alternative Trading Systems","A Law and Economics Perspective","Jonathan R. Macey, Maureen O'Hara","","","","","66","1998","1998","","Investments","en","https://books.google.com/books/content?id=YVVSAQAAIAAJ&printsec=frontcover&img=1&zoom=1&source=gbs_api","google_books","",""
"4pbwAAAAMAAJ","market microstructure order execution","market microstructure order execution","80","12","92","2026-05-14T13:00:07+00:00","4pbwAAAAMAAJ","volume_id","1","Share Liquidity and Corporate Efforts to Enhance it","A Study on the Swedish Stock Exchange","Maria Gårdängen","","","","","268","2005","2005","","Liquidity (Economics)","en","https://books.google.com/books/content?id=4pbwAAAAMAAJ&printsec=frontcover&img=1&zoom=1&source=gbs_api","google_books","",""
"57fuAAAAMAAJ","market microstructure order execution","market microstructure order execution","80","14","94","2026-05-14T13:00:07+00:00","57fuAAAAMAAJ","volume_id","1","Financial Modelling","Proceedings of the 23rd Meeting of the Euro Working Group","Andrzej M. J. Skulimowski","","","","","510","1999","1999","","Corporations","en","https://books.google.com/books/content?id=57fuAAAAMAAJ&printsec=frontcover&img=1&zoom=1&source=gbs_api","google_books","",""
"_rC3AAAAIAAJ","market microstructure order execution","market microstructure order execution","80","17","97","2026-05-14T13:00:07+00:00","_rC3AAAAIAAJ","volume_id","1","The Challenge of Information Technology for the Securities Markets","Liquidity, Volatility, and Global Trading","Salomon Brothers Center for the Study of Financial Institutions","","","","","334","1989","1989","McGraw-Hill Professional Publishing","Business & Economics","en","https://books.google.com/books/content?id=_rC3AAAAIAAJ&printsec=frontcover&img=1&zoom=1&source=gbs_api","google_books","",""
"ZerzAAAAMAAJ","financial statement analysis investing","financial statement analysis investing","0","6","6","2026-05-14T13:00:09+00:00","ZerzAAAAMAAJ","volume_id","1","Financial Statement Analysis and Security Valuation","","Stephen H. Penman","","","","Lays out the techniques and principles of financial statement analysis, with a focus on the investor. Works from a conceptual framework and provides tools for practical analysis. Illustrates methods with applications to recognisable companies such as Nike, Microsoft, Dell, and Coca-Cola.","808","2007","2007","McGraw-Hill/Irwin","Business & Economics","en","https://books.google.com/books/content?id=ZerzAAAAMAAJ&printsec=frontcover&img=1&zoom=1&source=gbs_api","google_books","",""
"a1EPAQAAMAAJ","financial statement analysis investing","financial statement analysis investing","0","8","8","2026-05-14T13:00:09+00:00","a1EPAQAAMAAJ","volume_id","1","Financial Statement Analysis","Using Financial Accounting Information","Charles H. Gibson","","","","Gibson does not oversimplify financial statements. Rather, it involves readers with the material by using real-world examples, with emphasis on the analysis and interpretation of the end result of financial reporting - financial statements.","838","1998","1998","South Western Educational Publishing","Business & Economics","en","https://books.google.com/books/content?id=a1EPAQAAMAAJ&printsec=frontcover&img=1&zoom=1&source=gbs_api","google_books","",""
"KGgPAQAAMAAJ","financial statement analysis investing","financial statement analysis investing","0","9","9","2026-05-14T13:00:09+00:00","KGgPAQAAMAAJ","volume_id","1","Financial Statement Analysis","","Ray Ball, S. P. Kothari","","","","Textbook","790","1994","1994","McGraw-Hill Companies","Business & Economics","en","https://books.google.com/books/content?id=KGgPAQAAMAAJ&printsec=frontcover&img=1&zoom=1&source=gbs_api","google_books","",""
"8TwPAQAAMAAJ","financial statement analysis investing","financial statement analysis investing","0","10","10","2026-05-14T13:00:09+00:00","8TwPAQAAMAAJ","volume_id","1","Financial Reporting and Statement Analysis","A Strategic Perspective","Clyde P. Stickney","","","","For the undergraduate or MBA course in Financial Statement Analysis offered by accounting, finance, and economics departments. This text takes a strategic approach to financial statement analysis. Not only will students apply accounting principles and procedures, but they will understand the economic conditions of a firm and the firm's particular strategies to compete in each of its businesses. This approach elevates the course from one of mechanical calculations to one that integrates concepts from economics, business strategy, accounting, and other business disciplines. This synthesizing experience rewards students both intellectually and practically.","760","1996","1996","","Business & Economics","en","https://books.google.com/books/content?id=8TwPAQAAMAAJ&printsec=frontcover&img=1&zoom=1&source=gbs_api","google_books","",""
"Tg9LAAAAYAAJ","financial statement analysis investing","financial statement analysis investing","0","14","14","2026-05-14T13:00:09+00:00","Tg9LAAAAYAAJ","volume_id","1","Analysis of American and Canadian Securities for the Use of English Investors","","Kenneth Ffarington Bellairs","","","","","164","1874","1874","","Investments","en","https://books.google.com/books/content?id=Tg9LAAAAYAAJ&printsec=frontcover&img=1&zoom=1&edge=curl&source=gbs_api","google_books","",""
"c-m2AAAAIAAJ","financial statement analysis investing","financial statement analysis investing","0","15","15","2026-05-14T13:00:09+00:00","c-m2AAAAIAAJ","volume_id","1","Financial Statement Analysis","Theory, Application, and Interpretation","Leopold A. Bernstein","","","","","1112","1993","1993","McGraw-Hill/Irwin","Business & Economics","en","https://books.google.com/books/content?id=c-m2AAAAIAAJ&printsec=frontcover&img=1&zoom=1&source=gbs_api","google_books","2.5","2"
"EmYPAQAAMAAJ","financial statement analysis investing","financial statement analysis investing","0","16","16","2026-05-14T13:00:09+00:00","EmYPAQAAMAAJ","volume_id","1","Modern Strategy for Successful Investing","A Guide to Preserving Your Capital and Making it Grow","Keith V. Smith, David K. Eiteman","","","","","584","1974","1974","","Business & Economics","en","https://books.google.com/books/content?id=EmYPAQAAMAAJ&printsec=frontcover&img=1&zoom=1&source=gbs_api","google_books","",""
"UuBDAQAAIAAJ","financial statement analysis investing","financial statement analysis investing","0","17","17","2026-05-14T13:00:09+00:00","UuBDAQAAIAAJ","volume_id","1","Practical Financial Statement Analysis","","Roy A. Foulke","","","","","744","1950","1950","","Accounting","en","https://books.google.com/books/content?id=UuBDAQAAIAAJ&printsec=frontcover&img=1&zoom=1&source=gbs_api","google_books","",""
"ZEEPAQAAMAAJ","financial statement analysis investing","financial statement analysis investing","0","18","18","2026-05-14T13:00:09+00:00","ZEEPAQAAMAAJ","volume_id","1","The Analysis of Financial Statements","","Harry George Guthmann","","","","","476","1925","1925","","Accounting","en","https://books.google.com/books/content?id=ZEEPAQAAMAAJ&printsec=frontcover&img=1&zoom=1&source=gbs_api","google_books","",""
"owAdAAAAIAAJ","financial statement analysis investing","financial statement analysis investing","40","0","40","2026-05-14T13:00:11+00:00","owAdAAAAIAAJ","volume_id","1","Badger on Investment Principles and Practices","","Ralph Eastman Badger","","","","","958","1928","1928","","Investments","en","https://books.google.com/books/content?id=owAdAAAAIAAJ&printsec=frontcover&img=1&zoom=1&source=gbs_api","google_books","",""
"eUU6AAAAMAAJ","financial statement analysis investing","financial statement analysis investing","40","1","41","2026-05-14T13:00:11+00:00","eUU6AAAAMAAJ","volume_id","1","Sources of Investment Information","Compiled for the Investment Bankers Association of America","Special Libraries Association. Exhibit Committee","","","","","88","1929","1929","","Investments","en","https://books.google.com/books/content?id=eUU6AAAAMAAJ&printsec=frontcover&img=1&zoom=1&source=gbs_api","google_books","",""
"VOC2AAAAIAAJ","financial statement analysis investing","financial statement analysis investing","40","2","42","2026-05-14T13:00:11+00:00","VOC2AAAAIAAJ","volume_id","1","Handbook of International Accounting","","Frederick D. S. Choi","","","","As the global economy develops, international accounting has become an important and volatile field. This reference work aims to cover all important topics and keep readers up-to-date with on-going developments. Coverage includes the accounting function and practices, technical issues like currency transactions, pricing, pensions, leasing, financial reporting and disclosures, auditing, planning and control, and accounting standards.","892","1991","1991","Wiley","Business & Economics","en","https://books.google.com/books/content?id=VOC2AAAAIAAJ&printsec=frontcover&img=1&zoom=1&source=gbs_api","google_books","",""
"vm5aAAAAYAAJ","financial statement analysis investing","financial statement analysis investing","40","6","46","2026-05-14T13:00:11+00:00","vm5aAAAAYAAJ","volume_id","1","Insurance Company Investment Management Handbook","","Edmund A. Mennis, Stanley D. Ryals","","","","","680","1992","1992","","Business & Economics","en","https://books.google.com/books/content?id=vm5aAAAAYAAJ&printsec=frontcover&img=1&zoom=1&source=gbs_api","google_books","",""
"pNOxAAAAIAAJ","financial statement analysis investing","financial statement analysis investing","40","8","48","2026-05-14T13:00:11+00:00","pNOxAAAAIAAJ","volume_id","1","Venture's Guide to Investing in Private Companies","A Financing Manual for the Entrepreneurial Investor","Arthur Lipper, George Ryan","","","","","312","1984","1984","Irwin Professional Publishing","Business & Economics","en","https://books.google.com/books/content?id=pNOxAAAAIAAJ&printsec=frontcover&img=1&zoom=1&source=gbs_api","google_books","",""
"V3u3AAAAIAAJ","financial statement analysis investing","financial statement analysis investing","40","9","49","2026-05-14T13:00:11+00:00","V3u3AAAAIAAJ","volume_id","1","Techniques of Financial Analysis","A Guide to Value Creation","Erich A. Helfert","","","","This best-selling practical guide for managers and students of business emphasizes the financial concepts and tools that are essential for making sound business decisions in order to create shareholder value. The book's major appeal for over 35 years, with 500,000 copies in print in 9 languages, has been its direct, concise, no-nonsense approach. The 10th (millennium) edition maintains the unique perspective that any business can be viewed as a dynamic, integrated system of cash flows, which are activated by management decisions. The new edition is integrated with an advanced financial analysis and planning application, Financial Genome, which is available from www.modernsoft.com, together with free templates illustrating the key concepts and diagrams of the book.Check out Financial Genome at http: //www.modernsoft.com","586","2000","2000","McGraw-Hill/Irwin","Business & Economics","en","https://books.google.com/books/content?id=V3u3AAAAIAAJ&printsec=frontcover&img=1&zoom=1&source=gbs_api","google_books","",""
"GXj9zOzLur0C","financial statement analysis investing","financial statement analysis investing","40","10","50","2026-05-14T13:00:11+00:00","GXj9zOzLur0C","volume_id","1","The Evening Sessions","","University of Toledo","","","","","678","1921","1921","","Universities and colleges","en","https://books.google.com/books/content?id=GXj9zOzLur0C&printsec=frontcover&img=1&zoom=1&source=gbs_api","google_books","",""
"tdJOAQAAMAAJ","financial statement analysis investing","financial statement analysis investing","40","11","51","2026-05-14T13:00:11+00:00","tdJOAQAAMAAJ","volume_id","1","Investment Basics","","Joyce Edna Jones","","","","","44","1999","1999","","Investments","en","https://books.google.com/books/content?id=tdJOAQAAMAAJ&printsec=frontcover&img=1&zoom=1&source=gbs_api","google_books","",""
"F1EPAQAAMAAJ","financial statement analysis investing","financial statement analysis investing","40","12","52","2026-05-14T13:00:11+00:00","F1EPAQAAMAAJ","volume_id","1","Understanding Financial Statements","","Lyn M. Fraser, Aileen Ormiston","","","","A supplementary text for a variety of Business courses, including Principles of Financial Accounting, Intermediate Accounting, Investments, Personal Finance, and Financial Planning and Analysis. This classic text presents the conceptual background and analytical tools necessary to understand and interpret financial statements. The emphasis throughout is on the evaluation of financial statements and their usefulness for business decision-making - rather than on how the financial statements are constructed. Straightforward, understandable, and accessible - regardless of students background - it orients them toward what they will actually encounter in practice. By emphasizing how to solve unstructured problems and how to use accounting information for decision-making, it helps students learn how to think and reason through complex, real-world situations. *NEW - New accounting and reporting standards - Incorporated throughout, especially in regard to comprehensive income and segments. *NEW - Writing skills problems added to each chapter. *NEW - Internet problems added to each chapter. *NEW - Real corporation (PETsMART) problems added to each chapter. *Mini-cases using the financial sta","292","2001","2001","","Business & Economics","en","https://books.google.com/books/content?id=F1EPAQAAMAAJ&printsec=frontcover&img=1&zoom=1&source=gbs_api","google_books","",""
"uPxCAAAAIAAJ","financial statement analysis investing","financial statement analysis investing","40","13","53","2026-05-14T13:00:11+00:00","uPxCAAAAIAAJ","volume_id","1","Analyzing Financial Statements","","Stephen Gilman","","","","","242","1925","1925","","Accounting","en","https://books.google.com/books/content?id=uPxCAAAAIAAJ&printsec=frontcover&img=1&zoom=1&source=gbs_api","google_books","",""
"OHrPAAAAMAAJ","financial statement analysis investing","financial statement analysis investing","40","14","54","2026-05-14T13:00:11+00:00","OHrPAAAAMAAJ","volume_id","1","An Analysis of Investment Banking for Vocational Guidance","","Investment Bankers Association of America. Education Committee","","","","","72","1929","1929","","Investment banking","en","https://books.google.com/books/content?id=OHrPAAAAMAAJ&printsec=frontcover&img=1&zoom=1&source=gbs_api","google_books","",""
"KWkUAAAAIAAJ","financial statement analysis investing","financial statement analysis investing","40","15","55","2026-05-14T13:00:11+00:00","KWkUAAAAIAAJ","volume_id","1","Annual Report of the President of the University for the Year Ending ...","","Stanford University","","","","Contains annual financial report, reports of schools, departments, committees, other administrative offices, and publications of the faculty.","1224","1927","1927","","","en","https://books.google.com/books/content?id=KWkUAAAAIAAJ&printsec=frontcover&img=1&zoom=1&source=gbs_api","google_books","",""
"X8NHAAAAIAAJ","financial statement analysis investing","financial statement analysis investing","40","16","56","2026-05-14T13:00:11+00:00","X8NHAAAAIAAJ","volume_id","1","The Analysis of Financial Statements","","Aaron Morton Sakolski","","","","","66","1923","1923","","Corporations","en","https://books.google.com/books/content?id=X8NHAAAAIAAJ&printsec=frontcover&img=1&zoom=1&source=gbs_api","google_books","",""
"ri79a3ckTX8C","financial statement analysis investing","financial statement analysis investing","40","18","58","2026-05-14T13:00:11+00:00","ri79a3ckTX8C","volume_id","1","Moody's Analyses of Railroad Investments","","John Sherman Porter","","","","American government securities); 1928-53 in 5 annual vols.:[v.1] Railroad securities (1952-53. Transportation); [v.2] Industrial securities; [v.3] Public utility securities; [v.4] Government securities (1928-54); [v.5] Banks, insurance companies, investment trusts, real estate, finance and credit companies ( 1928-54)","2282","1926","1926","","Corporations","en","https://books.google.com/books/content?id=ri79a3ckTX8C&printsec=frontcover&img=1&zoom=1&source=gbs_api","google_books","",""
"ADAUAQAAMAAJ","financial statement analysis investing","financial statement analysis investing","80","0","80","2026-05-14T13:00:14+00:00","ADAUAQAAMAAJ","volume_id","1","An Analysis of Issues Related to Criteria for Determining Materiality","","Financial Accounting Standards Board","","","","","274","1975","1975","","Accounting","en","https://books.google.com/books/content?id=ADAUAQAAMAAJ&printsec=frontcover&img=1&zoom=1&source=gbs_api","google_books","",""
"P7ALAQAAIAAJ","financial statement analysis investing","financial statement analysis investing","80","2","82","2026-05-14T13:00:14+00:00","P7ALAQAAIAAJ","volume_id","1","Ratio Analysis of Financial Statements","An Explanation of a Method of Analysing Financial Statements by the Use of Ratios","Alexander Wall, Raymond William Duning","","","","","384","1928","1928","","Accounting","en","https://books.google.com/books/content?id=P7ALAQAAIAAJ&printsec=frontcover&img=1&zoom=1&source=gbs_api","google_books","",""
"21g6AQAAMAAJ","financial statement analysis investing","financial statement analysis investing","80","3","83","2026-05-14T13:00:14+00:00","21g6AQAAMAAJ","volume_id","1","Investment Analysis","Fundamentals in the Analysis of Investment Securities","Walter Edwards Lagerquist","","","","","824","1922","1922","","Bonds","en","https://books.google.com/books/content?id=21g6AQAAMAAJ&printsec=frontcover&img=1&zoom=1&source=gbs_api","google_books","",""
"mHFIAQAAMAAJ","financial statement analysis investing","financial statement analysis investing","80","8","88","2026-05-14T13:00:14+00:00","mHFIAQAAMAAJ","volume_id","1","2400 Business Books and Guide to Business Literature","","New Jersey. Public Library","","","","","478","1920","1920","","","en","https://books.google.com/books/content?id=mHFIAQAAMAAJ&printsec=frontcover&img=1&zoom=1&source=gbs_api","google_books","",""
"jjJCAQAAMAAJ","financial statement analysis investing","financial statement analysis investing","80","9","89","2026-05-14T13:00:14+00:00","jjJCAQAAMAAJ","volume_id","1","2400 Business Books","And Guide to Business Literature","Newark Public Library. Business Branch, Linda Huckel Morley, Adelaide Cecilia Knight","","","","","476","1920","1920","","Business","en","https://books.google.com/books/content?id=jjJCAQAAMAAJ&printsec=frontcover&img=1&zoom=1&source=gbs_api","google_books","",""
"_xY7AQAAMAAJ","financial statement analysis investing","financial statement analysis investing","80","10","90","2026-05-14T13:00:14+00:00","_xY7AQAAMAAJ","volume_id","1","2100 Business Books, and Guide to Business Literature","","Newark Public Library. Business Branch","","","","","474","1920","1920","","Business","en","https://books.google.com/books/content?id=_xY7AQAAMAAJ&printsec=frontcover&img=1&zoom=1&source=gbs_api","google_books","",""
"UIEYAAAAIAAJ","financial statement analysis investing","financial statement analysis investing","80","12","92","2026-05-14T13:00:14+00:00","UIEYAAAAIAAJ","volume_id","1","Barron's Finance & Investment Handbook","","John Downes, Jordan Elliot Goodman","","","","Previous editions of this comprehensive reference book have been called arequired reading for students, investors, and writersa by"" USA Today,"" and aa teeming reservoir of informationa by the"" Oakland Tribune."" Updated to reflect the 2006 investment climate, the new edition of Barronas"" Finance and Investment Handbook"" presents a financial dictionary of more than 5,000 terms, an analysis of many current investment opportunities, guidelines for non-experts on what to look for when reading corporate reports and financial news sources, an up-to-date directory of hundreds of publicly traded corporations in the United States and Canada, and a directory listing the names and addresses of brokerage houses, mutual funds families, banks, federal and state regulators, and other major financial institutions. Here in one big volume is indispensable information for planning and maintaining a healthy investment portfolio.","1256","1990","1990","Barron's Educational Series","Business & Economics","en","https://books.google.com/books/content?id=UIEYAAAAIAAJ&printsec=frontcover&img=1&zoom=1&source=gbs_api","google_books","",""
"P2MiAQAAMAAJ","financial statement analysis investing","financial statement analysis investing","80","14","94","2026-05-14T13:00:14+00:00","P2MiAQAAMAAJ","volume_id","1","Coordination of Investments in Transport Infrastructures","Analysis-recommendations-procedures : Study Drawn Up at the Request of the Commission of the European Communities","Commission of the European Communities","","","","","92","1973","1973","","Investments","en","https://books.google.com/books/content?id=P2MiAQAAMAAJ&printsec=frontcover&img=1&zoom=1&source=gbs_api","google_books","",""
"X4RFAAAAYAAJ","financial statement analysis investing","financial statement analysis investing","80","15","95","2026-05-14T13:00:14+00:00","X4RFAAAAYAAJ","volume_id","1","Models for Investors in Real World Markets","","James R. Thompson, Edward E. Williams, M. Chapman Findlay, III","","","","The collapse of the Scholes-Merton Long Term Capital Management (LTCM) hedge fund created quite a fiasco. It made people who thought of the efficient market-based formulae for fair prices as rigid laws question their beliefs. Inspired by the collapse, this book provides an anti-efficient markets approach to investment theory and management.","416","2003","2003","Wiley-Interscience","Business & Economics","en","https://books.google.com/books/content?id=X4RFAAAAYAAJ&printsec=frontcover&img=1&zoom=1&source=gbs_api","google_books","",""
"pVIUAQAAMAAJ","financial statement analysis investing","financial statement analysis investing","80","16","96","2026-05-14T13:00:14+00:00","pVIUAQAAMAAJ","volume_id","1","Analysis of Industrial Securities","","Carl Kraft","","","","","332","1930","1930","","Industries","en","https://books.google.com/books/content?id=pVIUAQAAMAAJ&printsec=frontcover&img=1&zoom=1&source=gbs_api","google_books","",""
"tEYUAQAAMAAJ","financial statement analysis investing","financial statement analysis investing","80","18","98","2026-05-14T13:00:14+00:00","tEYUAQAAMAAJ","volume_id","1","Audits of Investment Companies, with Conforming Changes as of May 1, 1994","","American Institute of Certified Public Accountants. Investment Companies Special Committee","","","","","274","1994","1994","","Mutual funds","en","https://books.google.com/books/content?id=tEYUAQAAMAAJ&printsec=frontcover&img=1&zoom=1&source=gbs_api","google_books","",""
"u2m4EAAAQBAJ","trade execution slippage liquidity","trade execution slippage liquidity","0","3","3","2026-05-14T13:00:16+00:00","u2m4EAAAQBAJ","volume_id","1","The Quant Trader's Handbook","A Complete Guide to Algorithmic Trading Strategies and Techniques","Josh Luberisse","","","","In ""The Quant Trader's Handbook,"" Josh masterfully navigates the intricate world of algorithmic trading, shedding light on its various complexities and revealing the secrets that drive the success of some of the most prominent quantitative hedge funds and traders. Through a blend of captivating storytelling and rigorous analysis, this guide offers readers an unparalleled opportunity to delve into the mechanics of quantitative trading, exploring the strategies, technologies, and practices that have transformed the financial landscape. As modern markets continue to be shaped by the silent precision of algorithms, it becomes essential for traders and investors to understand the underlying mechanics that drive these systems. This book promises to immerse its readers in the rich tapestry of the algorithmic trading realm, stretching from its nascent beginnings in the 1970s to the AI-integrated strategies of the 21st century. Inside, you'll embark on a chronological journey starting with the pioneering days of electronic stock markets and culminating in the sophisticated high-frequency trading systems of today. Alongside this, Josh takes you through the ins and outs of popular quantitative trading strategies, illustrated with intuitive pseudocode examples, like the Moving Average Crossover and the Pair Trading Strategy, ensuring even those new to the domain can grasp the nuances. But this isn't just a book about code and numbers. The Quant Trader's Handbook paints the bigger picture. With detailed network diagrams, you'll gain insights into the architectural complexity and beauty of modern trading systems, understanding how various components seamlessly intertwine to make real-time decisions in the blink of an eye. As you embark on this journey with Josh, you'll discover the foundational concepts of algorithmic trading, unravel the mysteries of quantitative analysis and modeling, and gain valuable insights into the inner workings of execution and order management. From the depths of data mining techniques to the heights of infrastructure and technology, each chapter is meticulously crafted to provide a thorough understanding of the various aspects that contribute to a successful algorithmic trading business. In addition to its wealth of practical knowledge, ""The Quant Trader's Handbook"" also delves into the regulatory and compliance considerations that are essential for navigating today's financial markets. With a keen eye for detail and a remarkable ability to contextualize even the most technical topics, Josh brings to life the fascinating stories of industry giants like Renaissance Technologies, DE Shaw, and Two Sigma, painting a vivid picture of the rise of quantitative finance. Whether you're an aspiring quant looking to make your mark in the world of finance, an investor trying to demystify the black box of algorithmic trading, or merely a curious soul eager to understand how bits and bytes are silently shaping the financial world, ""The Quant Trader's Handbook"" is an indispensable resource that will captivate, inform, and inspire you. Join Josh as he unravels the secrets of the world's most successful traders and embark on a journey that may just change the way you see the markets forever.","122","","","Fortis Novum Mundum","Business & Economics","en","https://books.google.com/books/content?id=u2m4EAAAQBAJ&printsec=frontcover&img=1&zoom=1&edge=curl&source=gbs_api","google_books","",""
"GVTHEQAAQBAJ","trade execution slippage liquidity","trade execution slippage liquidity","0","4","4","2026-05-14T13:00:16+00:00","GVTHEQAAQBAJ","volume_id","1","The 3-Level Bitcoin & Crypto Investing Framework","A Practical Guide for Beginners, Investors, and Traders","Andreas Tulong","","","","Discover the complete framework at: https://3levelsystem.com Why Most People Lose Money in Crypto Many people enter the cryptocurrency market without a clear structure or strategy. Instead of following a disciplined approach, they often: • buy random coins • follow hype on social media • panic during market crashes • chase short-term profits • invest without a clear long-term plan As a result, many investors lose money or leave the market too early. The crypto market can be volatile, but your strategy does not have to be chaotic. Many losses occur not because crypto is impossible to understand, but because investors rely on hype, react emotionally, and operate without a structured investment framework. The 3-Level Structured Crypto Framework provides a disciplined approach that helps investors: • analyze opportunities more clearly • manage risk more effectively • build a long-term strategy in digital assets With a structured system, investors can approach entry and exit decisions with greater clarity, confidence, and consistency. The cryptocurrency market moves fast. Without a clear framework, investors often follow noise instead of strategy. This book is designed for readers who want structure, clarity, and long-term thinking in the digital asset market. Who This Book Is For This book is especially useful for: ✔ Beginners who want a clear and practical introduction to Bitcoin and cryptocurrency investing. ✔ Individuals managing household finances, including homemakers who want to understand digital assets and long-term investing. ✔ Investors transitioning from traditional markets such as stocks, forex, or commodities into digital assets. ✔ Retail traders who want to improve decision-making and manage risk more effectively. ✔ Long-term Bitcoin holders who want a deeper understanding of portfolio structure and market cycles. ✔ Working professionals who want a systematic investment approach without watching the market all day. ✔ Students and lifelong learners building financial knowledge in an increasingly digital financial system. ✔ Entrepreneurs and business owners exploring digital assets as part of diversification strategies. ✔ Organizations and institutions evaluating cryptocurrency as a strategic asset in a changing global financial environment. Note: The book content introduces the “3-Level Structured Crypto Framework,” the core methodology behind the 3-Level Bitcoin & Crypto Investing approach. For additional resources and updates, visit: https://3levelsystem.com","325","2026","2026-03-08","AT Crypto Research","Business & Economics","en","https://books.google.com/books/content?id=GVTHEQAAQBAJ&printsec=frontcover&img=1&zoom=1&edge=curl&source=gbs_api","google_books","",""
"gARFAAAAYAAJ","trade execution slippage liquidity","trade execution slippage liquidity","0","8","8","2026-05-14T13:00:16+00:00","gARFAAAAYAAJ","volume_id","1","Applied Commodity Price Analysis, Forecasting, and Risk Management","April 20-21, 1989","NCR-134 (Committee : U.S.). Conference","","","","","390","1989","1989","","Agricultural prices","en","https://books.google.com/books/content?id=gARFAAAAYAAJ&printsec=frontcover&img=1&zoom=1&source=gbs_api","google_books","",""
"8EAfAQAAIAAJ","trade execution slippage liquidity","trade execution slippage liquidity","0","9","9","2026-05-14T13:00:16+00:00","8EAfAQAAIAAJ","volume_id","1","Forecasting Volatility in the Financial Markets","","John Knight, Stephen Satchell","","","","An aid to understanding the significance of volatility in the financial market, this text details modelling/forecasting techniques and uses a technical survey to define the models of volatility and return and explain the ways to measure risk. Applications in the financial markets are then detailed.","376","1998","1998","Butterworth-Heinemann","Business & Economics","en","https://books.google.com/books/content?id=8EAfAQAAIAAJ&printsec=frontcover&img=1&zoom=1&source=gbs_api","google_books","",""
"3NHs46dQsqcC","trade execution slippage liquidity","trade execution slippage liquidity","0","10","10","2026-05-14T13:00:16+00:00","3NHs46dQsqcC","volume_id","1","Market Integration and Price Execution for NYSE-listed Securities","","Charles M. C. Lee","","","","","48","1993","1993","","Securities","en","https://books.google.com/books/content?id=3NHs46dQsqcC&printsec=frontcover&img=1&zoom=1&source=gbs_api","google_books","",""
"wP8fIoP0NrMC","trade execution slippage liquidity","trade execution slippage liquidity","0","11","11","2026-05-14T13:00:16+00:00","wP8fIoP0NrMC","volume_id","1","Purchase of Order Flows and Favorable Executions","An Intermarket Comparison","Charles M. C. Lee","","","","","44","1991","1991","","Investment analysis","en","https://books.google.com/books/content?id=wP8fIoP0NrMC&printsec=frontcover&img=1&zoom=1&source=gbs_api","google_books","",""
"s55ya9gwYTQC","trade execution slippage liquidity","trade execution slippage liquidity","0","14","14","2026-05-14T13:00:16+00:00","s55ya9gwYTQC","volume_id","1","Optimal Execution of Multiasset Block Orders Under Stochastic Liquidity","","Naoki Makimoto, Yoshihiko Sugihara","","","","""In this paper, we develop a multiasset model of market liquidity and derive the optimal strategy for block order execution under both liquidity and volatility risk. The market liquidity flowing into and out of an order book is modeled as a mean-reverting stochastic process. Given the shape of the order book for each asset, we express the market impact of an execution as a recursive impact that recovers gradually with associated uncertainty. We then derive the optimal execution strategy as a closed-form solution to the mean-variance problem that optimizes the trade-off between the market impact and the volatility/liquidity risk given investor risk aversion. Using our model, we analyze some implications of the optimal execution strategy with comparative statics and simulations. We also discuss whether we avoid price manipulation with our optimal execution strategy.""--Prelim. p.","42","2010","2010","","Liquidity (Economics)","en","https://books.google.com/books/content?id=s55ya9gwYTQC&printsec=frontcover&img=1&zoom=1&source=gbs_api","google_books","",""
"U2laAAAAYAAJ","trade execution slippage liquidity","trade execution slippage liquidity","0","16","16","2026-05-14T13:00:16+00:00","U2laAAAAYAAJ","volume_id","1","Microstructure","The Organization of Trading and Short Term Price Behavior","Hans R. Stoll","","","","","536","1999","1999","","Capital market","en","https://books.google.com/books/content?id=U2laAAAAYAAJ&printsec=frontcover&img=1&zoom=1&source=gbs_api","google_books","",""
"u6i3AAAAIAAJ","trade execution slippage liquidity","trade execution slippage liquidity","0","18","18","2026-05-14T13:00:16+00:00","u6i3AAAAIAAJ","volume_id","1","The Dow Jones-Irwin Guide to Trading Systems","","Bruce Babcock","","","","Comprehensive and authoritative description of the theory, creation, and use of mechanical trading systems. Presents historical tests of various trading systems approaches in 10 markets over a 5 year period.","344","1989","1989","McGraw-Hill Professional Publishing","Business & Economics","en","https://books.google.com/books/content?id=u6i3AAAAIAAJ&printsec=frontcover&img=1&zoom=1&source=gbs_api","google_books","",""
"--LHAAAAIAAJ","trade execution slippage liquidity","trade execution slippage liquidity","40","0","40","2026-05-14T13:00:18+00:00","--LHAAAAIAAJ","volume_id","1","Risk Management and Financial Derivatives","A Guide to the Mathematics","Satyajit Das","","","","""Risk Management and Financial Derivatives: A Guide to the Mathematics meets the demand for a simple, nontechnical explanation of the methodology of risk management and financial derivatives."" ""Risk Management and Financial Derivatives provides clear, concise explanations of the mathematics behind today's complex financial risk management topics. An ideal introduction for those new to the subject, it will also serve as an indispensable reference for those already experienced in the field.""--BOOK JACKET.Title Summary field provided by Blackwell North America, Inc. All Rights Reserved","888","1998","1998","McGraw-Hill Companies","Business & Economics","en","https://books.google.com/books/content?id=--LHAAAAIAAJ&printsec=frontcover&img=1&zoom=1&source=gbs_api","google_books","",""
"at0PAQAAMAAJ","trade execution slippage liquidity","trade execution slippage liquidity","40","7","47","2026-05-14T13:00:18+00:00","at0PAQAAMAAJ","volume_id","1","Technical Traders Guide to Computer Analysis of the Futures Markets","","Charles Lebeau, David W. Lucas","","","","With the low cost of modern computer hardware and software combined with the communication of price data via satellite, a new and rapidly expanding market of traders using computers has developed. This essential book bridges the gap between the basic instruction that comes with software programs and what a trader actually needs to know to develop and text profitable futures trading system. With specific information on how to set up and use computer-generated technical studies of the most popular indicators, the book includes: How to build a trading system tailored to the reader's specific need; Practical instruction on how to display and analyze technical information; Advice for developing well disciplined money management and risk control strategies; techniques for monitoring a trading system to detect if something has gone wrong before major losses occur.","264","1992","1992","McGraw-Hill Companies","Business & Economics","en","https://books.google.com/books/content?id=at0PAQAAMAAJ&printsec=frontcover&img=1&zoom=1&source=gbs_api","google_books","",""
"dQm4AAAAIAAJ","trade execution slippage liquidity","trade execution slippage liquidity","40","14","54","2026-05-14T13:00:18+00:00","dQm4AAAAIAAJ","volume_id","1","Global Equity Markets","Technological, Competitive, and Regulatory Challenges","Robert Alan Schwartz","","","","The global equity market structure faces constant change and development. This timely resource is for financial professionals who want to understand the full scope of these changes, as well as the range of challenges they pose. In this book, noted regulators, scholars, and other professionals assess the current state of major and emerging global securities markets and the forces that move them.","544","1995","1995","Irwin Professional Publishing","Business & Economics","en","https://books.google.com/books/content?id=dQm4AAAAIAAJ&printsec=frontcover&img=1&zoom=1&source=gbs_api","google_books","",""
"WtdKAQAAIAAJ","trade execution slippage liquidity","trade execution slippage liquidity","40","17","57","2026-05-14T13:00:18+00:00","WtdKAQAAIAAJ","volume_id","1","Proposals for a Securities Market Law for Canada: Background papers","","Philip Anisman, Canada. Department of Consumer and Corporate Affairs","","","","","1748","1979","1979","","Securities","en","https://books.google.com/books/content?id=WtdKAQAAIAAJ&printsec=frontcover&img=1&zoom=1&source=gbs_api","google_books","",""
"Q_AJAQAAMAAJ","trade execution slippage liquidity","trade execution slippage liquidity","40","19","59","2026-05-14T13:00:18+00:00","Q_AJAQAAMAAJ","volume_id","1","The New Laws of the Stock Market Jungle","An Insider's Guide to Successful Investing in a Changing World","Michael J. Panzner","","","","Today's radically new equity markets: what every investor must know to survive . . . and thrive. bull; Why many of yesterday's key indicators and market patterns simply don't work anymore - and what to do about it. bull; How e-trading, instant messaging, and hedge funds are causing unprecedented market volatility. bull; Develop an appropriate investment strategy based on today's new realities.","328","2005","2005","Financial Times/Prentice Hall","Business & Economics","en","https://books.google.com/books/content?id=Q_AJAQAAMAAJ&printsec=frontcover&img=1&zoom=1&source=gbs_api","google_books","",""
"ZYDAEQAAQBAJ","trade execution slippage liquidity","trade execution slippage liquidity","80","1","81","2026-05-14T13:00:20+00:00","ZYDAEQAAQBAJ","volume_id","1","Trading Forex by Liquidity","Why London, New York, and Asia Decide Who Wins and Who Loses","Konstantin Titov","","","","Trading Forex by Liquidity Why London, New York, and Asia Decide Who Wins and Who Loses The foreign exchange market appears to move continuously, but in reality it operates in distinct liquidity phases driven by global trading sessions. While charts update around the clock, the market’s ability to absorb orders, manage risk, and provide reliable execution changes dramatically depending on who is active and when. Trading Forex by Liquidity explores how the London, New York, and Asia sessions shape price behavior - and why understanding these shifts is often more important than any indicator or pattern. Rather than focusing on signals or setups, this book examines the structural forces behind price movement: liquidity availability, session handovers, execution conditions, and the hidden costs traders encounter when trading at the wrong time. Many losses commonly blamed on psychology or poor discipline are shown to be the result of trading during thin or transitional market conditions. Inside, you’ll learn: Why the Forex market is not equally tradable at all hours How liquidity expands and contracts across London, New York, and Asia Why spreads, slippage, and stop behavior change by session How session overlaps create opportunity - and risk Why some breakouts succeed in one session and fail in another How timing influences execution quality more than most traders realize Each session is analyzed as its own trading environment, with different participants, incentives, and behaviors. The book explains how Asia often prepares the market, how London drives global repricing, and how New York confirms, extends, or reverses moves depending on capital flow and positioning. This is not a strategy book and does not provide trade recommendations. Instead, it offers a framework for understanding when market conditions support reliable trading - and when they do not. By recognizing liquidity regimes and session dynamics, traders can better align their activity with the market’s natural rhythm. Trading Forex by Liquidity is written for traders who already understand basic market concepts but want deeper insight into execution, timing, and market structure. It is especially relevant for day traders, scalpers, and anyone trading intraday movements across global sessions. By shifting focus from prediction to conditions, this book helps readers see the Forex market more clearly - and make decisions based on how it actually functions, not how it appears on a chart.","177","2026","2026-02-09","Konstantin Titov","Business & Economics","en","https://books.google.com/books/content?id=ZYDAEQAAQBAJ&printsec=frontcover&img=1&zoom=1&edge=curl&source=gbs_api","google_books","",""
"ZB6hEQAAQBAJ","trade execution slippage liquidity","trade execution slippage liquidity","80","3","83","2026-05-14T13:00:20+00:00","ZB6hEQAAQBAJ","volume_id","1","Crypto Market Microstructure","AMMs, DEXs, and Centralized Order Books","Victor Trex","","","","""Crypto Market Microstructure: AMMs, DEXs, and Centralized Order Books"" Crypto trading is often framed as charts and narratives, but your real edge—and your biggest risks—live in the mechanics of how trades actually get filled. This book is written for active crypto traders, quant-minded investors, and builders who need a clear, practical mental model of execution across the two dominant venue designs: centralized limit order books (CEXs) and on-chain automated market makers (DEXs). If you’ve ever wondered why “the same price” produces different results across venues, this is the missing layer. You’ll learn the end-to-end lifecycle of a trade and a unified cost model that includes spreads, impact, fees, funding, gas, and MEV. On the CEX side, the book breaks down order book anatomy, order types, matching priority, latency and queue position, and why real fills diverge from naïve backtests. On the DEX side, it explains block-level execution, constant-product AMM slippage, concentrated liquidity behavior, LP economics, and MEV as an execution tax. The final chapters turn these mechanics into practice: transaction cost analysis across venues, sizing and scheduling, routing and arbitrage, and defenses against failure modes and manipulation. No advanced math is required, but comfort with trading basics helps. The differentiator is consistency: every concept is tied to measurable execution outcomes so you can choose venues, design systems, and trade with fewer surprises.","205","2025","2025-12-17","HiTeX Press","Business & Economics","en","https://books.google.com/books/content?id=ZB6hEQAAQBAJ&printsec=frontcover&img=1&zoom=1&edge=curl&source=gbs_api","google_books","",""
"qi8izwEACAAJ","trade execution slippage liquidity","trade execution slippage liquidity","80","8","88","2026-05-14T13:00:20+00:00","qi8izwEACAAJ","volume_id","1","Optimal Trade Execution Under Stochastic Volatility and Liquidity","","Patrick Cheridito","","","","We study the problem of optimally liquidating a financial position in a discrete-time model with stochastic volatility and liquidity. We consider the three cases where the objective is to minimize the expectation, an expected exponential and a mean-variance criterion of the implementation cost. In the first case, the optimal solution can be fully characterized by a forward-backward system of stochastic equations depending on conditional expectations of future liquidity. In the other two cases we derive Bellman equations from which the optimal solutions can be obtained numerically by discretizing the control space. In all three cases we compute optimal strategies for different simulated realizations of prices, volatility and liquidity and compare the outcomes to the ones produced by the deterministic strategies of Bertsimas and Lo and Almgren and Chriss.","22","2014","2014","","","en","","google_books","",""
"4MoazwEACAAJ","trade execution slippage liquidity","trade execution slippage liquidity","80","9","89","2026-05-14T13:00:20+00:00","4MoazwEACAAJ","volume_id","1","Liquidity, Resiliency and Market Quality Around Predictable Trades","Theory and Evidence","Hendrik Bessembinder","","","","We extend the theory of strategic trading around a predictable liquidation by considering the role of market resiliency. Our model predicts that even a monopolist strategic trader improves market quality and increases liquidator proceeds if trades' temporary price impacts are quickly reversed. We provide related empirical evidence by studying prices, liquidity, and individual account trading activity around the large and predictable “roll” trades undertaken by the largest ETF tracking crude oil futures prices. The evidence indicates narrower bid-ask spreads, greater order book depth and improved resiliency on roll dates. We find that a larger number of individual trading accounts provide liquidity on roll dates, and do not find evidence of the systematic use of predatory strategies. On balance, the theory and evidence supports that strategic traders choose to provide liquidity to predictable trades in resilient markets. However, the large volume of trading associated with the roll transactions leads to substantial trade execution costs that average three percent per year.","67","2015","2015","","","en","","google_books","",""
"QGzozgEACAAJ","trade execution slippage liquidity","trade execution slippage liquidity","80","10","90","2026-05-14T13:00:20+00:00","QGzozgEACAAJ","volume_id","1","Hidden Liquidity","Order Exposure Strategies Around Earnings Announcements","Bidisha Chakrabarty","","","","Electronic limit order books are prevalent in financial markets. Most allow quot;hidden orders,quot; in which the order's information is neither revealed to the market nor reflected in the National Best Bid and Offer quotes. Hidden orders comprise a large portion of the trading activity in many stocks. While they enable traders to conceal information, hidden orders lose time priority to displayed orders, and thus face increased risk of non-execution. We examine hidden order activity around earnings announcements, a time when demand for the opacity of hidden orders is likely high, due to heightened private information acquisition, but demand for immediate trade execution is also likely high due to increased trading activity. We find that hidden order volume, the number of hidden orders executed, hidden order trade size, and the full size of hidden orders executed all increase around earnings announcements. This suggests hidden orders provide significant liquidity at a time when quoted liquidity typically falls. We also show that changes in hidden order activity at earnings announcements are related to cross-sectional variation in the firm's pre-announcement information environment, the information conveyed by the earnings announcement, and changes in quoted liquidity.","","2008","2008","","","en","","google_books","",""
"SL6cEQAAQBAJ","trade execution slippage liquidity","trade execution slippage liquidity","80","11","91","2026-05-14T13:00:20+00:00","SL6cEQAAQBAJ","volume_id","1","Trade Like a Rebel vol. 5 Pro Tools Margin, Leverage & Execution","","FlexMind","","","","Trade Like a Rebel – Vol. 5: Pro Tools, Margin, Leverage & Execution This isn’t a beginner’s guide. This is the volume where you stop trading like a hobbyist and start operating like a strategist. Inside, you’ll master the tools that separate casual traders from disciplined operators: Margin: how it truly works, when to use it, and when it becomes a time bomb. Leverage: the multiplier that can build or destroy wealth—learn to control it instead of letting it control you. Execution: order types, fills, slippage, and how pros enter and exit with precision. No fluff, no guru magic, no recycled advice. Just real mechanics, real risk management, and real trading discipline. If you’re ready to upgrade your skill set and trade with intention—not emotion—this volume is your new playbook.","29","","","FlexMind","Business & Economics","en","https://books.google.com/books/content?id=SL6cEQAAQBAJ&printsec=frontcover&img=1&zoom=1&edge=curl&source=gbs_api","google_books","",""
"3-azEQAAQBAJ","trade execution slippage liquidity","trade execution slippage liquidity","80","15","95","2026-05-14T13:00:20+00:00","3-azEQAAQBAJ","volume_id","1","Mastering Forex Spread Dynamics","Strategies for Profit in Trading Spread","Konstantin Titov","","","","Mastering Forex Spread Dynamics Understanding Spread Behavior, Trading Costs, and Market Conditions Forex trading involves more than identifying price direction. One of the most overlooked — yet consistently impactful — elements of trading performance is the spread. Many traders experience unexpected trade closures, increased costs, or stop-loss executions that occur without clear price movement. In many cases, these outcomes are related to spread behavior under specific market conditions, rather than to strategy errors. Mastering Forex Spread Dynamics is an educational guide designed to help traders better understand how spreads function in real market environments and how they influence trade execution and overall trading costs. What This Book Covers This book focuses on explaining how spreads behave across different trading conditions, including: How bid and ask pricing works in practical trading scenarios Why spreads can widen during rollover periods, session changes, and periods of reduced liquidity How volatility and market timing can influence execution costs The role broker-specific spread policies play in trade outcomes Common situations where spreads may affect stop-loss and take-profit levels Rather than offering trading signals or predictions, this book emphasizes market mechanics, cost awareness, and execution realities. Who This Book Is For Traders seeking a clearer understanding of how trading costs are formed Traders who want to better interpret execution behavior during active or low-liquidity periods Traders interested in improving their awareness of broker-related spread practices Intermediate and advanced traders looking to refine risk and cost considerations Why Understanding Spreads Matters Spreads are a fundamental component of every Forex transaction. Understanding how and when they change can help traders make more informed decisions about timing, position sizing, and risk exposure. By focusing on how spreads operate rather than on prediction, traders can better align their strategies with real-world market conditions.","45","2026","2026-01-21","Konstantin Titov","Business & Economics","en","https://books.google.com/books/content?id=3-azEQAAQBAJ&printsec=frontcover&img=1&zoom=1&edge=curl&source=gbs_api","google_books","",""
"f3G6EQAAQBAJ","trade execution slippage liquidity","trade execution slippage liquidity","80","19","99","2026-05-14T13:00:20+00:00","f3G6EQAAQBAJ","volume_id","1","Trade the Wild FX Exotics","Master Exotic Pairs with Proven Strategies","Konstantin Titov","","","","Still trading exotics like they’re majors—and wondering why the spread, the slippage, and the sudden gaps keep ambushing you? Exotic FX pairs can look like a shortcut to bigger moves. But if you approach USD/TRY, USD/ZAR, USD/MXN, EUR/HUF, or USD/BRL with the same playbook you use for EUR/USD, you’re walking into a different market structure with the wrong map. The “old way” fails because most trading books treat exotics as a footnote. They focus on textbook indicators, clean backtests, and liquid execution, while real exotic trading is shaped by wide spreads, thinner liquidity, news shocks, policy shifts, commodity sensitivity, and weekend gap risk. That’s why your stops get hunted, your risk math breaks, and your confidence takes repeated hits. Trade the Wild FX Exotics is the missing link: a practical, exotic-first framework that shows you how these pairs actually behave and how to build a process designed for them from the start. Inside, you’ll learn how to map the exotic FX landscape so you understand what you’re trading and why it moves differently than majors. You’ll evaluate liquidity, spreads, and execution realities to make cleaner decisions before you enter. You’ll learn to think in volatility, gaps, and event-driven risk so you stop treating surprises like bad luck. You’ll identify the macro drivers that matter most in exotics, including politics, central bank policy, and commodity linkages. You’ll build an exotic-focused toolkit using price action and indicator frameworks better suited to wide-range markets. You’ll apply clearer position sizing and stop placement rules designed specifically for exotic conditions and portfolio context. Who this is for: You already trade FX, or you understand the basics, and you want a serious guide to exotic pairs—one that respects the risks and teaches you how to think, plan, and execute with structure. Who this is not for: If you’re looking for a “secret signal,” a guaranteed system, or a shortcut that ignores risk, this book will frustrate you—in a good way. If you’re ready to stop forcing major-pair logic onto exotic markets and start building an approach that fits the terrain, scroll up and get your copy of Trade the Wild FX Exotics today.","153","2026","2026-01-29","Konstantin Titov","Business & Economics","en","https://books.google.com/books/content?id=f3G6EQAAQBAJ&printsec=frontcover&img=1&zoom=1&edge=curl&source=gbs_api","google_books","",""
"Rk13rgEACAAJ","intitle:""The Intelligent Investor"" inauthor:""graham""","intitle:""The Intelligent Investor"" inauthor:""graham""","0","4","4","2026-05-16T05:31:51+00:00","9780062312686","audit_lookup_isbn","1","The Intelligent Investor","The Definitive Book on Value Investing","Benjamin Graham","9780062312686","0062312685","9780062312686","","","2013","2013","","Investments","en","https://books.google.com/books/content?id=Rk13rgEACAAJ&printsec=frontcover&img=1&zoom=1&source=gbs_api","audit_must_include","5","1"
"TnrrDwAAQBAJ","intitle:""The Psychology of Money"" inauthor:""housel""","intitle:""The Psychology of Money"" inauthor:""housel""","0","0","0","2026-05-16T05:31:53+00:00","9780857197696","audit_lookup_isbn","1","The Psychology of Money","Timeless lessons on wealth, greed, and happiness","Morgan Housel","9780857197696","085719769X","9780857197696","The Sunday Times Number One Bestseller. Over 10 million copies sold around the world. The original book from Morgan Housel, the New York Times and Sunday Times bestselling author of Same As Ever and The Art of Spending Money. As featured on the Dr Chatterjee podcast Feel Better, Live More and the Diary of a CEO podcast with Steven Bartlett. Doing well with money isn't necessarily about what you know. It's about how you behave. And behavior is hard to teach, even to really smart people. Money – investing, personal finance, and business decisions – is typically taught as a math-based field, where data and formulas tell us exactly what to do. But in the real world people don't make financial decisions on a spreadsheet. They make them at the dinner table, or in a meeting room, where personal history, your own unique view of the world, ego, pride, marketing, and odd incentives are scrambled together. In The Psychology of Money, award-winning author Morgan Housel shares 19 short stories exploring the strange ways people think about money and teaches you how to make better sense of one of life's most important topics.","209","2020","2020-09-08","Harriman House Limited","Business & Economics","en","https://books.google.com/books/content?id=TnrrDwAAQBAJ&printsec=frontcover&img=1&zoom=1&edge=curl&source=gbs_api","audit_must_include","",""
"8SL6VVMa9AcC","intitle:""Trading in the Zone"" inauthor:""douglas""","intitle:""Trading in the Zone"" inauthor:""douglas""","0","0","0","2026-05-16T05:31:55+00:00","9781440625411","audit_lookup_isbn","1","Trading in the Zone","Master the Market with Confidence, Discipline, and a Winning Attitude","Mark Douglas","9781440625411","1440625417","9781440625411","Douglas uncovers the underlying reasons for lack of consistency and helps traders overcome the ingrained mental habits that cost them money. He takes on the myths of the market and exposes them one by one teaching traders to look beyond random outcomes, to understand the true realities of risk, and to be comfortable with the ""probabilities"" of market movement that governs all market speculation.","242","2001","2001-01-01","Penguin","Business & Economics","en","https://books.google.com/books/content?id=8SL6VVMa9AcC&printsec=frontcover&img=1&zoom=1&edge=curl&source=gbs_api","audit_must_include","",""
"Z9GNzwEACAAJ","intitle:""Big Debt Crises"" inauthor:""dalio""","intitle:""Big Debt Crises"" inauthor:""dalio""","0","2","2","2026-05-16T05:31:57+00:00","9780578565651","audit_lookup_isbn","1","Big Debt Crises","","Ray Dalio","9780578565651","057856565X","9780578565651","""Ray Dalio's excellent study provides an innovative way of thinking about debt crises and the policy response."" - Ben Bernanke ​""Ray Dalio's book is must reading for anyone who aspires to prevent or manage through the next financial crisis."" - Larry Summers ""A terrific piece of work from one of the world's top investors who has devoted his life to understanding markets and demonstrated that understanding by navigating the 2008 financial crisis well."" - Hank Paulson ""An outstanding history of financial crises, including the devastating crisis of 2008, with a very valuable framework for understanding why the engine of the financial system occasionally breaks down, and what types of policy actions by central banks and governments are necessary to resolve systemic financial crises. This should serve as a play book for future policy makers, with practical guidance about what to do and what not to do."" - Tim Geithner ""Dalio's approach, as in his investment management, is to synthesize information, and to convert a sprawling and multi-faceted issue into a clear-cut process of cause and effect. Critically, he simplifies without over-simplifying."" - Financial Times For the 10th anniversary of the 2008 financial crisis, one of the world's most successful investors, Ray Dalio, shares his unique template for how debt crises work and principles for dealing with them well. This template allowed his firm, Bridgewater Associates, to anticipate events and navigate them well while others struggled badly. As he explained in his #1 New York Times Bestseller, Principles: Life & Work, Dalio believes that most everything happens over and over again through time so that by studying their patterns one can understand the cause-effect relationships behind them and develop principles for dealing with them well. In this 3-part research series, he does that for big debt crises and shares his template in the hopes reducing the chances of big debt crises happening and helping them be better managed in the future. The template comes in three parts:: 1) The Archetypal Big Debt Cycle (which explains the template), 2) 3 Detailed Cases (which examines in depth the 2008 financial crisis, the 1930's Great Depression, and the 1920's inflationary depression of Germany's Weimar Republic), and 3) Compendium of 48 Cases (which is a compendium of charts and brief descriptions of the worst debt crises of the last 100 years). Whether you're an investor, a policy maker, or are simply interested, the unconventional perspective of one of the few people who navigated the crises successfully, Principles for Navigating Big Debt Crises will help you understand the economy and markets in revealing new ways.","","2020","2020-08-04","","","en","","audit_must_include","",""
"t-TQCwAAQBAJ","intitle:""Trading and Exchanges"" inauthor:""harris""","intitle:""Trading and Exchanges"" inauthor:""harris""","0","0","0","2026-05-16T05:32:00+00:00","9780199726547","audit_lookup_isbn","1","Trading and Exchanges","Market Microstructure for Practitioners","Larry Harris","9780199726547","019972654X","9780199726547","This book is about trading, the people who trade securities and contracts, the marketplaces where they trade, and the rules that govern it. Readers will learn about investors, brokers, dealers, arbitrageurs, retail traders, day traders, rogue traders, and gamblers; exchanges, boards of trade, dealer networks, ECNs (electronic communications networks), crossing markets, and pink sheets. Also covered in this text are single price auctions, open outcry auctions, and brokered markets limit orders, market orders, and stop orders. Finally, the author covers the areas of program trades, block trades, and short trades, price priority, time precedence, public order precedence, and display precedence, insider trading, scalping, and bluffing, and investing, speculating, and gambling.","656","2002","2002-10-24","Oxford University Press","Business & Economics","en","https://books.google.com/books/content?id=t-TQCwAAQBAJ&printsec=frontcover&img=1&zoom=1&edge=curl&source=gbs_api","audit_must_include","",""
"5NAZE-RBJoEC","intitle:""Trade Your Way to Financial Freedom"" inauthor:""tharp""","intitle:""Trade Your Way to Financial Freedom"" inauthor:""tharp""","0","0","0","2026-05-16T05:32:03+00:00","9780070647626","audit_lookup_isbn","1","Trade Your Way to Financial Freedom","","Van K. Tharp","9780070647626","0070647623","9780070647626","The famed psychologist--featured in the bestselling ""Market Wizards""--reveals his secrets to successful trading. Tharp clearly outlines a program for both individual investors and professionals to construct their own truly personal trading system. 50 illustrations.","374","1999","1999","McGraw Hill Professional","Business & Economics","en","https://books.google.com/books/content?id=5NAZE-RBJoEC&printsec=frontcover&img=1&zoom=1&source=gbs_api","audit_must_include","",""
"mna7CdjGdcYC","intitle:""Come Into My Trading Room"" inauthor:""elder""","intitle:""Come Into My Trading Room"" inauthor:""elder""","0","0","0","2026-05-16T05:32:05+00:00","9780471273820","audit_lookup_isbn","1","Come Into My Trading Room","A Complete Guide to Trading","Alexander Elder","9780471273820","0471273821","9780471273820","The trading bible for the new millennium In Come Into My Trading Room, noted trader and author Dr. Alexander Elder returns to expand far beyond the three M's (Mind, Method, and Money) of his bestselling Trading for a Living. Shifting focus from technical analysis to the overall management of a trader's money, time, and strategy, Dr. Elder takes readers from the fundamentals to the secrets of being a successful trader--identifying new, little known indicators that can lead to huge profits. Come Into My Trading Room educates the novice and fortifies the professional through expert advice and proven trading methodologies. This comprehensive trading guide provides a complete introduction to the essentials of successful trading; a fresh look at the three M's, including a proven, step-by-step money management strategy; and an in-depth look at organizing your trading time. Come Into My Trading Room reviews the basics of trading stocks, futures, and options as well as crucial psychological tactics for discipline and organization—with the goal of turning anyone into a complete and successful trader. By showing traders how to combine the elements of mind, method, and money, Come Into My Trading Room gives readers the knowledge and insight to enter the market with confidence and exit with profits. Unparalleled depth and a wide range of coverage will keep all levels of traders engaged, informed, and returning to Come Into My Trading Room again and again. Dr. Alexander Elder (New York, NY) is a professional trader, technical analysis expert, and practicing psychiatrist. He is the founder of Financial Trading Inc., providing intensive trading camps to traders all over the world. Elder's first book Trading for a Living (Wiley: 0471592242) and the companion study guide have sold over 160,000 copies.","322","2002","2002-10-10","John Wiley & Sons","Business & Economics","en","https://books.google.com/books/content?id=mna7CdjGdcYC&printsec=frontcover&img=1&zoom=1&edge=curl&source=gbs_api","audit_must_include","4.5","11"
"237PaZVtDjMC","intitle:""The New Sell and Sell Short"" inauthor:""elder""","intitle:""The New Sell and Sell Short"" inauthor:""elder""","0","0","0","2026-05-16T05:32:07+00:00","9781118005576","audit_lookup_isbn","1","The New Sell and Sell Short","How To Take Profits, Cut Losses, and Benefit From Price Declines","Alexander Elder","9781118005576","1118005570","9781118005576","A detailed look at one of the most underestimated aspects of trading-selling In The New Sell and Sell Short, Second Edition, Dr. Alexander Elder explains how to exit a stock at the right time and how to initiate a short position to profit from a stock that is showing weakness. Often overlooked, selling properly enables a trader to cut losses and maximize profits. Moreover, short selling in a weak market can generate big profits and should be a part of every trader's arsenal of tools. The new edition contains numerous examples of short selling stocks from the 2008-2009 bear market, demonstrating very clearly why traders do themselves a disservice by only focusing on the long side. In addition, the new edition contains an extensive study guide to help readers master the material prior to trading. Elder shares real-world examples that show how to manage your positions by adjusting your exit points as a trade unfolds. Contains new examples and insights from the 2008-2009 market meltdown Includes an extensive study guide with 115 questions and answers and 17 chart studies Discusses the selling process from a variety of angles: technical, fundamental, and psychological Explains how to maximize winnings in a profitable trade and how to minimize losses when a trade doesn't go as planned Offers detailed guidance for traders of stocks, financial futures, commodities, and currencies Explains how to set profit targets and stop-loss orders prior to entering any trade Other bestselling titles by Elder: Trading for a Living, Come Into My Trading Room, and Entries and Exits Understanding where and when to sell is essential to successful trading. The New Sell and Sell Short, Second Edition is the definitive reference to this overlooked, but vitally important, aspect of trading.","375","2011","2011-02-16","John Wiley & Sons","Business & Economics","en","https://books.google.com/books/content?id=237PaZVtDjMC&printsec=frontcover&img=1&zoom=1&edge=curl&source=gbs_api","audit_must_include","",""
"rSkyvwEACAAJ","intitle:""Entries & Exits"" inauthor:""elder""","intitle:""Entries & Exits"" inauthor:""elder""","0","1","1","2026-05-16T05:32:09+00:00","rSkyvwEACAAJ","audit_lookup_volume_id","1","Entries & Exits","Visits to Sixteen Trading Rooms","Alexander Elder","","","","","","2006","2006","","","en","","audit_must_include","",""
"jbD47VkOHAEC","intitle:""Evidence-Based Technical Analysis"" inauthor:""aronson""","intitle:""Evidence-Based Technical Analysis"" inauthor:""aronson""","0","0","0","2026-05-16T05:32:11+00:00","9781118160589","audit_lookup_isbn","1","Evidence-Based Technical Analysis","Applying the Scientific Method and Statistical Inference to Trading Signals","David Aronson","9781118160589","1118160584","9781118160589","Evidence-Based Technical Analysis examines how you can apply the scientific method, and recently developed statistical tests, to determine the true effectiveness of technical trading signals. Throughout the book, expert David Aronson provides you with comprehensive coverage of this new methodology, which is specifically designed for evaluating the performance of rules/signals that are discovered by data mining.","573","2011","2011-07-11","John Wiley & Sons","Business & Economics","en","https://books.google.com/books/content?id=jbD47VkOHAEC&printsec=frontcover&img=1&zoom=1&edge=curl&source=gbs_api","audit_must_include","",""
"pSUJAQAAMAAJ","intitle:""Market Wizards"" inauthor:""schwager""","intitle:""Market Wizards"" inauthor:""schwager""","0","1","1","2026-05-16T05:32:13+00:00","pSUJAQAAMAAJ","audit_lookup_volume_id","1","Market Wizards","Interviews with Top Traders","Jack D. Schwager","","","","This is one of the best-selling investment titles of all time. A collection of interviews with top traders gives insights into their stories of extraordinary investment success. Learn how these pros converted financial set-backs into greater-than-ever riches.","488","1990","1990","HarperPerennial","Business & Economics","en","https://books.google.com/books/content?id=pSUJAQAAMAAJ&printsec=frontcover&img=1&zoom=1&source=gbs_api","audit_must_include","",""
"3cioifqOLxkC","intitle:""A Random Walk Down Wall Street"" inauthor:""malkiel""","intitle:""A Random Walk Down Wall Street"" inauthor:""malkiel""","0","5","5","2026-05-16T05:32:15+00:00","9780393325355","audit_lookup_isbn","1","A Random Walk Down Wall Street","The Time-tested Strategy for Successful Investing","Burton Gordon Malkiel","9780393325355","0393325350","9780393325355","This vastly informative guide shows how to navigate the turbulence on Wall Street and beat the pros at their own game.","468","2003","2003","W. W. Norton & Company","Business & Economics","en","https://books.google.com/books/content?id=3cioifqOLxkC&printsec=frontcover&img=1&zoom=1&source=gbs_api","audit_must_include","4.5","11"
"hMY2DwAAQBAJ","intitle:""The Little Book of Common Sense Investing"" inauthor:""bogle""","intitle:""The Little Book of Common Sense Investing"" inauthor:""bogle""","0","0","0","2026-05-16T05:32:18+00:00","9781119404521","audit_lookup_isbn","1","The Little Book of Common Sense Investing","The Only Way to Guarantee Your Fair Share of Stock Market Returns","John C. Bogle","9781119404521","1119404525","9781119404521","The best-selling investing ""bible"" offers new information, new insights, and new perspectives The Little Book of Common Sense Investing is the classic guide to getting smart about the market. Legendary mutual fund pioneer John C. Bogle reveals his key to getting more out of investing: low-cost index funds. Bogle describes the simplest and most effective investment strategy for building wealth over the long term: buy and hold, at very low cost, a mutual fund that tracks a broad stock market Index such as the S&P 500. While the stock market has tumbled and then soared since the first edition of Little Book of Common Sense was published in April 2007, Bogle's investment principles have endured and served investors well. This tenth anniversary edition includes updated data and new information but maintains the same long-term perspective as in its predecessor. Bogle has also added two new chapters designed to provide further guidance to investors: one on asset allocation, the other on retirement investing. A portfolio focused on index funds is the only investment that effectively guarantees your fair share of stock market returns. This strategy is favored by Warren Buffett, who said this about Bogle: ""If a statue is ever erected to honor the person who has done the most for American investors, the hands-down choice should be Jack Bogle. For decades, Jack has urged investors to invest in ultra-low-cost index funds. . . . Today, however, he has the satisfaction of knowing that he helped millions of investors realize far better returns on their savings than they otherwise would have earned. He is a hero to them and to me."" Bogle shows you how to make index investing work for you and help you achieve your financial goals, and finds support from some of the world's best financial minds: not only Warren Buffett, but Benjamin Graham, Paul Samuelson, Burton Malkiel, Yale’s David Swensen, Cliff Asness of AQR, and many others. This new edition of The Little Book of Common Sense Investing offers you the same solid strategy as its predecessor for building your financial future. Build a broadly diversified, low-cost portfolio without the risks of individual stocks, manager selection, or sector rotation. Forget the fads and marketing hype, and focus on what works in the real world. Understand that stock returns are generated by three sources (dividend yield, earnings growth, and change in market valuation) in order to establish rational expectations for stock returns over the coming decade. Recognize that in the long run, business reality trumps market expectations. Learn how to harness the magic of compounding returns while avoiding the tyranny of compounding costs. While index investing allows you to sit back and let the market do the work for you, too many investors trade frantically, turning a winner's game into a loser's game. The Little Book of Common Sense Investing is a solid guidebook to your financial future.","305","2017","2017-09-19","John Wiley & Sons","Business & Economics","en","https://books.google.com/books/content?id=hMY2DwAAQBAJ&printsec=frontcover&img=1&zoom=1&edge=curl&source=gbs_api","audit_must_include","",""
"NYh93U24mesC","intitle:""The Little Book That Builds Wealth"" inauthor:""dorsey""","intitle:""The Little Book That Builds Wealth"" inauthor:""dorsey""","0","0","0","2026-05-16T05:32:25+00:00","9781459607156","audit_lookup_isbn","1","The Little Book That Builds Wealth","","Pat Dorsey","9781459607156","1459607155","9781459607156","A practical handbook explains how to build an economic moat--or competitive advantage--that can be applied to any investment situation to find companies that possess good growth fundamentals as well as an attractive stock price.","210","2010","2010-11-02","ReadHowYouWant.com","Business & Economics","en","https://books.google.com/books/content?id=NYh93U24mesC&printsec=frontcover&img=1&zoom=1&edge=curl&source=gbs_api","audit_must_include","",""
"cb6_SJN09qoC","intitle:""The Four Pillars of Investing"" inauthor:""bernstein""","intitle:""The Four Pillars of Investing"" inauthor:""bernstein""","0","0","0","2026-05-16T05:32:27+00:00","9780071423472","audit_lookup_isbn","1","The Four Pillars of Investing","","William J. Bernstein","9780071423472","0071423478","9780071423472","Sound, sensible advice from a hero to frustrated investors everywhere William Bernstein's The Four Pillars of Investing gives investors the tools they need to construct top-returning portfolios--without the help of a financial adviser. In a relaxed, nonthreatening style, Dr. Bernstein provides a distinctive blend of market history, investing theory, and behavioral finance, one designed to help every investor become more self-sufficient and make better-informed investment decisions. The 4 Pillars of Investing explains how any investor can build a solid foundation for investing by focusing on four essential lessons, each building upon the other. Containing all of the tools needed to achieve investing success, without the help of a financial advisor, it presents: Practical investing advice based on fascinating history lessons from the market Exercises to determine risk tolerance as an investor An easy-to-understand explanation of risk and reward in the capital markets","338","2002","2002-05-17","McGraw Hill Professional","Business & Economics","en","https://books.google.com/books/content?id=cb6_SJN09qoC&printsec=frontcover&img=1&zoom=1&source=gbs_api","audit_must_include","4","4"
"bju_QwAACAAJ","intitle:""Security Analysis"" inauthor:""dodd""","intitle:""Security Analysis"" inauthor:""dodd""","0","3","3","2026-05-16T08:44:56+00:00","9780071623551","curated_lookup_isbn","1","Security Analysis","Principles and Technique","Benjamin Graham, David Le Fevre Dodd","9780071623551","0071623558","9780071623551","","766","2009","2009","","Investment analysis","en","","curated_top50","",""
"1QpjAAAACAAJ","intitle:""Margin of Safety"" inauthor:""klarman""","intitle:""Margin of Safety"" inauthor:""klarman""","0","0","0","2026-05-16T08:44:57+00:00","9780887305108","curated_lookup_isbn","1","Margin of Safety","Risk-averse Value Investing Strategies for the Thoughtful Investor","Seth A. Klarman","9780887305108","0887305105","9780887305108","Tells how to avoid investment fads, explains the basic concepts of value-investment philosophy, and offers advice on portfolio management","249","1991","1991","Harpercollins","Business & Economics","en","https://books.google.com/books/content?id=1QpjAAAACAAJ&printsec=frontcover&img=1&zoom=1&source=gbs_api","curated_top50","4.5","7"
"njy3PQAACAAJ","intitle:""The Essays of Warren Buffett"" inauthor:""buffett""","intitle:""The Essays of Warren Buffett"" inauthor:""buffett""","0","3","3","2026-05-16T08:44:59+00:00","9780470824412","curated_lookup_isbn","1","The Essays of Warren Buffett","Lessons for Investors and Managers","Warren Buffett","9780470824412","0470824417","9780470824412","This collection of Buffett essays has been widely acknowledged as the most authoritative book on Buffett's investment philosophy. According to Buffett himself: Larry has done a great job at collating our philosophy. His book is far better than any of the biographies written to date.","","2009","2009","John Wiley & Sons","Accounting","en","https://books.google.com/books/content?id=njy3PQAACAAJ&printsec=frontcover&img=1&zoom=1&source=gbs_api","curated_top50","5","1"
"AKwWNQjLQQ4C","intitle:""Common Stocks and Uncommon Profits"" inauthor:""fisher""","intitle:""Common Stocks and Uncommon Profits"" inauthor:""fisher""","0","1","1","2026-05-16T08:45:01+00:00","9780471246091","curated_lookup_isbn","1","Common Stocks and Uncommon Profits","","Philip A. Fisher","9780471246091","0471246093","9780471246091","Not Obtainable","196","1997","1997-11-07","John Wiley & Sons","Business & Economics","en","https://books.google.com/books/content?id=AKwWNQjLQQ4C&printsec=frontcover&img=1&zoom=1&edge=curl&source=gbs_api","curated_top50","5","3"
"TYOdIrFJ2SkC","intitle:""One Up On Wall Street"" inauthor:""lynch""","intitle:""One Up On Wall Street"" inauthor:""lynch""","0","1","1","2026-05-16T08:45:04+00:00","9781439126158","curated_lookup_isbn","1","One Up On Wall Street","How To Use What You Already Know To Make Money In The Market","Peter Lynch","9781439126158","1439126151","9781439126158","More than one million copies have been sold of this seminal book on investing in which legendary mutual-fund manager Peter Lynch explains the advantages that average investors have over professionals and how they can use these advantages to achieve financial success. America’s most successful money manager tells how average investors can beat the pros by using what they know. According to Lynch, investment opportunities are everywhere. From the supermarket to the workplace, we encounter products and services all day long. By paying attention to the best ones, we can find companies in which to invest before the professional analysts discover them. When investors get in early, they can find the “tenbaggers,” the stocks that appreciate tenfold from the initial investment. A few tenbaggers will turn an average stock portfolio into a star performer. Lynch offers easy-to-follow advice for sorting out the long shots from the no-shots by reviewing a company’s financial statements and knowing which numbers really count. He offers guidelines for investing in cyclical, turnaround, and fast-growing companies. As long as you invest for the long term, Lynch says, your portfolio can reward you. This timeless advice has made One Up on Wall Street a #1 bestseller and a classic book of investment know-how.","304","2012","2012-02-28","Simon and Schuster","Business & Economics","en","https://books.google.com/books/content?id=TYOdIrFJ2SkC&printsec=frontcover&img=1&zoom=1&edge=curl&source=gbs_api","curated_top50","2.5","2"
"2n0VImAHVv0C","intitle:""The Most Important Thing"" inauthor:""marks""","intitle:""The Most Important Thing"" inauthor:""marks""","0","0","0","2026-05-16T08:45:06+00:00","9780231527095","curated_lookup_isbn","1","The Most Important Thing","Uncommon Sense for the Thoughtful Investor","Howard Marks","9780231527095","0231527098","9780231527095","""This is that rarity, a useful book.""--Warren Buffett Howard Marks, the chairman and cofounder of Oaktree Capital Management, is renowned for his insightful assessments of market opportunity and risk. After four decades spent ascending to the top of the investment management profession, he is today sought out by the world's leading value investors, and his client memos brim with insightful commentary and a time-tested, fundamental philosophy. Now for the first time, all readers can benefit from Marks's wisdom, concentrated into a single volume that speaks to both the amateur and seasoned investor. Informed by a lifetime of experience and study, The Most Important Thing explains the keys to successful investment and the pitfalls that can destroy capital or ruin a career. Utilizing passages from his memos to illustrate his ideas, Marks teaches by example, detailing the development of an investment philosophy that fully acknowledges the complexities of investing and the perils of the financial world. Brilliantly applying insight to today's volatile markets, Marks offers a volume that is part memoir, part creed, with a number of broad takeaways. Marks expounds on such concepts as ""second-level thinking,"" the price/value relationship, patient opportunism, and defensive investing. Frankly and honestly assessing his own decisions--and occasional missteps--he provides valuable lessons for critical thinking, risk assessment, and investment strategy. Encouraging investors to be ""contrarian,"" Marks wisely judges market cycles and achieves returns through aggressive yet measured action. Which element is the most essential? Successful investing requires thoughtful attention to many separate aspects, and each of Marks's subjects proves to be the most important thing.","196","2011","2011-05-01","Columbia University Press","Business & Economics","en","https://books.google.com/books/content?id=2n0VImAHVv0C&printsec=frontcover&img=1&zoom=1&edge=curl&source=gbs_api","curated_top50","3","1"
"66xTDwAAQBAJ","intitle:""You Can Be a Stock Market Genius"" inauthor:""greenblatt""","intitle:""You Can Be a Stock Market Genius"" inauthor:""greenblatt""","0","0","0","2026-05-16T08:45:09+00:00","9780684840079","curated_lookup_isbn","1","You Can Be a Stock Market Genius","Uncover the Secret Hiding Places of Stock Market Profits","Joel Greenblatt","9780684840079","0684840073","9780684840079","Fund manager Joel Greenblatt has been beating the Dow (with returns of 50 percent a year) for more than a decade. And now, in this highly accessible guide, he's going to show you how to do it, too. You're about to discover investment opportunities that portfolio managers, business-school professors, and top investment experts regularly miss -- uncharted areas where the individual investor has a huge advantage over the Wall Street wizards. Here is your personal treasure map to special situations in which big profits are possible, including: * Spin-offs * Restructurings * Merger Securities * Mergers * Rights Offerings * Recapitalizations * Bankruptcies * Risk Arbitrage This is a practical and easy-to-use investment reference, filled with case studies, important background information, and all the tools you'll need. All it takes is a little extra time and effort -- and you can be a stock market genius.","304","1999","1999-02-25","Simon and Schuster","Business & Economics","en","https://books.google.com/books/content?id=66xTDwAAQBAJ&printsec=frontcover&img=1&zoom=1&edge=curl&source=gbs_api","curated_top50","",""
"dkeyU_3FhsMC","intitle:""The Little Book That Beats the Market"" inauthor:""greenblatt""","intitle:""The Little Book That Beats the Market"" inauthor:""greenblatt""","0","1","1","2026-05-16T08:45:11+00:00","9780471773627","curated_lookup_isbn","1","The Little Book That Beats the Market","","Joel Greenblatt","9780471773627","047177362X","9780471773627","Two years in MBA school won't teach you how to double the market's return. Two hours with The Little Book That Beats the Market will. In The Little Book, Joel Greenblatt, Founder and Managing Partner at Gotham Capital (with average annualized returns of 40% for over 20 years), does more than simply set out the basic principles for successful stock market investing. He provides a ""magic formula"" that is easy to use and makes buying good companies at bargain prices automatic. Though the formula has been extensively tested and is a breakthrough in the academic and professional world, Greenblatt explains it using 6th grade math, plain language and humor. You'll learn how to use this low risk method to beat the market and professional managers by a wide margin. You'll also learn how to view the stock market, why success eludes almost all individual and professional investors, and why the formula will continue to work even after everyone ""knows"" it.","176","2006","2006-03-13","Wiley","Business & Economics","en","https://books.google.com/books/content?id=dkeyU_3FhsMC&printsec=frontcover&img=1&zoom=1&source=gbs_api","curated_top50","",""
"2unAEAAAQBAJ","intitle:""Poor Charlie's Almanack"" inauthor:""munger""","intitle:""Poor Charlie's Almanack"" inauthor:""munger""","0","0","0","2026-05-16T08:45:12+00:00","9781953953247","curated_lookup_isbn","1","Poor Charlie’s Almanack","The Essential Wit and Wisdom of Charles T. Munger","Charles T. Munger","9781953953247","1953953247","9781953953247","From the legendary vice-chairman of Berkshire Hathaway, lessons in investment strategy, philanthropy, and living a rational and ethical life. “Spend each day trying to be a little wiser than you were when you woke up,” Charles T. Munger advises in Poor Charlie’s Almanack. Originally published in 2005, this compendium of eleven talks delivered by the legendary Berkshire Hathaway vice-chairman between 1986 and 2007 has become a touchstone for a generation of investors and entrepreneurs seeking to absorb the enduring wit and wisdom of one of the great minds of the 20th and 21st centuries. Edited by Peter D. Kaufman, chairman and CEO of Glenair and longtime friend of Charlie Munger—whom he calls “this generation’s answer to Benjamin Franklin”—this abridged Stripe Press edition of Poor Charlie’s Almanack features a brand-new foreword by Stripe cofounder John Collison. Poor Charlie’s Almanack draws on Munger’s encyclopedic knowledge of business, finance, history, philosophy, physics, and ethics—and more besides—to introduce the latticework of mental models that underpin his rational and rigorous approach to life, learning, and decision-making. Delivered with Munger’s characteristic sharp wit and rhetorical flair, it is an essential volume for any reader seeking to go to bed a little wiser than when they woke up.","473","2023","2023-12-05","Stripe Press","Business & Economics","en","https://books.google.com/books/content?id=2unAEAAAQBAJ&printsec=frontcover&img=1&zoom=1&edge=curl&source=gbs_api","curated_top50","",""
"XCL9bkrOrpcC","intitle:""Equity Asset Valuation"" inauthor:""pinto""","intitle:""Equity Asset Valuation"" inauthor:""pinto""","0","0","0","2026-05-16T08:45:26+00:00","9780470579657","curated_lookup_isbn","1","Equity Asset Valuation","","Jerald E. Pinto, Elaine Henry, Thomas R. Robinson, John D. Stowe","9780470579657","047057965X","9780470579657","A comprehensive look at the equity valuation process With the Second Edition of Equity Asset Valuation, the distinguished team of Jerald Pinto, Elaine Henry, Thomas Robinson, and John Stowe, fully update information associated with this important discipline. Blending theory with practice, they detail the contemporary techniques used to determine the intrinsic value of an equity security, and show you how to successfully apply these techniques in both foreign and domestic markets. Unlike alternative works in this field, the Second Edition of Equity Asset Valuation clearly integrates finance and accounting concepts into the discussion-providing the evenness of subject matter treatment, consistency of notation, and continuity of topic coverage that is so critical to the learning process. Addresses essential issues in this arena, including the equity valuation process, discounted dividend valuation, free cash flow valuation, and residual income valuation Each author brings his own unique experiences and perspectives to the equity analysis process Distills the knowledge, skills, and abilities you need to succeed in today's fast-paced financial environment Companion Workbook also available Valuable for classroom study, self-study, and general reference, this book contains clear, example-driven coverage of many of today's most important valuation issues.","527","2010","2010-01-12","John Wiley & Sons","Business & Economics","en","https://books.google.com/books/content?id=XCL9bkrOrpcC&printsec=frontcover&img=1&zoom=1&edge=curl&source=gbs_api","curated_top50","5","1"
"sLQhYjndgwEC","intitle:""Investment Valuation"" inauthor:""damodaran""","intitle:""Investment Valuation"" inauthor:""damodaran""","0","1","1","2026-05-16T08:45:29+00:00","9780471414902","curated_lookup_isbn","1","Investment Valuation","Tools and Techniques for Determining the Value of Any Asset","Aswath Damodaran","9780471414902","0471414905","9780471414902","Valuation is a topic that is extensively covered in business degree programs throughout the country. Damodaran's revisions to ""Investment Valuation"" are an addition to the needs of these programs.","1014","2002","2002-01-31","John Wiley & Sons","Business & Economics","en","https://books.google.com/books/content?id=sLQhYjndgwEC&printsec=frontcover&img=1&zoom=1&edge=curl&source=gbs_api","curated_top50","3.5","8"
"3MPnCgAAQBAJ","intitle:""Quality Investing"" inauthor:""eide""","intitle:""Quality Investing"" inauthor:""eide""","0","0","0","2026-05-16T08:45:30+00:00","9780857195012","curated_lookup_isbn","1","Quality Investing","Owning the best companies for the long term","Torkell T. Eide, Patrick Hargreaves, Lawrence A. Cunningham","9780857195012","0857195018","9780857195012","Quality. We all make judgments about it every day. Yet articulating a clear definition of quality in an investing context is challenging. This book addresses the challenge, and distills years of practical investing experience into a definitive account of this under-explored investment philosophy. Finance theory has it that abnormal outcomes do not persist, that exceptional performance will soon enough become average performance. Quality investing involves seeking companies with the right attributes to overcome these forces of mean reversion and, crucially, owning these outstanding companies for the long term. This book pinpoints and explains the characteristics that increase the probability of a company prospering over time - as well as those that hinder such chances. Throughout, a series of fascinating real-life case studies illustrate the traits that signify quality, as well as some that flatter to deceive. The authors' firm, AKO Capital, has a strong track record of finding and investing in quality companies - helping it deliver a compound annual growth rate more than double that of the market since inception. <i>Quality Investing</i> sheds light on the investment philosophy, processes and tough lessons that have contributed to this consistent outperformance.","224","2016","2016-01-05","Harriman House Limited","Business & Economics","en","https://books.google.com/books/content?id=3MPnCgAAQBAJ&printsec=frontcover&img=1&zoom=1&edge=curl&source=gbs_api","curated_top50","",""
"tH4MwgEACAAJ","intitle:""Financial Shenanigans"" inauthor:""schilit""","intitle:""Financial Shenanigans"" inauthor:""schilit""","0","4","4","2026-05-16T08:45:32+00:00","tH4MwgEACAAJ","curated_lookup_volume_id","1","Financial Shenanigans","How to Detect Accounting Gimmicks and Fraud in Financial Reports, Fourth Edition","Howard M. Schilit, Yoni Engelhart, Jeremy Perler","","","","Shining a light on the most shocking frauds and financial reporting offenders, this unparalleled guide gives investors the tools they need to spot deceptive financial reporting in the global markets. --","304","2018","2018","","Fraud","en","","curated_top50","",""
"vGk00l8PqeMC","intitle:""Common Sense on Mutual Funds"" inauthor:""bogle""","intitle:""Common Sense on Mutual Funds"" inauthor:""bogle""","0","0","0","2026-05-16T08:45:35+00:00","9780471392286","curated_lookup_isbn","1","Common Sense on Mutual Funds","New Imperatives for the Intelligent Investor","John C. Bogle","9780471392286","0471392286","9780471392286","""A critical look at the mutual fund industry and how we invest, and ... a compelling course for change.""--Jacket.","500","2000","2000-10-19","John Wiley & Sons","Business & Economics","en","https://books.google.com/books/content?id=vGk00l8PqeMC&printsec=frontcover&img=1&zoom=1&edge=curl&source=gbs_api","curated_top50","3","1"
"vpsrAQAAMAAJ","intitle:""All About Asset Allocation"" inauthor:""ferri""","intitle:""All About Asset Allocation"" inauthor:""ferri""","0","0","0","2026-05-16T08:45:37+00:00","vpsrAQAAMAAJ","curated_lookup_volume_id","1","All About Asset Allocation","The Easy Way to Get Started","Richard Ferri","","","","All About Asset Allocation goes beyond sound-bite financial columns and TV programs to explain asset allocation in terms that anyone can under- stand. Using a concise style, it features straight- forward explanations of asset allocation, a review of the asset allocation process, and guidelines for implementing strategies and programs.","328","2006","2006","McGraw-Hill","Business & Economics","en","https://books.google.com/books/content?id=vpsrAQAAMAAJ&printsec=frontcover&img=1&zoom=1&source=gbs_api","curated_top50","",""
"P7TCSLpJ7AYC","intitle:""Asset Allocation: Balancing Financial Risk"" inauthor:""gibson""","intitle:""Asset Allocation: Balancing Financial Risk"" inauthor:""gibson""","0","0","0","2026-05-16T08:45:38+00:00","9780071378017","curated_lookup_isbn","1","Asset Allocation: Balancing Financial Risk","","Roger C. Gibson","9780071378017","0071378014","9780071378017","Financial experts agree: Asset allocation is the key strategies for maintaining a consistent yet superior rate of investment return. Now, Roger Gibson's Asset Allocation - the bestselling reference book on this popular subject for a decade has been updated to keep pace with the latest developments and findings. This Third Edition provides step-by-step strategies for implementing asset allocation in a high return/low risk portfolio, educating financial planning clients on the solid logic behind asset allocation, and more.","358","2000","2000-08-22","McGraw Hill Professional","Business & Economics","en","https://books.google.com/books/content?id=P7TCSLpJ7AYC&printsec=frontcover&img=1&zoom=1&edge=curl&source=gbs_api","curated_top50","",""
"lujLawVLS3YC","intitle:""Fixed Income Analysis"" inauthor:""fabozzi""","intitle:""Fixed Income Analysis"" inauthor:""fabozzi""","0","2","2","2026-05-16T08:45:42+00:00","9780470107843","curated_lookup_isbn","1","Fixed Income Analysis","","Frank J. Fabozzi","9780470107843","0470107847","9780470107843","In the Second Edition of Fixed Income Analysis, financial expert Frank Fabozzi and a team of knowledgeable contributors provide complete coverage of the most important issues in fixed income analysis. Now, in Fixed Income Analysis Workbook, Second Edition, Fabozzi offers you a wealth of practical information and exercises that will solidify your understanding of the tools and techniques associated with this discipline. This comprehensive study guide--which parallels the main book chapter by chapter--contains challenging problems and a complete set of solutions as well as concise learning outcome statements and summary overviews. If you want to make the most of your time in the fixed income marketplace, the lessons within this workbook can show you how. Topics reviewed include: The risks associated with investing in fixed income securities The fundamentals of valuation and interest rate risk The features of structured products--such as mortgage-backed securities and asset-backed securities The principles of credit analysis The valuation of fixed income securities with embedded options","865","2007","2007-03-15","John Wiley & Sons","Business & Economics","en","https://books.google.com/books/content?id=lujLawVLS3YC&printsec=frontcover&img=1&zoom=1&edge=curl&source=gbs_api","curated_top50","5","1"
"G17OAwAAQBAJ","intitle:""The Bogleheads' Guide to Investing"" inauthor:""lindauer""","intitle:""The Bogleheads' Guide to Investing"" inauthor:""lindauer""","0","0","0","2026-05-16T08:45:45+00:00","9781118922361","curated_lookup_isbn","1","The Bogleheads' Guide to Investing","","Mel Lindauer, Taylor Larimore, Michael LeBoeuf","9781118922361","1118922360","9781118922361","The irreverent guide to investing, Boglehead style The Boglehead's Guide to Investing is a DIY handbook that espouses the sage investment wisdom of John C. Bogle. This witty and wonderful book offers contrarian advice that provides the first step on the road to investment success, illustrating how relying on typical ""common sense"" promoted by Wall Street is destined to leave you poorer. This updated edition includes new information on backdoor Roth IRAs and ETFs as mainstream buy and hold investments, estate taxes and gifting, plus changes to the laws regarding Traditional and Roth IRAs, and 401k and 403b retirement plans. With warnings and principles both precisely accurate and grandly counterintuitive, the Boglehead authors show how beating the market is a zero-sum game. Investing can be simple, but it's certainly not simplistic. Over the course of twenty years, the followers of John C. Bogle have evolved from a loose association of investors to a major force with the largest and most active non-commercial financial forum on the Internet. The Boglehead's Guide to Investing brings that communication to you with comprehensive guidance to the investment prowess on display at Bogleheads.org. You'll learn how to craft your own investment strategy using the Bogle-proven methods that have worked for thousands of investors, and how to: Choose a sound financial lifestyle and diversify your portfolio Start early, invest regularly, and know what you're buying Preserve your buying power, keeping costs and taxes low Throw out the ""good"" advice promoted by Wall Street that leads to investment failure Financial markets are essentially closed systems in which one's gain garners another's loss. Investors looking for a roadmap to successfully navigating these choppy waters long-term will find expert guidance, sound advice, and a little irreverent humor in The Boglehead's Guide to Investing.","343","2014","2014-08-04","John Wiley & Sons","Business & Economics","en","https://books.google.com/books/content?id=G17OAwAAQBAJ&printsec=frontcover&img=1&zoom=1&edge=curl&source=gbs_api","curated_top50","",""
"SBmyEAAAQBAJ","intitle:""Manias Panics and Crashes"" inauthor:""kindleberger""","intitle:""Manias Panics and Crashes"" inauthor:""kindleberger""","0","2","2","2026-05-16T08:45:46+00:00","9783031160080","curated_lookup_isbn","1","Manias, Panics, and Crashes","A History of Financial Crises","Robert Z. Aliber, Charles P. Kindleberger, Robert N. McCauley","9783031160080","3031160088","9783031160080","In the Eighth Edition of this classic text on the financial history of bubbles and crashes, Robert McCauley joins with Robert Aliber in building on Charles Kindleberger's renowned work. McCauley draws on his central banking experience to introduce new chapters on cryptocurrency and the United States as the 21st Century global lender of last resort. He also updates the book's coverage of the recent property bubble in China, as well as providing new perspectives on the US housing bubble of 2003-2006, and the Japanese bubble of the late 1980s. And he gives new attention to the social psychology that leads people to take the risk of investing in Ponzi schemes and asset price bubbles. For the first time in this revised and updated edition, figures highlight key points to ensure that today’s generation of finance and economic researchers, students, practitioners and policy-makers—as well as investors looking to avoid crashes—have access to this panoramic history of financial crisis.","433","2023","2023-03-06","Springer Nature","Business & Economics","en","https://books.google.com/books/content?id=SBmyEAAAQBAJ&printsec=frontcover&img=1&zoom=1&edge=curl&source=gbs_api","curated_top50","",""
"Iihe6s0XincC","intitle:""This Time Is Different"" inauthor:""rogoff""","intitle:""This Time Is Different"" inauthor:""rogoff""","0","0","0","2026-05-16T08:45:49+00:00","9780691152646","curated_lookup_isbn","1","This Time Is Different","Eight Centuries of Financial Folly","Carmen M. Reinhart, Kenneth S. Rogoff","9780691152646","0691152640","9780691152646","Throughout history, rich and poor countries alike have been lending, borrowing, crashing--and recovering--their way through an extraordinary range of financial crises. Each time, the experts have chimed, ""this time is different""--claiming that the old rules of valuation no longer apply and that the new situation bears little similarity to past disasters. With this breakthrough study, leading economists Carmen Reinhart and Kenneth Rogoff definitively prove them wrong. Covering sixty-six countries across five continents, This Time Is Different presents a comprehensive look at the varieties of financial crises, and guides us through eight astonishing centuries of government defaults, banking panics, and inflationary spikes--from medieval currency debasements to today's subprime catastrophe. Carmen Reinhart and Kenneth Rogoff, leading economists whose work has been influential in the policy debate concerning the current financial crisis, provocatively argue that financial combustions are universal rites of passage for emerging and established market nations. The authors draw important lessons from history to show us how much--or how little--we have learned. Using clear, sharp analysis and comprehensive data, Reinhart and Rogoff document that financial fallouts occur in clusters and strike with surprisingly consistent frequency, duration, and ferocity. They examine the patterns of currency crashes, high and hyperinflation, and government defaults on international and domestic debts--as well as the cycles in housing and equity prices, capital flows, unemployment, and government revenues around these crises. While countries do weather their financial storms, Reinhart and Rogoff prove that short memories make it all too easy for crises to recur. An important book that will affect policy discussions for a long time to come, This Time Is Different exposes centuries of financial missteps.","513","2011","2011-08-07","Princeton University Press","Business & Economics","en","https://books.google.com/books/content?id=Iihe6s0XincC&printsec=frontcover&img=1&zoom=1&edge=curl&source=gbs_api","curated_top50","3.5","2"
"qxkiYul2wgoC","intitle:""The Alchemy of Finance"" inauthor:""soros""","intitle:""The Alchemy of Finance"" inauthor:""soros""","0","1","1","2026-05-16T08:45:50+00:00","9780471445494","curated_lookup_isbn","1","The Alchemy of Finance","","George Soros","9780471445494","0471445495","9780471445494","New chapter by Soros on the secrets to his success along with a new Preface and Introduction. New Foreword by renowned economist Paul Volcker ""An extraordinary . . . inside look into the decision-making process of the most successful money manager of our time. Fantastic."" —The Wall Street Journal George Soros is unquestionably one of the most powerful and profitable investors in the world today. Dubbed by BusinessWeek as ""the Man who Moves Markets,"" Soros made a fortune competing with the British pound and remains active today in the global financial community. Now, in this special edition of the classic investment book, The Alchemy of Finance, Soros presents a theoretical and practical account of current financial trends and a new paradigm by which to understand the financial market today. This edition's expanded and revised Introduction details Soros's innovative investment practices along with his views of the world and world order. He also describes a new paradigm for the ""theory of reflexivity"" which underlies his unique investment strategies. Filled with expert advice and valuable business lessons, The Alchemy of Finance reveals the timeless principles of an investing legend. This special edition will feature a new chapter by Soros on the secrets of his success and a new Foreword by the Honorable Paul Volcker, former Chairman of the Federal Reserve. George Soros (New York, NY) is President of Soros Fund Management and Chief Investment Advisor to Quantum Fund N.V., a $12 billion international investment fund. Besides his numerous ventures in finance, Soros is also extremely active in the worlds of education, culture, and economic aid and development through his Open Society Fund and the Soros Foundation.","420","2015","2015-06-15","John Wiley & Sons","Business & Economics","en","https://books.google.com/books/content?id=qxkiYul2wgoC&printsec=frontcover&img=1&zoom=1&edge=curl&source=gbs_api","curated_top50","3.5","8"
"fljfDwAAQBAJ","intitle:""Principles for Dealing with the Changing World Order"" inauthor:""dalio""","intitle:""Principles for Dealing with the Changing World Order"" inauthor:""dalio""","0","0","0","2026-05-16T08:45:52+00:00","9781471196706","curated_lookup_isbn","1","Principles for Dealing with the Changing World Order","Why Nations Succeed or Fail","Ray Dalio","9781471196706","1471196704","9781471196706","From legendary investor Ray Dalio, author of the international bestseller Principles, who has spent half a century studying global economies and markets, Principles for Dealing with the Changing World Order examines history’s most turbulent economic and political periods to reveal why the times ahead will likely be radically different from those we’ve experienced in our lifetimes - but similar to those that have happened many times before. A few years ago, Ray Dalio noticed a confluence of political and economic conditions he hadn’t encountered before. They included huge debts and zero or near-zero interest rates that led to massive printing of money in the world’s three major reserve currencies; big political and social conflicts within countries, especially the US, due to the largest wealth, political and values disparities in more than 100 years; and the rising of a world power (China) to challenge the existing world power (US) and the existing world order. The last time that this confluence occurred was between 1930 and 1945. This realisation sent Dalio on a search for the repeating patterns and cause/effect relationships underlying all major changes in wealth and power over the last 500 years. In this remarkable and timely addition to his Principles series, Dalio brings readers along for his study of the major empires - including the Dutch, the British and the American - putting into perspective the 'Big Cycle' that has driven the successes and failures of all the world’s major countries throughout history. Dalio reveals the timeless and universal forces behind these shifts and uses them to look into the future, offering practical principles for positioning oneself for what’s ahead.","448","2021","2021-11-30","Simon and Schuster","Business & Economics","en","https://books.google.com/books/content?id=fljfDwAAQBAJ&printsec=frontcover&img=1&zoom=1&edge=curl&source=gbs_api","curated_top50","",""
"4ZmxzMrGRf4C","intitle:""Lords of Finance"" inauthor:""ahamed""","intitle:""Lords of Finance"" inauthor:""ahamed""","0","2","2","2026-05-16T08:45:55+00:00","9781446494370","curated_lookup_isbn","1","Lords of Finance","1929, The Great Depression, and the Bankers who Broke the World","Liaquat Ahamed","9781446494370","1446494373","9781446494370","THIS HAS HAPPENED BEFORE. The current financial crisis has only one parallel: the Wall Street Crash of 1929 and subsequent Great Depression of the 1930s, which crippled the future of an entire generation and set the stage for the horrors of the Second World War. Yet the economic meltdown could have been avoided, had it not been for the decisions taken by a small number of central bankers. In Lords of Finance, we meet these men, the four bankers who truly broke the world: the enigmatic Norman Montagu of the bank of England, Benjamin Strong of the NY Federal Reserve, the arrogant yet brilliant Hjalmar Schacht of the Reichsbanlk and the xenophobic Emile Moreau of the Banque de France. Their names were lost to history, their lives and actions forgotten, until now. Liaquat Ahamed tells their story in vivid and gripping detail, in a timely and arresting reminder that individuals - their ambitions, limitations and human nature - lie at the very heart of global catastrophe.","578","2011","2011-09-30","Random House","Business & Economics","en","https://books.google.com/books/content?id=4ZmxzMrGRf4C&printsec=frontcover&img=1&zoom=1&edge=curl&source=gbs_api","curated_top50","",""
"oV1tXT3HigoC","intitle:""Thinking Fast and Slow"" inauthor:""kahneman""","intitle:""Thinking Fast and Slow"" inauthor:""kahneman""","0","0","0","2026-05-16T08:45:57+00:00","9780141918921","curated_lookup_isbn","1","Thinking, Fast and Slow","","Daniel Kahneman","9780141918921","0141918926","9780141918921","One of the most influential books of the 21st century: the ground-breaking psychology classic - over 10 million copies sold - that changed the way we think about thinking 'There have been many good books on human rationality and irrationality, but only one masterpiece. That masterpiece is Thinking, Fast and Slow' Financial Times 'A lifetime's worth of wisdom' Steven D. Levitt, co-author of Freakonomics Why do we make the decisions we do? Nobel Prize winner Daniel Kahneman revolutionised our understanding of human behaviour with Thinking, Fast and Slow. Distilling his life's work, Kahneman showed that there are two ways we make choices: fast, intuitive thinking, and slow, rational thinking. His book reveals how our minds are tripped up by error, bias and prejudice (even when we think we are being logical) and gives practical techniques that enable us all to improve our decision-making. This profound exploration of the marvels and limitations of the human mind has had a lasting impact on how we see ourselves. 'The godfather of behavioural science ... his steely analysis of the human mind and its many flaws remains perhaps the most useful guide to remaining sane and steady' Sunday Times","432","2011","2011-11-03","Penguin UK","Psychology","en","https://books.google.com/books/content?id=oV1tXT3HigoC&printsec=frontcover&img=1&zoom=1&edge=curl&source=gbs_api","curated_top50","5","3"
"uzkX3Vpj3ywC","intitle:""Fooled by Randomness"" inauthor:""taleb""","intitle:""Fooled by Randomness"" inauthor:""taleb""","0","0","0","2026-05-16T08:46:00+00:00","9780141930237","curated_lookup_isbn","1","Fooled by Randomness","The Hidden Role of Chance in Life and in the Markets","Nassim Nicholas Taleb","9780141930237","0141930233","9780141930237","'One of the smartest books of all time' Fortune 'The hottest thinker in the world' Sunday Times Everyone wants to succeed in life. But what causes some of us to be more successful than others? Is it really down to skill and strategy - or something altogether more unpredictable? This book is the bestselling sensation that will change the way you think about business and the world. It is all about luck: more precisely, how we perceive luck in our personal and professional experiences. Nowhere is this more obvious than in the markets - we hear an entrepreneur has 'vision' or a trader is 'talented', but all too often their performance is down to chance rather than skill. It is only because we fail to understand probability that we continue to believe events are non-random, finding reasons where none exist. 'An iconoclastic tour de force ... nothing escapes his Exocets' Evening Standard 'Brilliant' John Kay 'Excellent and thought-provoking ... an entertaining book' Financial Times 'Wall Street's principal dissident' Malcolm Gladwell","331","2007","2007-05-03","Penguin UK","Business & Economics","en","https://books.google.com/books/content?id=uzkX3Vpj3ywC&printsec=frontcover&img=1&zoom=1&edge=curl&source=gbs_api","curated_top50","4","1"
"-gXKAgAAQBAJ","intitle:""Japanese Candlestick Charting Techniques"" inauthor:""nison""","intitle:""Japanese Candlestick Charting Techniques"" inauthor:""nison""","0","1","1","2026-05-16T08:46:02+00:00","9781101659786","curated_lookup_isbn","1","Japanese Candlestick Charting Techniques","A Contemporary Guide to the Ancient Investment Techniques of the Far East, Second Edition","Steve Nison","9781101659786","1101659785","9781101659786","The ultimate guide to a critical tool for mastering the financial markets A longstanding form of technical analysis, Japanese candlestick charts are a dynamic and increasingly popular technical tool for traders of all skill levels. Known for its versatility, this ancient charting can be fused with every other technical tool available, including traditional Western technical analysis. Japanese Candlestick Charting Techniques is the most comprehensive and trusted guide to this essential technique. Informed by years of research from a pioneer trader, this book covers everything you need to know, including hundreds of examples that show how candlestick techniques can be used in all of today’s markets. This totally updated revision focuses on the needs of today’s traders and investors with: • All new charts including more intra-day markets • New candlestick charting techniques • More focus on active trading for swing, online and day traders • New Western techniques in combination with candles • A greater spotlight on capital preservation. From speculation and hedging to futures and equities, candlestick charting is the next level up for both amateur day traders and seasoned technicians, and this book provides expert guidance for putting it into action.","321","2001","2001-11-01","Penguin","Business & Economics","en","https://books.google.com/books/content?id=-gXKAgAAQBAJ&printsec=frontcover&img=1&zoom=1&edge=curl&source=gbs_api","curated_top50","",""
"i2j3nQEACAAJ","intitle:""Market Microstructure in Practice"" inauthor:""laruelle""","intitle:""Market Microstructure in Practice"" inauthor:""laruelle""","0","1","1","2026-05-16T08:46:05+00:00","9789814566162","curated_lookup_isbn","1","Market Microstructure in Practice","","Charles-Albert Lehalle, Sophie Laruelle","9789814566162","9814566160","9789814566162","Market Microstructure in Practice comments on the consequences of Reg NMS and MiFID on market microstructure. It covers changes in market design, electronic trading, and investor and trader behaviors. The emergence of high frequency trading and critical events like the “Flash Crash” of 2010 are also analyzed in depth. Using a quantitative viewpoint, this book will help students, academics, regulators, policy makers, and practitioners understand how an attrition of liquidity and regulatory changes can impact the whole microstructure of financial markets. A mathematical Appendix details the quantitative tools and indicators used through the book, allowing the reader to go further on his own.","305","2013","2013-10-31","World Scientific Publishing Company Incorporated","Business & Economics","en","https://books.google.com/books/content?id=i2j3nQEACAAJ&printsec=frontcover&img=1&zoom=1&source=gbs_api","curated_top50","",""
"CMybzwEACAAJ","intitle:""Algorithmic Trading and DMA"" inauthor:""johnson""","intitle:""Algorithmic Trading and DMA"" inauthor:""johnson""","0","0","0","2026-05-16T08:46:06+00:00","9780367748456","curated_lookup_isbn","1","Algorithmic Trading & DMA","An Introduction to Direct Access Trading Strategies","Barry Johnson (analiza finansowa)","9780367748456","0367748452","9780367748456","","","2011","2011","","","en","","curated_top50","",""
"NZlV0M5Ije4C","intitle:""Quantitative Trading"" inauthor:""chan""","intitle:""Quantitative Trading"" inauthor:""chan""","0","1","1","2026-05-16T08:46:07+00:00","9780470466261","curated_lookup_isbn","1","Quantitative Trading","How to Build Your Own Algorithmic Trading Business","Ernie Chan","9780470466261","047046626X","9780470466261","While institutional traders continue to implement quantitative (or algorithmic) trading, many independent traders have wondered if they can still challenge powerful industry professionals at their own game? The answer is ""yes,"" and in Quantitative Trading, Dr. Ernest Chan, a respected independent trader and consultant, will show you how. Whether you're an independent ""retail"" trader looking to start your own quantitative trading business or an individual who aspires to work as a quantitative trader at a major financial institution, this practical guide contains the information you need to succeed.","208","2009","2009-01-12","John Wiley & Sons","Business & Economics","en","https://books.google.com/books/content?id=NZlV0M5Ije4C&printsec=frontcover&img=1&zoom=1&edge=curl&source=gbs_api","curated_top50","4","1"
"y3dxCgAAQBAJ","intitle:""Systematic Trading"" inauthor:""carver""","intitle:""Systematic Trading"" inauthor:""carver""","0","0","0","2026-05-16T08:46:09+00:00","9780857195005","curated_lookup_isbn","1","Systematic Trading","A unique new method for designing trading and investing systems","Robert Carver","9780857195005","085719500X","9780857195005","This is not just another book with yet another trading system. This is a complete guide to developing your own systems to help you make and execute trading and investing decisions. It is intended for everyone who wishes to systematise their financial decision making, either completely or to some degree. Author Robert Carver draws on financial theory, his experience managing systematic hedge fund strategies and his own in-depth research to explain why systematic trading makes sense and demonstrates how it can be done safely and profitably. Every aspect, from creating trading rules to position sizing, is thoroughly explained. The framework described here can be used with all assets, including equities, bonds, forex and commodities. There is no magic formula that will guarantee success, but cutting out simple mistakes will improve your performance. You'll learn how to avoid common pitfalls such as over-complicating your strategy, being too optimistic about likely returns, taking excessive risks and trading too frequently. Important features include: - The theory behind systematic trading: why and when it works, and when it doesn't. - Simple and effective ways to design effective strategies. - A complete position management framework which can be adapted for your needs. - How fully systematic traders can create or adapt trading rules to forecast prices. - Making discretionary trading decisions within a systematic framework for position management. - Why traditional long only investors should use systems to ensure proper diversification, and avoid costly and unnecessary portfolio churn. - Adapting strategies depending on the cost of trading and how much capital is being used. - Practical examples from UK, US and international markets showing how the framework can be used. Systematic Trading is detailed, comprehensive and full of practical advice. It provides a unique new approach to system development and a must for anyone considering using systems to make some, or all, of their investment decisions.","249","2015","2015-09-14","Harriman House Limited","Business & Economics","en","https://books.google.com/books/content?id=y3dxCgAAQBAJ&printsec=frontcover&img=1&zoom=1&edge=curl&source=gbs_api","curated_top50","",""
"psSLKgV8IO4C","intitle:""The Outsiders"" inauthor:""thorndike""","intitle:""The Outsiders"" inauthor:""thorndike""","0","0","0","2026-05-16T08:48:22+00:00","9781422162675","curated_lookup_isbn","1","The Outsiders","Eight Unconventional CEOs and Their Radically Rational Blueprint for Success","William Thorndike","9781422162675","1422162672","9781422162675","It's time to redefine the CEO success story. Meet eight iconoclastic leaders who helmed firms where returns on average outperformed the S&P 500 by more than 20 times.","274","2012","2012","Harvard Business Press","Business & Economics","en","https://books.google.com/books/content?id=psSLKgV8IO4C&printsec=frontcover&img=1&zoom=1&edge=curl&source=gbs_api","curated_top50","5","2"
"mNcBEAAAQBAJ","intitle:""Value Investing: From Graham to Buffett and Beyond"" inauthor:""greenwald""","intitle:""Value Investing: From Graham to Buffett and Beyond"" inauthor:""greenwald""","0","1","1","2026-05-16T08:45:24+00:00","9780470116739","curated_lookup_isbn","1","Value Investing","From Graham to Buffett and Beyond","Bruce C. Greenwald, Judd Kahn, Erin Bellissimo, Mark A. Cooper, Tano Santos","9780470116739","0470116730","9780470116739","Explore the modern extension of value investing in this essential text from ""the guru to Wall Street’s gurus"" The substantially rewritten Second Edition of Value Investing: From Graham to Buffett and Beyond delivers an incisive and refined approach to investing grounded on almost 100 years of history, beginning with Graham and Dodd. Founded on the value investing course taught for almost twenty-five years by co-author Bruce Greenwald at Columbia Business School, the book helps investors consistently land on the profitable side of the trade. Readers will learn how to search for underpriced securities, value them accurately, hone a research strategy, and apply it all in the context of a risk management practice that mitigates the chance of a permanent loss of capital. The new edition includes: Two innovative new chapters discussing the valuation of growth stocks, a perennial problem for investors in the Graham and Dodd tradition New profiles of successful investors, including Tom Russo, Paul Hilal, and Andrew Weiss An extended discussion of risk management, including modern best practices in an environment where it is often divorced from individual security selection A substantive expansion of an already highly regarded book, Value Investing: From Graham to Buffett and Beyond is the premier text discussing the application of timeless investing principles within a transformed economic environment. It is an essential resource for portfolio managers, retail and institutional investors, and anyone else with a professional or personal interest in securities valuation and investing. Successful value investing practitioners have graced both the course and this book with presentations describing what they really do when they are at work. Find brief descriptions of their practices within, and video presentations available on the web site that accompanies this volume: www.wiley.com/go/greenwald/valueinvesting2e","470","2020","2020-11-17","John Wiley & Sons","Business & Economics","en","https://books.google.com/books/content?id=mNcBEAAAQBAJ&printsec=frontcover&img=1&zoom=1&edge=curl&source=gbs_api","curated_top50","",""
"5EhKCgAAQBAJ","intitle:""Valuation: Measuring and Managing the Value of Companies"" inauthor:""wessels""","intitle:""Valuation: Measuring and Managing the Value of Companies"" inauthor:""wessels""","0","0","0","2026-05-16T08:45:27+00:00","9781118873939","curated_lookup_isbn","1","Valuation","Measuring and Managing the Value of Companies","McKinsey & Company Inc., Tim Koller, Marc Goedhart, David Wessels","9781118873939","1118873939","9781118873939","McKinsey & Company's #1 best-selling guide to corporate valuation, now in its sixth edition Valuation is the single best guide of its kind, helping financial professionals worldwide excel at measuring, managing, and maximizing shareholder and company value. This new sixth edition provides insights on the strategic advantages of value-based management, complete detailed instruction, and nuances managers should know about valuation and valuation techniques as applied to different industries, emerging markets, and other special situations. Valuation lies at the crossroads of corporate strategy and finance. In today's economy, it has become an essential role — and one that requires excellence at all points. This guide shows you everything you need to know, and gives you the understanding you need to be effective. Estimate the value of business strategies to drive better decision making Understand which business units a corporate parent is best positioned to own Assess major transactions, including acquisitions, divestitures, and restructurings Design a capital structure that supports strategy and minimizes risk As the valuation function becomes ever more central to long- and short-term strategy, analysts and managers need an authoritative reference to turn to for answers to challenging situations. Valuation stands ahead of the field for its reputation, quality, and prestige, putting the solutions you need right at your fingertips.","848","2015","2015-07-31","John Wiley & Sons","Business & Economics","en","https://books.google.com/books/content?id=5EhKCgAAQBAJ&printsec=frontcover&img=1&zoom=1&edge=curl&source=gbs_api","curated_top50","",""
"4vrIAgAAQBAJ","intitle:""Against the Gods: The Remarkable Story of Risk"" inauthor:""bernstein""","intitle:""Against the Gods: The Remarkable Story of Risk"" inauthor:""bernstein""","0","0","0","2026-05-16T08:46:02+00:00","9780471121046","curated_lookup_isbn","1","Against the Gods","The Remarkable Story of Risk","Peter L. Bernstein","9780471121046","0471121045","9780471121046","A Business Week, New York Times Business, and USA Today Bestseller ""Ambitious and readable . . . an engaging introduction to the oddsmakers, whom Bernstein regards as true humanists helping to release mankind from the choke holds of superstition and fatalism."" —The New York Times ""An extraordinarily entertaining and informative book."" —The Wall Street Journal ""A lively panoramic book . . . Against the Gods sets up an ambitious premise and then delivers on it."" —Business Week ""Deserves to be, and surely will be, widely read."" —The Economist ""[A] challenging book, one that may change forever the way people think about the world."" —Worth ""No one else could have written a book of such central importance with so much charm and excitement."" —Robert Heilbroner author, The Worldly Philosophers ""With his wonderful knowledge of the history and current manifestations of risk, Peter Bernstein brings us Against the Gods. Nothing like it will come out of the financial world this year or ever. I speak carefully: no one should miss it."" —John Kenneth Galbraith Professor of Economics Emeritus, Harvard University In this unique exploration of the role of risk in our society, Peter Bernstein argues that the notion of bringing risk under control is one of the central ideas that distinguishes modern times from the distant past. Against the Gods chronicles the remarkable intellectual adventure that liberated humanity from oracles and soothsayers by means of the powerful tools of risk management that are available to us today. ""An extremely readable history of risk."" —Barron's ""Fascinating . . . this challenging volume will help you understand the uncertainties that every investor must face."" —Money ""A singular achievement."" —Times Literary Supplement ""There's a growing market for savants who can render the recondite intelligibly-witness Stephen Jay Gould (natural history), Oliver Sacks (disease), Richard Dawkins (heredity), James Gleick (physics), Paul Krugman (economics)-and Bernstein would mingle well in their company."" —The Australian","405","1996","1996-09-07","John Wiley & Sons","Business & Economics","en","https://books.google.com/books/content?id=4vrIAgAAQBAJ&printsec=frontcover&img=1&zoom=1&edge=curl&source=gbs_api","curated_top50","",""
