corpus_row,google_volume_id,title,subtitle,author,isbn_13,canonical_isbn_13,description,publisher,publication_year,categories,language,cover_url,quality_tier,relevance_tier,keep_source,duplicate_group,collapsed_count
1,pn1TDwAAQBAJ,Capital Markets Trading and Investment Strategies in China,A Practitioner's Guide,Xiaojiang Zhang,9789811084973,9789811084973,"This book covers in detail the building blocks of Chinese capital markets at the financial instrument level, the analytical pricing term structure of those instruments, the macro and industry economic framework and progress of the liberalization processes at work in the respective markets, the interaction of various participants in the markets, their trading and investment objectives and rationales, some of the most frequently applied trading and investment strategies, and risk management techniques. The book will especially benefit financial practitioners with in-depth knowledge of their respective capital markets area regarding foreign exchange, money markets, fixed income, and related derivatives, and who have a keen interest in gaining deeper insights into the Chinese market so as to develop or strengthen their global strategy application and risk management practice.",Springer,2018,Business & Economics,en,https://books.google.com/books/content?id=pn1TDwAAQBAJ&printsec=frontcover&img=1&zoom=1&edge=curl&source=gbs_api,KEEP_B,high,web_keep_b,0,1
2,GMiiAxZy_t0C,"An Introduction to Trading in the Financial Markets: Trading, Markets, Instruments, and Processes",,R. Tee Williams,9780080951188,9780080951188,"Trading on the financial markets requires the mastery of many subjects, from strategies and the instruments being traded to market structures and the mechanisms that drive executions. This second of four volumes explores them all. After brief explanations of the activities associated with buying and selling, the book covers principals, agents, and the market venues in which they interact. Next come the instruments that they buy and sell: how are they categorized and how do they act? Concluding the volume is a discussion about major processes and the ways that they vary by market and instrument. Contributing to these explanations are visual cues that guide readers through the material. Making profitable trades might not be easy, but with the help of this book they are possible. - Explains the basics of investing and trading, markets, instruments, and processes - Presents major concepts with graphs and easily-understood definitions - Builds upon the introduction provided by Book 1 while preparing the reader for Books 3 and 4",Academic Press,2011,Business & Economics,en,https://books.google.com/books/content?id=GMiiAxZy_t0C&printsec=frontcover&img=1&zoom=1&edge=curl&source=gbs_api,KEEP_B,high,web_keep_b,1,1
5,BFBlAQAACAAJ,How Markets Really Work,Quantitative Guide to Stock Market Behavior,Larry Connors,9781118166505,9781118166505,"For years, traders and investors have been using unproven assumptions about popular patterns such as breakouts, momentum, new highs, new lows, market breadth, put/call ratios and more without knowing if there is a statistical edge. Common wisdom holds that the stock markets are ever changing. But, as it turns out, common wisdom can be wrong. Offering a comprehensive look back at the way the markets have acted over the last two decades, How Markets Really Work: A Quantitative Guide to Stock Market Behavior, Second Edition shows that nothing has changed, that the markets behave the same way today as they have in years past, and that understanding this puts you in a prime position to profit. Written by two top financial experts and filled with charts and graphs that illustrate the market concepts they develop, the book takes a sometimes contrarian view of everything from market edges to historical volatility, and from volume to put/call ratio, giving you all that you need to truly understand how the markets function. Fully revised and updated, How Markets Really Work, Second Edition takes a level-headed, data-driven look at the markets to show how they function and how you can apply that information intelligently when making investment decisions.",Wiley,2012,Business & Economics,en,https://books.google.com/books/content?id=BFBlAQAACAAJ&printsec=frontcover&img=1&zoom=1&source=gbs_api,KEEP_B,high,web_keep_b,4,1
8,teitAAAAQBAJ,Technical Analysis of the Financial Markets,A Comprehensive Guide to Trading Methods and Applications,John J. Murphy,9781101659199,9781101659199,"John J. Murphy has now updated his landmark bestseller Technical Analysis of the Futures Markets, to include all of the financial markets. This outstanding reference has already taught thousands of traders the concepts of technical analysis and their application in the futures and stock markets. Covering the latest developments in computer technology, technical tools, and indicators, the second edition features new material on candlestick charting, intermarket relationships, stocks and stock rotation, plus state-of-the-art examples and figures. From how to read charts to understanding indicators and the crucial role technical analysis plays in investing, readers gain a thorough and accessible overview of the field of technical analysis, with a special emphasis on futures markets. Revised and expanded for the demands of today's financial world, this book is essential reading for anyone interested in tracking and analyzing market behavior.",Penguin,1999,Business & Economics,en,https://books.google.com/books/content?id=teitAAAAQBAJ&printsec=frontcover&img=1&zoom=1&edge=curl&source=gbs_api,KEEP_A,high,pin,6,1
9,27fDXUtmaUYC,Theory of Financial Markets,,Jan Mossin,9780139136993,9780139136993,Monograph on financial market theory and the economics of uncertainty - examines capital market phenomena and offers a theoretical framework for financial policy formulation and corporate investment decision making. References.,"Englewood Cliffs, N.J. : Prentice-Hall",1972,Business & Economics,en,https://books.google.com/books/content?id=27fDXUtmaUYC&printsec=frontcover&img=1&zoom=1&source=gbs_api,KEEP_A,high,web_keep_a,7,1
16,GlY2pfZGrAkC,Contrarian Investment Strategies in the Next Generation,,David Dreman,9781451602197,9781451602197,"David Dreman's name is synonymous with the term ""contrarian investing,"" and his contrarian strategies have been proven winners year after year. His techniques have spawned countless imitators, most of whom pay lip service to the buzzword ""contrarian,"" but few can match his performance. His Kemper-Dreman High Return Fund has been the leader since its inception in 1988 -- the number one equity-income fund among all 208 ranked by Lipper Analytical Services, Inc. Dreman is also one of a handful of money managers whose clients have beaten the runaway market over the past five, ten, and fifteen years. Now, as the longest bull market in the history of the stock market winds down, there is increasing volatility and a great deal of uncertainty. This is the climate that tests the mettle of the pros, the worries of the average investor, and the success of David Dreman's brilliant new strategies for the next millennium. ""Contrarian Investment Strategies: The Next Generation"" shows investors how to outperform professional money managers and profit from potential Wall Street panics -- all in Dreman's trademark style, which ""The New York Times"" calls ""witty and clear as a silver bell."" Dreman reveals a proven, systematic, and safe way to beat the market by buying stocks of good companies when they are currently out of favor. At the heart of his book is a fundamental psychological insight: investors overreact. Dreman demonstrates how investors consistently overvalue the so-called ""best"" stocks and undervalue the so-called ""worst"" stocks, and how earnings and other surprises affect the best and worst stocks in opposite ways. Since surprises are a way of life in the market, Dreman shows you how to profit from these surprises with his ingenious new techniques, most of which have been developed in the nineties. You'll learn: Why contrarian stocks offer extra protection in bear markets, as well as delivering superior returns when the bull roars. Why a high dividend yield is just as important for the aggressive investor as it is for ""widows and orphans."" Why owning Treasury bills and government bonds -- the ""safest investments"" for centuries -- is like being fully margined at the top of the 1929 market. Why Initial Public Offerings are a guaranteed loser's game. Why you should avoid Nasdaq (""the market of the next hundred years"") like the plague. Why crisis, panic, and even market downturns are the contrarian investor's best friend. Why the chances of hitting a home run using the Street's best research are worse than being the big winner in the New York State Lottery. Based on cutting-edge research and irrefutable statistics, David Dreman's revolutionary techniques will benefit professionals and laymen alike.",Simon and Schuster,1998,Business & Economics,en,https://books.google.com/books/content?id=GlY2pfZGrAkC&printsec=frontcover&img=1&zoom=1&edge=curl&source=gbs_api,KEEP_A,high,web_keep_a,14,1
19,hgd3__K9cCkC,Value Investing,A Balanced Approach,Martin J. Whitman,9780471398103,9780471398103,"Provides a modern analytical framework for assessing a company's true value Written by a true value investor known for his ability to buy undervalued companies and re-sell them at a substantial profit, Value Investing provides an analytical framework that evaluates the impact of real events-including restructuring, regulations, mergers and acquisitions, and other important factors-on a company's value. Well-known for his success with distressed corporations and value investing, author Martin Whitman wages a controversial attack on the modern financial practice of focusing on price movements and short-term trading. In Value Investing, Whitman identifies fundamental factors affecting the value of companies and entire markets from the ground up and takes value investing one step further by demonstrating how industry movement and public policy decisions can lead to greater returns. He also highlights the shortcomings of all the popularly applied analytical techniques.",John Wiley & Sons,2000,Business & Economics,en,https://books.google.com/books/content?id=hgd3__K9cCkC&printsec=frontcover&img=1&zoom=1&edge=curl&source=gbs_api,KEEP_B,high,web_keep_b,17,1
23,60UkDwAAQBAJ,Good Stocks Cheap: Value Investing with Confidence for a Lifetime of Stock Market Outperformance,,Kenneth Jeffrey Marshall,9781259836084,9781259836084,"Power through the ups and downs of the market with the Value Investing Model. Stock prices fluctuate unpredictably. But company values stay relatively steady. This insight is the basis of value investing, the capital management strategy that performs best over the long term. With Good Stocks Cheap, you can get started in value investing right now. Longtime outperforming value investor, professor, and international speaker Kenneth Jeffrey Marshall provides step-by-step guidance for creating your own value investing success story. You’ll learn how to: • Master any company with fundamental analysis • Distinguish between a company’s stock price from its worth • Measure your own investment performance honestly • Identify the right price at which to buy stock in a winning company • Hold quality stocks fearlessly during market swings • Secure the fortitude necessary to make the right choices and take the right actions Marshall leaves no stone unturned. He covers all the fundamental terms, concepts, and skills that make value investing so effective. He does so in a way that’s modern and engaging, making the strategy accessible to any motivated person regardless of education, experience, or profession. His plain explanations and simple examples welcome both investing newcomers and veterans. Good Stocks Cheap is your way forward because the Value Investing Model turns market gyrations into opportunities. It works in bubbles by showing which companies are likely to excel over time, and in downturns by revealing which of these leading businesses are the most underpriced. Build a powerful portfolio poised to deliver outstanding outcomes over a lifetime. Put the strength of value investing to work for you with Good Stocks Cheap.",McGraw Hill Professional,2017,Business & Economics,en,https://books.google.com/books/content?id=60UkDwAAQBAJ&printsec=frontcover&img=1&zoom=1&edge=curl&source=gbs_api,KEEP_B,high,web_keep_b,21,1
26,HPHqDwAAQBAJ,Value Investing For Dummies,,"Peter J. Sander, Janet Haley",9780470232224,9780470232224,"Want to follow in Warren Buffett’s investing footprints? Value Investing For Dummies, 2nd Edition, explains what value investing is and how to incorporate it into your overall investment strategy. It presents a simple, straightforward way to apply proven investment principles, spot good deals, and produce extraordinary returns. This plain-English guide reveals the secrets of how to value stocks, decide when the price is right, and make your move. You’ll find out why a good deal is a good deal, no matter what the bulls and bears say, get tips in investing during jittery times, and understand how to detect hidden agendas in financial reports. And, you’ll uncover the keys to identifying the truly good businesses with enduring and growing value that continually outperform both their competition and the market as a whole. Discover how to: Understand financial investments View markets like a value investor Assess a company’s value Make use of value investing resources Incorporate fundamentals and intangibles Make the most of funds, REITs, and ETFs Develop your own investing style Figure out what a financial statement is really telling you Decipher earnings and cash-flow statements Detect irrational exuberance in company publications Make a value judgment and decide when to buy Complete with helpful lists of the telltale signs of value and “unvalue,” as well as the habits of highly successful value investors, Value Investing For Dummies, 2nd Edition, could be the smartest investment you’ll ever make!",John Wiley & Sons,2008,Business & Economics,en,https://books.google.com/books/content?id=HPHqDwAAQBAJ&printsec=frontcover&img=1&zoom=1&edge=curl&source=gbs_api,KEEP_B,high,web_keep_b,24,1
28,XY3pEAAAQBAJ,"The AFIRE Guide to U.S. Real Estate Investing, Fourth Edition: What Global Investors Need to Know about Commercial Real Estate Acquisition, Management, and Disposition",,Will McIntosh,9781265417086,9781265417086,"Invest responsibly and generate long-term value with the definitive guide to U.S. real estate investing written specifically for non-U.S. investors Whether you’re an institutional investor already active or you’re seeking to enter U.S. commercial real estate markets, The AFIRE Guide to U.S. Real Estate Investing serves as both an invaluable general overview and as an evergreen reference that you’ll return to again and again. From the Association of Foreign Investors in Real Estate (AFIRE), this new edition has been revised and expanded to bring you fully up to date on the issues and practices they need to build a solid real estate portfolio. It includes a brand-new forward, introduction, and glossary, as well as 35 new or updated chapters divided into four sections: •Section 1: Preparing for Investment into the U.S. covers investment strategy, real estate and tax law, corporate responsibility, industry resources, and professional roles. •Section 2: The Commercial Real Estate Lifecycle explores property due diligence, acquisition, operational management, and disposition of U.S. real estate assets. •Section 3: Finance and Partnerships explains important financial topics, including information for lenders and borrowers, joint ventures, loans and debt, commingled funds, bankruptcy, and Islamic finance. •Section 4: Tax and Regulatory Issues discusses securities laws, the Bank Secrecy Act, the Patriot Act, Office of Foreign Assets Control, taxation, real estate investment trusts (REITs), estates and gifts, agreements, and litigation. Other commercial real estate guides cover individual investors, property flipping, or the technical aspects of taxation and finance. Written just for you, The AFIRE Guide to U.S. Real Estate Investing takes the unique approach of focusing on international business, finance, and real estate as well as institutional long-term, multi-generational investment.",McGraw Hill Professional,2024,Business & Economics,en,https://books.google.com/books/content?id=XY3pEAAAQBAJ&printsec=frontcover&img=1&zoom=1&edge=curl&source=gbs_api,KEEP_B,medium,web_keep_b,26,1
30,pyeA4Bj3wAgC,The Money Answers Dictionary of Finance and Investment Terms,,"John Downes, Jordan Elliot Goodman",9780764105029,9780764105029,"Updated to reflect current financial trench and laws, this handbook defines more than 8,500 terms that relate to( stocks and other securities, banking, tax law, monetary policies, and much more. (editor: if there is anything new and noteworthy in this edition, please add a sentence or two to describe it here.",Barron's Educational Series,1997,Business & Economics,en,https://books.google.com/books/content?id=pyeA4Bj3wAgC&printsec=frontcover&img=1&zoom=1&source=gbs_api,KEEP_B,medium,web_keep_b,28,1
31,qRakBQAAQBAJ,Private Wealth Mangement 9th Ed (PB),,"G. Victor Hallman, Jerry S. Rosenbloom",9780071840170,9780071840170,"Where financial advisors go for answers--revised and updated to address consequential legal and economic changes From the oil crisis and stock market crash in the 1970sthrough deregulation into the 1990s to the 2008 financial crisis--every financial planner worth their salt turned to Victor Hallman and Jerry Rosenbloom's classic reference for answers. To maintain its iconic position in the industry, this bible of wealth development moves into its Ninth Edition to ensure today's professional investors and financial stewards have reliable guidance to the latest legislation, economic developments, and wealth managementtrends and techniques. This latest edition of Private Wealth Managementprovides everything you need to operate with sophistication and savvy in today's markets--from setting financial objectives and executing the planning process to investing in equities and fixed-income securities to retirement income planning to methods for lifetime wealth transfers, and more. Written for the serious practitioner, this one-of-a-kind guide gives you a solid foundation for planning a prosperous financial future in the real world, which means it makes you an expert in: Major new tax legislation, including the ""Tax Relief, Unemployment Insurance Reauthorization and Job Creation Act of 2010"" and the ""American Taxpayer Relief Act of 2012"" A variety of economic benefits and investment products Changes in individual annuities and retirement products with an increased focus on retirement planning Modifications to health and disability insurance The Patient Protection and Affordable Care and Health Care Reconciliation Act of 2010 Dodd-Frank Wall Street Reform and Consumer Protection Act of 2010 New developments in estate and marital deduction planning such as ""portability"" This completely updated edition remains a wealth-building and income management tool by presenting many useful strategies, including those for dealing with the current ""super-low"" interest rates. Private Wealth Management, Ninth Edition, is thecornerstone of financial planning.",McGraw Hill Professional,2014,Business & Economics,en,https://books.google.com/books/content?id=qRakBQAAQBAJ&printsec=frontcover&img=1&zoom=1&edge=curl&source=gbs_api,KEEP_B,high,web_keep_b,29,1
32,sqdmvYZrX3cC,Private Wealth Management: The Complete Reference for the Personal Financial Planner,,"G. Victor Hallman, Jerry S. Rosenbloom",9780071544221,9780071544221,"The last 30 years have witnessed stock market booms and busts, economic prosperity and downturns, various presidential administrations, and technological revolutions. Through it all, Victor Hallman and Jerry Rosenbloom's classic guidebook, which previously was titled Personal Financial Planning in its first through seventh edition, has retained its status as the most accurate and up-to-date resource to help Americans protect their futures by investing wisely, insuring their families, and planning for their estates and retirements. Now, with Private Wealth Management, Eighth Edition, money managers and personal investors once again have a reliable resource of personal financial management guidance that is complete with essential new material addressing the latest trends in financial planning. These historic economic times call for new guidance. Hallman and Rosenbloom deliver with new chapters on asset protection planning, cash flow analysis, and interest accumulation concepts, as well as increased coverage of common stock investments and alternative investments. Additionally, in-depth and up-to-date attention is given to the Tax Relief Act of 2004 and the Pension Protection Act of 2006. This proven wealth-building tool features cutting-edge financial thinking and highreturn/ low-risk strategies in virtually every applicable area, including Index funds Value investing Dollar-cost averaging Fixed-income investing Profit-sharing plans Stock bonus plans 401(k) plans Simplified employee pension plans Estate planning Gift taxes Generation-skipping transfer taxes Income and capital gains tax planning Health insurance plans including HMOs Personal risk management From setting financial objectives and understanding the planning process to investing in equities and fixed-income securities, Private Wealth Management offers an effective, coordinated process that shows readers how to plan a prosperous financial future in today’s no-guarantee financial environment.",McGraw Hill Professional,2008,Business & Economics,en,https://books.google.com/books/content?id=sqdmvYZrX3cC&printsec=frontcover&img=1&zoom=1&edge=curl&source=gbs_api,KEEP_B,medium,web_keep_b,30,1
34,DctIxcCoguoC,Kiss Your Stockbroker Goodbye,A Guide to Independent Investing,"John Wells, John G. Wells",9780767901789,9780767901789,A 25-year veteran of the investment profession breaks the spell of full-commission brokerage houses and shows how to join the booming ranks of investors who save--and make--a fortune with their own do-it-yourself strategies.,Broadway,1998,Business & Economics,en,https://books.google.com/books/content?id=DctIxcCoguoC&printsec=frontcover&img=1&zoom=1&source=gbs_api,KEEP_B,medium,web_keep_b,32,1
38,OmaeIdd95EQC,The Art and Science of Technical Analysis,"Market Structure, Price Action, and Trading Strategies",Adam Grimes,9781118238141,9781118238141,"A breakthrough trading book that provides powerful insights on profitable technical patterns and strategies The Art and Science of Technical Analysis is a groundbreaking work that bridges the gaps between the academic view of markets, technical analysis, and profitable trading. The book explores why randomness prevails in markets most, but not all, of the time and how technical analysis can be used to capture statistically validated patterns in certain types of market conditions. The belief of the book is that buying and selling pressure causes patterns in prices, but that these technical patterns are only effective in the presence of true buying/selling imbalance. The Art and Science of Technical Analysis is supported by extensive statistical analysis of the markets, which will debunk some tools and patterns such as Fibonacci analysis, and endorse other tools and trade setups. In addition, this reliable resource discusses trader psychology and trader learning curves based on the author's extensive experience as a trader and trainer of traders. Offers serious traders a way to think about market problems, understand their own performance, and help find a more productive path forward Includes extensive research to validate specific money-making patterns and strategies Written by an experienced market practitioner who has trained and worked with many top traders Filled with in-depth insights and practical advice, The Art and Science of Technical Analysis will give you a realistic sense of how markets behave, when and how technical analysis works, and what it really takes to trade successfully.",John Wiley & Sons,2012,Business & Economics,en,https://books.google.com/books/content?id=OmaeIdd95EQC&printsec=frontcover&img=1&zoom=1&edge=curl&source=gbs_api,KEEP_A,high,auto_keep_annotation,36,1
39,2HpWnQiPqMYC,Intermarket Technical Analysis,"Trading Strategies for the Global Stock, Bond, Commodity, and Currency Markets",John J. Murphy,9780471524335,9780471524335,"Trying to trade stock, bond, commodity and currency markets without intermarket awareness is like trying to drive a car without looking out the side and rear windows--very dangerous. In this guide to intermarket analysis, the author uses years of experience in technical analysis plus extensive charts to clearly demonstrate the interrelationshps that exist among the various market sectors and their importance. You'll learn how to use activity in surrounding markets in the same way that most people employ traditional technical indicators for directional clues. Shows the analyst how to focus outward, rather than inward, to provide a more rational understanding of technical forces at work in the marketplace.",John Wiley & Sons,1991,Business & Economics,en,https://books.google.com/books/content?id=2HpWnQiPqMYC&printsec=frontcover&img=1&zoom=1&edge=curl&source=gbs_api,KEEP_A,high,web_keep_a,37,1
40,3EfBDwAAQBAJ,MIDAS Technical Analysis,A VWAP Approach to Trading and Investing in Today's Markets,"Andrew Coles, David Hawkins",9781576603727,9781576603727,"This book provides a new, powerful twist to MIDAS technical analysis, a trading method developed by the late Paul Levine. The authors show how to employ MIDAS in trading, from recognizing set ups to identifying price targets. The book explains the basics of MIDAS before demonstrating how to apply it in different time frames. Further, it extrapolates how MIDAS can be used with other more conventional indicators, such as DeMark or moving averages. In addition to introducing new indicators that the authors have created, the book also supplies new computer codes.",John Wiley & Sons,2012,Business & Economics,en,https://books.google.com/books/content?id=3EfBDwAAQBAJ&printsec=frontcover&img=1&zoom=1&edge=curl&source=gbs_api,KEEP_B,high,web_keep_b,38,1
41,yeM6viq7fAYC,"Bond and Money Markets: Strategy, Trading, Analysis",,Moorad Choudhry,9780080476186,9780080476186,"Bond and Money Markets: Strategy, Trading, Analysis explains and analyses all aspects of the bond and money markets and is both an introduction for newcomers and an advanced text for experienced market practitioners and graduate students. Those with experience of the industry at all levels will find the book invaluable as a standard reference work.The book features coverage of: - Government and Corporate bonds, Eurobonds, callable bonds, convertibles - Asset-backed bonds including mortgages and CDOs - Derivative instruments including bond futures, swaps, options, structured products, and option valuation models - Interest-rate risk, duration analysis, convexity, and the convexity bias - The money markets, repo markets, basis trading, and asset / liability management - Term structure models, estimating and interpreting the yield curve - Portfolio management, including total return framework, portfolio strategies, and constructing bond indices and valuable insight into: - Trading and hedging strategy - Charting and technical analysis - The latest market developments, such as value-at-risk, and credit derivatives - Emerging markets and the benefits of international investment The Bond and Money Markets: Strategy, Trading, Analysis is aimed at a wide readership including bond salespersons, traders, corporate financiers and graduate trainees, as well as risk managers, operations professionals and business analysts. Other market participants including fund managers, corporate treasurers, management consultants, regulators and financial journalists will also find the content useful. - This book is virtually a stand alone reference book on interest rate swaps, the money markets, financial market mathematics, interest-rate futures and technical analysis - Includes some introductory coverage of very specialised topics (for which one requires specialised texts) such as VaR, Asset & liability management, credit derivatives - Combines accessible style with advanced level topics, plus review of latest research",Elsevier,2001,Business & Economics,en,https://books.google.com/books/content?id=yeM6viq7fAYC&printsec=frontcover&img=1&zoom=1&edge=curl&source=gbs_api,KEEP_A,high,web_keep_a,39,1
42,62-9CgAAQBAJ,Technical Analysis,The Complete Resource for Financial Market Technicians,"Charles D. Kirkpatrick II, Julie R. Dahlquist",9780134137162,9780134137162,"Master technical analysis, step-by-step! Already the field's most comprehensive, reliable, and objective introduction, this guidebook has been thoroughly updated to reflect the field's latest advances. Selected by the Market Technicians Association as the official companion to its prestigious Chartered Market Technician (CMT) program, Technical Analysis, Third Edition systematically explains the theory of technical analysis, presenting academic evidence both for and against it. Using hundreds of fully updated illustrations and examples, the authors explain the analysis of both markets and individual issues, and present complete investment systems and portfolio management plans. They present authoritative, up-to-date coverage of tested sentiment, momentum indicators, seasonal effects, flow of funds, testing systems, risk mitigation strategies, and many other topics. Offering 30% new coverage, Technical Analysis, Third Edition thoroughly addresses recent advances in pattern recognition, market analysis, systems management, and confidence testing; Kagi, Renko, Kase, Ichimoku, Clouds, and DeMark indicators; innovations in exit stops, portfolio selection, and testing; implications of behavioral bias, and the recent performance of old formulas and methods. For traders, researchers, and serious investors alike, this is the definitive guide to profiting from technical analysis.",FT Press,2015,Business & Economics,en,https://books.google.com/books/content?id=62-9CgAAQBAJ&printsec=frontcover&img=1&zoom=1&edge=curl&source=gbs_api,KEEP_A,high,auto_keep_annotation,40,1
43,iA0fEAAAQBAJ,Technical Analysis and Stock Market Profits (Harriman Definitive Edition),,Richard Schabacker,9780857199171,9780857199171,"With a new foreword by Peter Brandt. Richard W. Schabacker's great work, Technical Analysis and Stock Market Profits, is a worthy addition to any technical analyst's personal library or any market library. His ""pioneering research"" represents one of the finest works ever produced on technical analysis, and this book remains an example of the highest order of analytical quality and incisive trading wisdom. Originally devised as a practical course for investors, it is as alive, vital and instructional today as the day it was written. It paved the way for Robert Edwards and John Magee's best-selling Technical Analysis of Stock Trends - a debt which is acknowledged in their foreword: 'Part One is based in large part on the pioneer researches and writings of the late Richard Schabacker.' Schabacker presents technical analysis as a totally organized subject and comprehensively lays out the various important patterns, formations, trends, support and resistance areas, and associated supporting technical detail. He presents factors that can be confidently relied on, and gives equal attention to the blemishes and weaknesses that can upset the best of analytical forecasts: Factors which investors would do well to absorb and apply when undertaking the fascinating game of price, time and volume analysis.",Harriman House Limited,2021,Business & Economics,en,https://books.google.com/books/content?id=iA0fEAAAQBAJ&printsec=frontcover&img=1&zoom=1&edge=curl&source=gbs_api,KEEP_A,high,web_keep_a,41,1
44,hOBhz7i6npcC,New Frontiers in Technical Analysis,Effective Tools and Strategies for Trading and Investing,Paul Ciana,9781118155592,9781118155592,"An essential guide to the most innovative technical trading tools and strategies available In today's investment arena, there is a growing demand to diversify investment strategies through numerous styles of contemporary market analysis, as well as a continuous search for increasing alpha. Paul Ciana, Bloomberg L.P.'s top liason to Technical Analysts worldwide, understands these challenges very well and that is why he has created New Frontiers in Technical Analysis. Paul, along with in-depth contributions from some of the worlds most accomplished market participants developed this reliable guide that contains some of the newest tools and strategies for analyzing today's markets. The methods discussed are based on the existing body of knowledge of technical analysis and have evolved to support, and appeal to technical, fundamental, and quantitative analysts alike. • It answers the question ""What are other people using?"" by quantifying the popularity of the universally accepted studies, and then explains how to use them • Includes thought provoking material on seasonality, sector rotation, and market distributions that can bolster portfolio performance • Presents ground-breaking tools and data visualizations that paint a vivid picture of the direction of trend by capitalizing on traditional indicators and eliminating many of their faults • And much more Engaging and informative, New Frontiers in Technical Analysis contains innovative insights that will sharpen your investments strategies and the way you view today's market.",John Wiley & Sons,2011,Business & Economics,en,https://books.google.com/books/content?id=hOBhz7i6npcC&printsec=frontcover&img=1&zoom=1&edge=curl&source=gbs_api,KEEP_B,high,web_keep_b,42,1
45,y9l5CgAAQBAJ,Trading with Intermarket Analysis,A Visual Approach to Beating the Financial Markets Using Exchange-Traded Funds,John J. Murphy,9781119210016,9781119210016,"A visual guide to market trading using intermarket analysis and exchange-traded funds With global markets and asset classes growing even more interconnected, intermarket analysis—the analysis of related asset classes or financial markets to determine their strengths and weaknesses—has become an essential part of any trader's due diligence. In Trading with Intermarket Analysis, John J. Murphy, former technical analyst for CNBC, lays out the technical and intermarket tools needed to understand global markets and illustrates how they help traders profit in volatile climates using exchange-traded funds. Armed with a knowledge of how economic forces impact various markets and financial sectors, investors and traders can profit by exploiting opportunities in markets about to rise and avoiding those poised to fall. Trading with Intermarket Analysis provides advice on trend following, chart patterns, moving averages, oscillators, spotting tops and bottoms, using exchange-traded funds, tracking market sectors, and the new world of intermarket relationships, all presented in a highly visual way. Gives readers a visually rich introduction to the world of intermarket analysis, the ultimate tool for beating the markets Provides practical advice on trend following, chart patterns, moving averages, oscillators, spotting tops and bottoms, using exchange-traded funds, tracking market sectors, and intermarket relationships Includes appendices on Japanese candlesticks and point-and-figure charting Comprehensive and easy-to-use, Trading with Intermarket Analysis presents the most important concepts related to using exchange-traded funds to beat the markets in a visually accessible format.",John Wiley & Sons,2015,Business & Economics,en,https://books.google.com/books/content?id=y9l5CgAAQBAJ&printsec=frontcover&img=1&zoom=1&edge=curl&source=gbs_api,KEEP_A,high,web_keep_a,43,1
46,UIxyWFkFJ4QC,Technical Analysis for the Trading Professional,,Constance M. Brown,9780071380102,9780071380102,"""There are fifteen major breakthroughs in technical analysis! SEVEN of these breakthroughs are new, never-before-revealed material!"" - George Lane, Stochastics Originator. As professional traders approach the 21st century, accelerating technological change threatens to make conventional technical studies and indicators ineffective. To compete in this changing environment, these professionals need radical new uses and combinations of indicators and formulas to keep their competitive edge. Not a primer for the novice, TECHNICAL ANALYSIS FOR THE TRADING PROFESSIONAL resets the scales, arming today's professional trader with new, unique, and never-before-seen formulas and uses of key market indicators and techniques.",McGraw Hill Professional,1999,Business & Economics,en,https://books.google.com/books/content?id=UIxyWFkFJ4QC&printsec=frontcover&img=1&zoom=1&edge=curl&source=gbs_api,KEEP_B,high,web_keep_b,44,1
47,mP-Kb-R9aKcC,Technical Markets Indicators,Analysis & Performance,"Richard J. Bauer, Julie R. Dahlquist",9780471197218,9780471197218,"The use of technical market indicators has long been a controversial subject, highly regarded by some and treated with great skepticism by others. Yet, the number of indicators-and the number of individual investors and finance professionals using them-continues to grow. Now, more than ever, there is an urgent need for objective testing to determine the validity of these indicators. Technical Market Indicators is a unique study of the performance of many of the most widely used technical analysis indicators. The authors explore in an unbiased, rigorous manner whether these indicators consistently perform well or fail to do the job. They explain which indicators work best and why, providing a clear picture of what the investor is likely to experience when using technical analysis. Unlike other books on the subject, Technical Market Indicators provides a comprehensive testing of indicators that uses a large sample of stocks over a twelve-year time period, encompassing varying market conditions. Instead of using the traditional technical analysis charts, this detailed analysis takes a different approach, calculating numbers based on various relationships and letting the numbers dictate the decisions. This allows the investor to use technical methods without ever consulting a chart. From an objective standpoint, the authors address both the pro and con arguments of using technical analysis and attempt to shed additional light onto the controversy through their systematic testing. They also alert the investor to the many different issues that must be addressed when using technical indicators, including performance measurement criteria, consistency of results, combining indicators, portfolio considerations, and leveraging. This indispensable resource features: * Comprehensive testing of sixty different technical indicators, fully described, including Trading Band Crossover, Relative Strength Peaks, Random Walk Breakout, Candle Belt Hold, and Volume Trend * An explanation of the underlying concepts behind the indicators and their methods of calculation * In-depth results of tests on each individual indicator, with over 250 pages of detailed tables * An examination of trading rules that combine two or more indicators and a report of a sampling of the best combinations * An annotated bibliography. For those new to technical analysis or for the experienced analyst looking for some fresh angles on the subject, this one-of-a-kind resource is the only one you'll need to navigate the increasingly complex maze of technical market indicators. Can technical analysis be used as an effective tool to enhance investment performance? This question is currently on the minds of many investors and traders. The answer can be found in this invaluable, comprehensive resource, which provides a detailed analysis of the most commonly used indicators, explaining in detail which indicators seem to work best, why, under what conditions, and with which kinds of financial instruments. ""Do technical market indicators provide useful information to the stock trader or is it impossible to beat a buy and hold strategy? Bauer and Dahlquist tackle this controversy by rigorously testing 60 indicators on 878 stocks over a 12-year period. Their explanations of the indicators, the testing process, and the results are clear and concise. The 12 major conclusions based on this extensive research will provide the reader with plenty of opportunities to follow Bauer and Dahlquist's final advice: 'Keep learning and keep thinking. '"" - Tom Bierovic Manager, System Trading & Development Education Omega Research, Inc. ""Who says a technician has to use charts? Here is a book that sidesteps traditional technical analysis and describes how tabular data can be more informative."" - Ralph Acampora Managing Director Prudential Securities.",John Wiley & Sons,1998,Business & Economics,en,https://books.google.com/books/content?id=mP-Kb-R9aKcC&printsec=frontcover&img=1&zoom=1&edge=curl&source=gbs_api,KEEP_B,high,web_keep_b,45,1
48,_TJKwgEACAAJ,Trading: Technical Analysis Masterclass: Master the Financial Markets,,"Moritz Czubatinski, Rolf Schlotmann",9781795471855,9781795471855,"Trading stocks, currencies, futures, and other financial contracts is not actually complicated and anybody can learn it in a relatively short time. This has been my daily experience for the past decade and even traders who have tried everything for years without success can make their first profits if the art of trading is explained to them in the right way. However, the keyword ""in the right way"" is important here. This book focuses on technical analysis, explanation and interpretation of price movements and chart patterns as well as on learning effective, ready-to-use trading strategies. However, it is important to go beyond the usual technical analysis, and to analyze the behavior of traders based on psychological factors and phenomena of mass psychology as well. The price movements on the international financial markets arise because millions of people interact with each other every day. Buying and selling decisions are influenced by emotions and human behavioral patterns.Whether we are looking at a speculator from China 200 years ago, a Wall Street pit trader from New York 80 years ago or a modern-day ""Joe Bloggs trader,"" trading from his/her smartphone - the human components, i.e. emotions and instincts, hardly differ. Greed, fear, uncertainty and the willingness to take risks have determined human actions for millennia and, of course, also how people have maneuvered their money around the world's markets for centuries. Those who learn to read the buyer and seller interaction from the charts will be able to read and handle any price movement. This is true because all price charts follow universal and timeless rules that can be successfully interpreted with the help of effective technical analysis.Over the years, more than one million visitors have already searched for information about trading on our website www.tradeciety.com. Every day, traders ask us how they can understand technical analysis and trading in a better manner. This book is a result of the motivation to answer these questions collectively. It is the book I would have wished for at the beginning of my trading career over 15 years ago.The first section of this book provides comprehensive knowledge of the fundamentals and individual components of technical analysis and price analysis. The second section focuses on the most important trading patterns as well as the correct interpretation of chart formations. We will explore potential entry signal points and trading strategies so that traders can now already make sense of their own charts with confidence. The third and final section focuses on developing a customized trading strategy. In addition to an insight into important psychological trading concepts, traders will get numerous practical tips to ensure that they handle their trading professionally at the end of this book. The goal of this book is it to enable the reader to look behind the price movements and understand why prices rise and fall, how buyers and sellers interact and thus to make effective trading decisions. The comprehensive and step-by-step knowledge of technical analysis ultimately makes it possible to interpret any chart situation and, thus, hopefully, become an independent trader.",Independently Published,2019,Business & Economics,en,https://books.google.com/books/content?id=_TJKwgEACAAJ&printsec=frontcover&img=1&zoom=1&source=gbs_api,KEEP_B,high,web_keep_b,46,1
49,cVJmDwAAQBAJ,Technical Analysis of Stock Trends,,"Robert D. Edwards, John Magee, W.H.C. Bassetti",9781351631433,9781351631433,"This revised and updated version of the best-selling book, Technical Analysis of Stock Trends, 10th Edition, presents proven long- and short-term stock trend analysis enabling investors to make smart, profitable trading decisions. The book covers technical theory such as The Dow Theory, reversal patterns, consolidation formations, trends and channels, technical analysis of commodity charts, and advances in investment technology. The book also includes a comprehensive guide to trading tactics from long and short goals, stock selection, charting, low and high risk, trend recognition tools, balancing and diversifying the stock portfolio, application of capital, and risk management. This sharpened and updated new edition offers patterns and charts that are tighter and more illustrative, including modifiable charts. Expanded material will be offered on Pragmatic Portfolio Theory as a more elegant alternative to Modern Portfolio Theory; and a newer, simpler, and more powerful alternative to Dow Theory is presented.",CRC Press,2018,Business & Economics,en,https://books.google.com/books/content?id=cVJmDwAAQBAJ&printsec=frontcover&img=1&zoom=1&edge=curl&source=gbs_api,KEEP_A,high,auto_keep_annotation,47,1
51,7HOiDwAAQBAJ,Trading the Markets the Point & Figure way,become a noiseless trader and achieve consistent success in markets,Prashant Shah,9781642492255,9781642492255,"Become a Master of Point & Figure Charts Prashant Shah, one of the prominent Point & Figure analysts, has presented a wonderful method in the simplest possible way. His approach of making things objective and rule-based has lent a new dimension to the world's oldest charting technique. This is a comprehensive book on trading and analysis using the Point and Figure methodology. The concepts are explained with many real-life chart examples from the Indian market. A peek into what you will find: • What is a Point & Figure chart and how to plot it? • Basic and advanced price patterns with numerous chart examples, trading rules for all patterns. • Simple and effective ways to identify trend. • How to use P&F counts to arrive at high-probability price target. • How to use traditional tools and indicators in P&F charts. • High probability patterns to capture momentum stocks and sectors. • Objective method to identify market outperformers using Relative Strength. • A few indicators developed, by the author, exclusively for P&F charts. • 20-years of Back-testing results of P&F patterns providing interesting market insights. Both experienced as well as novice can benefit from the concepts discussed. A thorough understanding of the contents of the book would help the reader reduce the noise and achieve consistent success in markets using the Point & Figure charts.",Notion Press,2019,Business & Economics,en,https://books.google.com/books/content?id=7HOiDwAAQBAJ&printsec=frontcover&img=1&zoom=1&edge=curl&source=gbs_api,KEEP_B,medium,web_keep_b,49,1
52,VIruZ65OADgC,All About Candlestick Charting,,Wayne A. Corbitt,9780071763134,9780071763134,"SHED LIGHT ON PRICE MOVEMENTS WITH CANDLESTICK CHARTING! ""Wayne Corbitt has introduced a wonderfully informed book on Japanese candlestick analysis ... This book should be in the library of every technical analyst who shows even the slightest interest in Japanese candlestick analysis."" Gregory L. Morris, author of Candlestick Charting Explained and Chief Technical Analyst and Chairman of the Investment Committee for Stadion Money Management All About Candlestick Charting covers all of the basics of this 250-year-old Japanese trading method and explains how to combine it with contemporary Western technical analysis tools. The result is a powerful trading synergy that gives you an edge over the competition every minute of the trading day. Even if you have no experience with candlesticks, this guide will open your eyes to a style of trading that will greatly enhance your understanding of the markets. All About Candlestick Charting provides all there is to know about: Candlestick construction, analysis, reversal patterns, and continuation patterns Combining candlestick patterns with Western technical analysis tools, such as trends, support and resistance, momentum indicators, and volume Alternative charting methods, including Three-Line Break charts, Renko charts, and Kagi charts",McGraw Hill Professional,2011,Business & Economics,en,https://books.google.com/books/content?id=VIruZ65OADgC&printsec=frontcover&img=1&zoom=1&edge=curl&source=gbs_api,KEEP_B,high,web_keep_b,50,1
55,YlzcEAAAQBAJ,Beyond Technical Analysis,How to Develop and Implement a Winning Trading System,Tushar S. Chande,9780471415671,9780471415671,"A technical analysis classic, newly updated to help traders develop and forward-test a high-performance trading system for today's markets In trading, a winning system is everything. While it is theoretically possible to buy a ""canned"" trading system, most experts agree that the best system is proprietary to each trader--developed, implemented, and tested by the individual to suit his or her exact requirements. A stimulating mix of cutting-edge techniques, timeless principles, and practical guidelines, this updated edition of a technical analysis classic offers traders a comprehensive methodology to develop and implement your own trading system, bridging the gap between analysis and execution. Tushar Chande (Pittsburgh, PA) holds nine U.S. patents for creative solutions to flexible manufacturing problems using high-power lasers and optical fibers. A contributing editor to Technical Analysis of Stocks & Commodities magazine, he has been a registered Commodity Trading Advisor and is the principal author of The New Technical Trader (0-471-59780-5) (Wiley).",John Wiley & Sons,2001,Business & Economics,en,https://books.google.com/books/content?id=YlzcEAAAQBAJ&printsec=frontcover&img=1&zoom=1&edge=curl&source=gbs_api,KEEP_B,high,web_keep_b,53,1
56,zcFHAeGZDtkC,Mapping the Markets,A Guide to Stock Market Analysis,"Deborah Owen, Robin Griffiths",9781576602386,9781576602386,"The global financial markets turn over billions of dollars daily. An array of different instruments is available to trade in these markets, ranging from simple stocks and shares to exotic creatures such as butterfly spreads. Participation at any level involves taking a view as to which way the market in question will move. There are essentially only two methods for analysing the future direction of the markets in equities, currencies, interest rates or commodities: one involves fundamental analysis, the other technical analysis. The two camps of investment analysts are separated by a wide gulf of distrust and suspicion. This book seeks to bridge the gap between the two disciplines and show how you can benefit from both, highlighting: • The tools you can use for mapping the markets—to understand what causes shifts in the trend and underlying forces that affect the economy and therefore the financial markets • The long-term cyclical drivers—how economic change is triggered by technological change, and the technological changes that will drive the markets in the future • Downward phases of the cycle—and the factors that cause them • The markets and sectors that will prosper in the future. As the world of investment gets ever more complicated and faster, Mapping the Markets will provide an invaluable route to improving your chances of investment success and avoiding investment distress, whether you are a long-term investor or a short-term trader.",John Wiley & Sons,2006,Business & Economics,en,https://books.google.com/books/content?id=zcFHAeGZDtkC&printsec=frontcover&img=1&zoom=1&edge=curl&source=gbs_api,KEEP_B,high,web_keep_b,54,1
59,NQ5xDwAAQBAJ,"Mastering the Trade, Third Edition: Proven Techniques for Profiting from Intraday and Swing Trading Setups",,John F. Carter,9781260121605,9781260121605,"The go-to guide for launching a lucrative career in trading—fully updated for today’s turbulent marketsOne of today’s most successful traders, John F. Carter has made his popular guide more relevant and effective than ever. This new edition of Mastering the Trade includes the essential content that has made it a bestselling classic, and includes critical new information for making the best trading decisions in every situation. Combining insightful market overview with trading strategies and concepts, Carter provides:•Proven set-ups, with optimal markets and non-negotiable trading rules •Exact entry, exit, and stop loss levels for swing and intraday trading •Seven key internals, from Skew to VIX •Pre-market checklist for analyzing recent market behavior •Scanning techniques for pinpointing high-probability setups•Effective risk control techniques •Methods for ensuring your computer runs at max speed•Techniques for predicting market correctionsFrom valuable hardware and software to market mechanics, pivot points, and position sizing, Carter delivers a suite of tools for beating out the competition on a regular basis.Mastering the Trade, Third Edition builds your expertise in knowing what’s working for you and what’s working against you, so you make a living on the frontlines of professional trading.",McGraw Hill Professional,2018,Business & Economics,en,https://books.google.com/books/content?id=NQ5xDwAAQBAJ&printsec=frontcover&img=1&zoom=1&edge=curl&source=gbs_api,KEEP_B,high,web_keep_b,57,1
63,_t1MzUWXfs8C,Investments,,Mayo,9780030097683,9780030097683,,,1987,Business & Economics,en,https://books.google.com/books/content?id=_t1MzUWXfs8C&printsec=frontcover&img=1&zoom=1&source=gbs_api,KEEP_B,high,web_keep_b,61,1
64,gOSYCekK5GcC,Technical Analysis of the Currency Market,Classic Techniques for Profiting from Market Swings and Trader Sentiment,Boris Schlossberg,9780471973065,9780471973065,"Proven currency-specific trading strategies from one of today's top currency analysts ""If you trade currency, then you need to have this book on your desk. It's the only book you need for technical analysis of the fastest-moving market on the planet."" -Rob Booker, Currency Trader, W.R. Booker & Company ""In plain English, Schlossberg lays out the basics in using technical analysis to trade foreign currencies, from the fundamentals of how the FX market works to the variety of technical strategies and trade management techniques traders can employ. Along the way, he offers entertaining examples and observations as well as simple, easy-to-read charts and diagrams. Anyone interested in getting started in the hugely popular FX market would do well to begin with this book."" -Sarah Rudolph, Executive Editor, SFO Magazine ""Boris Schlossberg has done a fabulous job with this book. It's packed with insightful tips and strategies that are sure to save traders a lot of time and money."" -Cory Janssen, CoFounder, Investopedia.com ""Schlossberg's book is a great resource for traders just starting out in currency markets. His focus on simplicity is critical for a new trader's education on how to make money."" -Andrew B. Busch, Global FX Strategist, BMO Financial Group",John Wiley & Sons,2006,Business & Economics,en,https://books.google.com/books/content?id=gOSYCekK5GcC&printsec=frontcover&img=1&zoom=1&edge=curl&source=gbs_api,KEEP_B,high,web_keep_b,62,1
65,_F3BAwAAQBAJ,Risk Management in Trading,Techniques to Drive Profitability of Hedge Funds and Trading Desks,Davis Edwards,9781118772843,9781118772843,"A comprehensive resource for understanding how to minimize risk and increase profits In this accessible resource, Wall Street trader and quantitative analyst Davis W. Edwards offers a definitive guide for nonprofessionals which describes the techniques and strategies seasoned traders use when making decisions. Risk Management in Trading includes an introduction to hedge fund and proprietary trading desks and offers an in-depth exploration on the topic of risk avoidance and acceptance. Throughout the book Edwards explores the finer points of financial risk management, shows how to decipher the jargon of professional risk-managers, and reveals how non-quantitative managers avoid risk management pitfalls. Avoiding risk is a strategic decision and the author shows how to adopt a consistent framework for risk that compares one type of risk to another. Edwards also stresses the fact that any trading decision that isn't based on the goal of maximizing profits is a decision that should be strongly scrutinized. He also explains that being familiar with all the details of a transaction is vital for making the right investment decision. Offers a comprehensive resource for understanding financial risk management Includes an overview of the techniques and tools professionals use to control risk Shows how to transfer risk to maximize results Written by Davis W. Edwards, a senior manager in Deloitte's Energy Derivatives Pricing Center Risk Management in Trading gives investors a hands-on guide to the strategies and techniques professionals rely on to minimize risk and maximize profits.",John Wiley & Sons,2014,Business & Economics,en,https://books.google.com/books/content?id=_F3BAwAAQBAJ&printsec=frontcover&img=1&zoom=1&edge=curl&source=gbs_api,KEEP_B,high,web_keep_b,63,1
66,ji3LDwAAQBAJ,Investment Analysis & Portfolio Management,,"Frank K. Reilly, Keith C. Brown, Brindha Gunasingham, Asjeet Lamba, Dr Frank Elston",9780170416030,9780170416030,"This first Asia-Pacific edition of Reilly/Brown’s Investment Analysis and Portfolio Management builds on the authors’ strong reputations for combining solid theory with practical application and has been developed especially for courses across the Australia, New Zealand, and Asia-Pacific regions. The real-world illustrations and hands-on activities enhance an already rigourous, empirical approach to topics such as investment instruments, capital markets, behavioural finance, hedge funds, and international investment. The text also emphasises how investment practice and theory are influenced by globalisation.",Cengage AU,2019,Business & Economics,en,https://books.google.com/books/content?id=ji3LDwAAQBAJ&printsec=frontcover&img=1&zoom=1&edge=curl&source=gbs_api,KEEP_B,high,web_keep_b,64,1
67,PbXzAAAAMAAJ,Investing and Risk Management,,Robert Lawrence Kuhn,9781556232480,9781556232480,,Irwin Professional Publishing,1990,Business & Economics,en,https://books.google.com/books/content?id=PbXzAAAAMAAJ&printsec=frontcover&img=1&zoom=1&source=gbs_api,KEEP_B,medium,web_keep_b,65,1
68,UwN0AwAAQBAJ,Strategies of Banks and Other Financial Institutions,Theories and Cases,Rajesh Kumar,9780124171671,9780124171671,"How and why do strategic perspectives of financial institutions differ by class and region? Strategies of Banks and Other Financial Institutions: Theories and Cases is an introduction to global financial institutions that presents both theoretical and actual aspects of markets and institutions. The book encompasses depository and non-depository Institutions; money markets, bond markets, and mortgage markets; stock markets, derivative markets, and foreign exchange markets; mutual funds, insurance, and pension funds; and private equity and hedge funds. It also addresses Islamic financing and consolidation in financial institutions and markets. Featuring up-to-date case studies in its second half, Strategies of Banks and Other Financial Institutions proposes a useful theoretical framework and strategic perspectives about risk, regulation, markets, and challenges driving the financial sectors. - Describes theories and practices that define classes of institutions and differentiate one financial institution from another - Presents short, focused treatments of risk and growth strategies by balancing theories and cases - Places Islamic banking and finance into a comprehensive, universal perspective",Elsevier,2014,Business & Economics,en,https://books.google.com/books/content?id=UwN0AwAAQBAJ&printsec=frontcover&img=1&zoom=1&edge=curl&source=gbs_api,KEEP_B,high,web_keep_b,66,1
70,Mjd96ayZ98kC,Quality Money Management,Process Engineering and Best Practices for Systematic Trading and Investment,"Andrew Kumiega, Benjamin Van Vliet",9780080559919,9780080559919,"The financial markets industry is at the same crossroads as the automotive industry in the late 1970s. Margins are collapsing and customization is rapidly increasing. The automotive industry turned to quality and its no coincidence that in the money management industry many of the spectacular failures have been due largely to problems in quality control. The financial industry in on the verge of a quality revolution. New and old firms alike are creating new investment vehicles and new strategies that are radically changing the nature of the industry. To compete, mutual funds, hedge fund industries, banks and proprietary trading firms are being forced to quicklyy research, test and implement trade selection and execution systems. And, just as in the early stages of factory automation, quality suffers and leads to defects. Many financial firms fall short of quality, lacking processes and methodologies for proper development and evaluation of trading and investment systems. Authors Kumiega and Van Vliet present a new step-by-step methodology for such development. Their methodology (called K - Presents a robust process engineering framework for developing and evaluating trading and investment systems - Best practices along the step-by-step process will mitigate project risk, model risk, and ensure data quality - Includes a quality model for backtesting and managing market risk of working systems",Academic Press,2011,Business & Economics,en,https://books.google.com/books/content?id=Mjd96ayZ98kC&printsec=frontcover&img=1&zoom=1&edge=curl&source=gbs_api,KEEP_B,high,web_keep_b,68,1
73,jc2SBQAAQBAJ,Investment Risk Management,,"Harold Kent Baker, Greg Filbeck",9780199331963,9780199331963,Investment Risk Management provides an overview of developments in risk management and a synthesis of research on the subject. The chapters examine ways to alter exposures through measuring and managing risk exposures and provide an understanding of the latest strategies and trends within risk management.,"Oxford University Press, USA",2015,Business & Economics,en,https://books.google.com/books/content?id=jc2SBQAAQBAJ&printsec=frontcover&img=1&zoom=1&edge=curl&source=gbs_api,KEEP_B,high,web_keep_b,71,1
74,w-2_DQAAQBAJ,Energy Trading & Investing 2E (PB),,Davis W. Edwards,9781259835391,9781259835391,"The popular guide to earning stunning profits in the energy markets—updated with critical information on virtually every market, from fossil fuels to renewable energy. Energy Trading & Investing, 2nd Edition, brings readers up to date on everything they need to know about the energy revolutions that are changing the world – how fracking has the U.S. awash in cheap oil and natural gas; how alternative energy technologies like solar and wind are shaking up utilities; and how changes in the electrical grid are being addressed by multi-state organizations. A long-time veteran of the energy markets, Edwards offers practical advice to help energy investors choose profitable energy investments. The book is written in plain English and has been expanded with information to assist small and large investors, candidates for MBAs and finance degrees, and candidates for professional certifications in risk management understand the risks and benefits of the energy industry. Now is the time for you to enter the energy market or expand your position. Let Energy Trading & Investing guide you every step of the way.",McGraw Hill Professional,2017,Business & Economics,en,https://books.google.com/books/content?id=w-2_DQAAQBAJ&printsec=frontcover&img=1&zoom=1&edge=curl&source=gbs_api,KEEP_B,high,web_keep_b,72,1
75,sD0PNeDmHmgC,The Essentials of Risk Management,The Definitive Guide for the Non-risk Professional,"Michel Crouhy, Dan Galai, Robert Mark",9780071483322,9780071483322,"Risk management is no longer confined solely to risk management specialists. Stakeholders ranging from employees to investors must understand how to quantify the tradeoffs of risk against the potential return. The failure to understand the essential nature of risk can have devastating consequences. Globally renowned risk and corporate governance experts Michel Crouhy, Dan Galai, and Robert Mark have updated and streamlined their bestselling professional reference Risk Management to introduce you to the world of risk management without requiring you to know the intricate formulas and mathematical details. The Essentials of Risk Management is the first book to make even the most sophisticated risk management approaches simultaneously accessible to both risk and non risk professionals. It will help you to: Increase the transparency of your risk management program to satisfy shareholders, employees, regulators, and other important constituencies Keep on top of the continuing evolution of best-practice risk policies and methodologies and associated risk infrastructures Implement and efficiently communicate an organization-wide Enterprise Risk Management (ERM) approach that encompasses market, credit, liquidity, operational, legal and regulatory, business, strategic and reputation risks Navigate thorny areas including risk policies, risk methodologies, economic capital, regulatory capital, performance measurement, asset-liability management, and more Efficiently allocate limited corporate resources to comply with the new generation of risk regulation and corporate governance regulation As a non-risk professional or board member, you are being called on more than ever before to make sophisticated assessments of your organization's risk exposures as well as play a critical role in its formal risk management process. The Essentials of Risk Management tells you what you need to know to succeed in this challenging new environment.",McGraw Hill Professional,2005,Business & Economics,en,https://books.google.com/books/content?id=sD0PNeDmHmgC&printsec=frontcover&img=1&zoom=1&edge=curl&source=gbs_api,KEEP_A,high,web_keep_a,73,1
76,ZkNQEAAAQBAJ,Risk and Money Management for Day and Swing Trading,"A Complete Guide on How to Maximize Your Profits and Minimize Your Risks in Forex, Futures and Stock Trading",Wieland Arlt,9783982177618,9783982177618,"Make your trading success predictable! Professional risk and money management is indispensable for every trader in order to improve trading results permanently and sustainably. In the heat of the moment, this is often neglected. Wieland Arlt outlines simple methods that can be implemented in practice with little effort to improve your day and swing trading. He explains different concepts for various trading styles, so that short- and medium-term oriented traders are individually accompanied from the planning of a trade to the choice of the appropriate financial market. Wieland Arlt gives practical advice and demonstrates that professional risk and money management make trading success predictable.",Torero Traders School,2021,Business & Economics,en,https://books.google.com/books/content?id=ZkNQEAAAQBAJ&printsec=frontcover&img=1&zoom=1&edge=curl&source=gbs_api,KEEP_B,high,web_keep_b,74,1
77,aOsCDgAAQBAJ,Real-Time Risk,"What Investors Should Know About FinTech, High-Frequency Trading, and Flash Crashes","Irene Aldridge, Steven Krawciw",9781119318965,9781119318965,"Risk management solutions for today's high-speed investing environment Real-Time Risk is the first book to show regular, institutional, and quantitative investors how to navigate intraday threats and stay on-course. The FinTech revolution has brought massive changes to the way investing is done. Trading happens in microsecond time frames, and while risks are emerging faster and in greater volume than ever before, traditional risk management approaches are too slow to be relevant. This book describes market microstructure and modern risks, and presents a new way of thinking about risk management in today's high-speed world. Accessible, straightforward explanations shed light on little-understood topics, and expert guidance helps investors protect themselves from new threats. The discussion dissects FinTech innovation to highlight the ongoing disruption, and to establish a toolkit of approaches for analyzing flash crashes, aggressive high frequency trading, and other specific aspects of the market. Today's investors face an environment in which computers and infrastructure merge, regulations allow dozens of exchanges to coexist, and globalized business facilitates round-the-clock deals. This book shows you how to navigate today's investing environment safely and profitably, with the latest in risk-management thinking. Discover risk management that works within micro-second trading Understand the nature and impact of real-time risk, and how to protect yourself Learn why flash crashes happen, and how to mitigate damage in advance Examine the FinTech disruption to established business models and practices When technology collided with investing, the boom created stratospheric amounts of data that allows us to plumb untapped depths and discover solutions that were unimaginable 20 years ago. Real-Time Risk describes these solutions, and provides practical guidance for today's savvy investor.",John Wiley & Sons,2017,Business & Economics,en,https://books.google.com/books/content?id=aOsCDgAAQBAJ&printsec=frontcover&img=1&zoom=1&edge=curl&source=gbs_api,KEEP_B,high,web_keep_b,75,1
78,fxdqJjfjV8kC,Credit Derivatives,"Risk Management, Trading and Investing",Geoff Chaplin,9780470024171,9780470024171,"The credit derivatives market has developed rapidly over the lastten years and is now well established in the banking community andis increasingly making its presence felt in all areas of finance.This book covers the subject from credit bonds, asset swaps andrelated ‘real world’ issues such as liquidity, poordata, and credit spreads, to the latest innovations in portfolioproducts, hedging and risk management techniques. The bookconcentrates on practical issues and develops an understanding ofthe products through applications and detailed analysis of therisks and alternative means of trading. Credit Derivatives: RiskManagement, Trading and Investing provides: A description of the key products, applications, and ananalysis of typical trades including basis trading, hedging, andcredit structuring Analysis of the industry standard ‘default andrecovery’ and Copula models including many examples, and adescription of the models’ shortcomings Tools and techniques for the management of a portfolio or bookof credit risks including appropriate and inappropriate methods ofcorrelation risk management A thorough analysis of counterparty risk An intuitive understanding of credit correlation in reality andin the Copula model The CD in the back of this book includes an Evaluation Versionof Mathcad® 12 Single User Edition, which is reproduced bypermission. This software is a fully-functional trial of Mathcadwhich will expire 30 days from installation. For technical supportor more information see http://www.mathcad.com.",John Wiley & Sons,2005,Business & Economics,en,https://books.google.com/books/content?id=fxdqJjfjV8kC&printsec=frontcover&img=1&zoom=1&edge=curl&source=gbs_api,KEEP_B,high,web_keep_b,70,2
79,hlDfEAAAQBAJ,Trading Risk,Enhanced Profitability through Risk Control,Kenneth L. Grant,9780471650911,9780471650911,"Revolutionary techniques that traders can implement to improve profits and avoid losses No trader, professional or individual, can afford not to have a solid risk management program integrated into his or her trading system. But finding a precise mathematical model to replace subjective decision-making processes is a challenge. Traditionally, risk management has focused solely on loss avoidance, but in Trading Risk, hedge fund risk manager Kenneth Grant presents some-thing completely new—how to manage a portfolio to minimize risk and increase profits by putting more capital at risk. Trading Risk details a risk management program that can help both money managers and individual traders evaluate which elements in a portfolio are working efficiently and which aren’t. By illustrating an extremely simple set of statistical and arithmetic tools this book can help readers enhance their performance in many financial markets. Kenneth L.Grant is Cheyne’s Global Risk Manager, and is the Managing Member for Cheyne Capital, LLC, the firm’s U.S. arm. Mr. Grant is a pioneer in the field of hedge fund risk management and capital allocation. Before joining Cheyne, he created risk control programs at two of the world’s leading hedge funds, Tudor Investments and SAC Capital, where he was eventually promoted to the title of Chief Investment Strategist. Mr. Grant holds a Bachelor of Science in Economics and Mathematics from the University of Wisconsin, an MA in Economics from Columbia University, and an MBA from the University of Chicago Graduate School of Business.",John Wiley & Sons,2004,Business & Economics,en,https://books.google.com/books/content?id=hlDfEAAAQBAJ&printsec=frontcover&img=1&zoom=1&edge=curl&source=gbs_api,KEEP_B,high,web_keep_b,76,1
80,Ot4IEAAAQBAJ,"Portfolio Management in Practice, Volume 1",Investment Management,CFA Institute,9781119743712,9781119743712,"Portfolio Management in Practice, Volume 1: Investment Management delivers a comprehensive overview of investment management for students and industry professionals. As the first volume in the CFA Institute’s new Portfolio Management in Practice series, Investment Management offers professionals looking to enhance their skillsets and students building foundational knowledge an essential understanding of key investment management concepts. Designed to be an accessible resource for a wide range of learners, this volume explores the full portfolio management process. Inside, readers will find detailed coverage of: Forming capital market expectations Principles of the asset allocation process Determining investment strategies within each asset class Integrating considerations specific to high net worth individuals or institutions into chosen strategies And more To apply the concepts outlined in the Investment Management volume, explore the accompanying Portfolio Management in Practice, Volume 1: Investment Management Workbook. The perfect companion resource, this workbook aligns chapter-by-chapter with Investment Management for easy referencing so readers can draw connections between theoretical content and challenging practice problems. Featuring contributions from the CFA Institute’s subject matter experts, Portfolio Management in Practice, Volume 1: Investment Management distills the knowledge forward-thinking professionals will need to succeed in today’s fast-paced financial world.",John Wiley & Sons,2020,Business & Economics,en,https://books.google.com/books/content?id=Ot4IEAAAQBAJ&printsec=frontcover&img=1&zoom=1&edge=curl&source=gbs_api,KEEP_A,high,web_keep_a,77,1
82,7_vxEAAAQBAJ,"Portfolio Management in Practice, Volume 2",Asset Allocation,CFA Institute,9781119787969,9781119787969,"Discover the latest essential resource on asset allocation for students and investment professionals. Part of the CFA Institute’s three-volume Portfolio Management in Practice series, Asset Allocation offers a deep, comprehensive treatment of the asset allocation process and the underlying theories and markets that support it. As the second volume in the series, Asset Allocation meets the needs of both graduate-level students focused on finance and industry professionals looking to become more dynamic investors. Filled with the insights and industry knowledge of the CFA Institute’s subject matter experts, Asset Allocation effectively blends theory and practice while helping the reader expand their skillsets in key areas of interest. This volume provides complete coverage on the following topics: Setting capital market expectations to support the asset allocation process Principles and processes in the asset allocation process, including handling ESG-integration and client-specific constraints Allocation beyond the traditional asset classes to include allocation to alternative investments The role of exchange-traded funds can play in implementing investment strategies An integrative case study in portfolio management involving a university endowment To further enhance your understanding of tools and techniques explored in Asset Allocation, don’t forget to pick up the Portfolio Management in Practice, Volume 2: Asset Allocation Workbook. The workbook is the perfect companion resource containing learning outcomes, summary overview sections, and challenging practice questions that align chapter-by-chapter with the main text.",John Wiley & Sons,2020,Business & Economics,en,https://books.google.com/books/content?id=7_vxEAAAQBAJ&printsec=frontcover&img=1&zoom=1&edge=curl&source=gbs_api,KEEP_A,high,web_keep_a,79,2
83,SbIz2gRbrF4C,Pioneering Portfolio Management,"An Unconventional Approach to Institutional Investment, Fully Revised and Updated",David F. Swensen,9781416554035,9781416554035,"In the years since the now-classic Pioneering Portfolio Management was first published, the global investment landscape has changed dramatically -- but the results of David Swensen's investment strategy for the Yale University endowment have remained as impressive as ever. Year after year, Yale's portfolio has trumped the marketplace by a wide margin, and, with over $20 billion added to the endowment under his twenty-three-year tenure, Swensen has contributed more to Yale's finances than anyone ever has to any university in the country. What may have seemed like one among many success stories in the era before the Internet bubble burst emerges now as a completely unprecedented institutional investment achievement. In this fully revised and updated edition, Swensen, author of the bestselling personal finance guide Unconventional Success, describes the investment process that underpins Yale's endowment. He provides lucid and penetrating insight into the world of institutional funds management, illuminating topics ranging from asset-allocation structures to active fund management. Swensen employs an array of vivid real-world examples, many drawn from his own formidable experience, to address critical concepts such as handling risk, selecting advisors, and weathering market pitfalls. Swensen offers clear and incisive advice, especially when describing a counterintuitive path. Conventional investing too often leads to buying high and selling low. Trust is more important than flash-in-the-pan success. Expertise, fortitude, and the long view produce positive results where gimmicks and trend following do not. The original Pioneering Portfolio Management outlined a commonsense template for structuring a well-diversified equity-oriented portfolio. This new edition provides fund managers and students of the market an up-to-date guide for actively managed investment portfolios.",Simon and Schuster,2009,Business & Economics,en,https://books.google.com/books/content?id=SbIz2gRbrF4C&printsec=frontcover&img=1&zoom=1&edge=curl&source=gbs_api,KEEP_A,high,auto_keep_annotation,80,1
86,q80oFFsiI3kC,"Asset Allocation, 4th Ed",,Roger C. Gibson,9780071593908,9780071593908,"The definitive guidebook for successful long-term investing The third edition of Roger C. Gibson's Asset Allocation: Balancing Financial Risk was released in 2000 on the heels of the biggest bull market in a century and amidst talk of a new economy. The bear market that followed was the worst since 1973-1974 and resulted in the destruction of roughly half of the stock market's value. Through it all, Roger Gibson's advice to investors remained the same. Gibson once again offers techniques to design all-weather portfolios that improve long-term performance, while mitigating overall risks through widely varying market environments. Grounded in the principles of modern portfolio theory, this fourth edition of his investing classic explains how and why asset allocation works. Gibson demonstrates how adding new asset classes to a portfolio improves its risk-adjusted returns and how strategic asset allocation uses, rather than fights, the forces of capital markets to achieve investment success. Gibson also addresses the practical side of investing, advocating an approach based on a disciplined execution of the fundamentals--the most important things that investment professionals and lay investors need to focus on to achieve their financial goals. With more than two decades of experience managing clients' portfolios and expectations, he underscores the importance of identifying and working through the emotional and psychological traps that can impede investment success. In this new edition, Gibson offers his proven guidance on multiple-asset-class investing with updated exhibits and research. New topics include: A review of the 2000-2002 stock bear market in the context of bull and bear markets over the last 100 years An expanded discussion of the dangers of market timing Non-traditional asset classes such as real estate securities, commodity-linked securities, and TIPS in a diversified portfolio The challenges of “frame-of-reference” risk--the most significant danger confronting the multiple-asset-class investor The role of Monte Carlo simulation in retirement planning",McGraw Hill Professional,2008,Business & Economics,en,https://books.google.com/books/content?id=q80oFFsiI3kC&printsec=frontcover&img=1&zoom=1&edge=curl&source=gbs_api,KEEP_B,high,web_keep_b,82,1
87,pUilEQAAQBAJ,Managing Your Firm's 401(k) Plan,A Complete Roadmap to Managing Today's Retirement Plans,Matthew X. Smith,9780470553008,9780470553008,"An objective resource for managing your firm's 401(k) plan With the recent uncertainty in the economy and financial markets, 401(k) plans are now under more scrutiny than ever. Written for finance and benefit professionals who are responsible for the management, operations, or oversight of their company's 401(k) plan, Managing Your Firm's 401(k) Plan offers a guide to designing and managing a 401(k) with a focus on financial, fiduciary, and regulatory standards. While there are plenty of books on 401(k) plans written for the individual investor, there are very few resources for professionals involved in 401(k) management. This book effectively fills that void It was specifically written for professionals involved in 401(k) management It includes regulatory and fiduciary information needed for compliance purposes It was created by experienced experts in the defined contribution plan arena Topics covered throughout this insightful guide include measuring retirement readiness, establishing plan governance, managing the plan's investment menu, monitoring record keeper performance, communicating effectively with employees, helping participants manage their retirement income, and much more.",John Wiley & Sons,2010,Business & Economics,en,https://books.google.com/books/content?id=pUilEQAAQBAJ&printsec=frontcover&img=1&zoom=1&edge=curl&source=gbs_api,KEEP_B,medium,web_keep_b,83,1
89,kPfrA0qhG4AC,Mastering the Art of Asset Allocation : Comprehensive Approaches to Managing Risk and Optimizing Returns,Comprehensive Approaches to Managing Risk and Optimizing Returns,CFA David M. Darst,9780071463348,9780071463348,"Gain new insights into why asset allocation works and learn advanced investing strategies You know that asset allocation requires much more than cookie-cutter analysis. You want precise, detailed techniques for analyzing and applying asset allocation principles. The high-level, applications-oriented Mastering the Art of Asset Allocation examines the inner working of numerous asset allocation strategies and covers everything from ways to determine the portfolio value of various asset classes to insights into changing patterns of investment returns and standard deviations in different time periods and market environments.",McGraw Hill Professional,2006,Business & Economics,en,https://books.google.com/books/content?id=kPfrA0qhG4AC&printsec=frontcover&img=1&zoom=1&source=gbs_api,KEEP_B,high,web_keep_b,85,1
90,_pZTS-QgMHcC,Global Asset Allocation,Techniques for Optimizing Portfolio Management,"Jess Lederman, Robert A. Klein",9780471593737,9780471593737,"Buying this book could be the smartest investment you make this season. If that sounds like a bold claim, just take a look at the list of contributors. In it you'll find the names of twenty-nine of the world's foremost experts in asset allocation. Over the course of twenty chapters, these accomplished institutional investors, academics, analysts, and traders school you in all of the hottest new portfolio management techniques now in use around the globe. Not another abstruse discourse on the theoretical pros and cons of asset allocation, Global Asset Allocation is a working, nuts-and-bolts guide for institutional investors. It outfits you with a set of versatile new tools and techniques designed to solve real-world problems and guide your portfolio management decision-making. While broad theoretical considerations are given their due, the lion's share of this book's coverage is commanded by cutting-edge technical issues such as mean variance optimization, allocating between styles of equity management, optimal fixed income portfolios, asset/liability forecasting, the critical time horizon, target asset allocation, and chaos theory. In addition to all of the traditional classes of asset allocations, Global Asset Allocation explores a number of new and emerging investment horizons. Foremost among these is ""the ultimate investment frontier,"" international markets, to which a sizeable portion of the book (all of Part Two) is devoted. You'll find in-depth discussions of the qualitative and quantitative aspects of global asset allocation, in which various experts describe the latest global asset allocation models, optimization methods, forecasting techniques, global bond and currency management strategies, risk and return analysis in country-to-country allocation strategies, active and passive management portfolio strategies, and much more. Offering world-class strategies for managing global portfolios, Global Asset Allocation is an essential resource for corporate finance professionals, pension plan sponsors, analysts, and portfolio managers looking to expand their repertoire of financial management skills. From asset liability forecasting and target asset allocation, to critical time horizon and implementing overlay strategies, this groundbreaking new guide educates institutional investors in state-of-the-art portfolio management strategies guaranteed to minimize risk while maximizing returns. Bringing you the combined insights and expertise of twenty-nine prominent investment experts from around the world, Global Asset Allocation is a working handbook, designed to guide your portfolio management decision-making and help you to solve real-world problems. * The latest asset allocation models, optimization methods, and forecasting techniques, including passive and active portfolio strategies * Includes six major chapters on global asset allocation, including currency management and emerging market investing Traders, portfolio managers...investment professionals of every ilk: read this book, and use the versatile new strategies, tools, and techniques it describes to give your investment skills a razor-sharp, winning edge.",Wiley,1994,Business & Economics,en,https://books.google.com/books/content?id=_pZTS-QgMHcC&printsec=frontcover&img=1&zoom=1&source=gbs_api,KEEP_B,high,web_keep_b,86,1
91,cXsxQ1yzWwsC,Core-Satellite Portfolio Management,,J. Clay Singleton,9780071454834,9780071454834,"Active versus passive portfolio management is the most important policy decision institutional investors must make. In Core- Satellite Portfolio Management, J. Clay Singleton address this dilemma with the all-new core-satellite approach, which draws on the strengths of each style while eliminating the weaknesses. Prominent practitioners, consultants, and academics then join with the author to reveal how the revolutionary core-satellite method will improve investment performance for virtually every major asset class.",McGraw Hill Professional,2004,Business & Economics,en,https://books.google.com/books/content?id=cXsxQ1yzWwsC&printsec=frontcover&img=1&zoom=1&source=gbs_api,KEEP_B,high,web_keep_b,87,1
92,CWrD8aoKejYC,Streetsmart Guide to Managing Your Portfolio,An Investor's Guide to Minimizing Risk and Maximizing Returns,Frank Yao,9780071380515,9780071380515,This title provides investors with: professional portfolio tools; clear explanation of the concept of portfolio management; definition of risk and how to measure risk for your own needs; the best ways to monitor and measure your portfolio; and real-world examples.,McGraw Hill Professional,2002,Business & Economics,en,https://books.google.com/books/content?id=CWrD8aoKejYC&printsec=frontcover&img=1&zoom=1&source=gbs_api,KEEP_B,high,web_keep_b,88,1
93,COQoNN7mAnsC,The Theory and Practice of Investment Management,"Asset Allocation, Valuation, Portfolio Construction, and Strategies","Frank J. Fabozzi, Harry M. Markowitz",9780470929902,9780470929902,"An updated guide to the theory and practice of investment management Many books focus on the theory of investment management and leave the details of the implementation of the theory up to you. This book illustrates how theory is applied in practice while stressing the importance of the portfolio construction process. The Second Edition of The Theory and Practice of Investment Management is the ultimate guide to understanding the various aspects of investment management and investment vehicles. Tying together theoretical advances in investment management with actual practical applications, this book gives you a unique opportunity to use proven investment management techniques to protect and grow a portfolio under many different circumstances. Contains new material on the latest tools and strategies for both equity and fixed income portfolio management Includes key take-aways as well as study questions at the conclusion of each chapter A timely updated guide to an important topic in today's investment world This comprehensive investment management resource combines real-world financial knowledge with investment management theory to provide you with the practical guidance needed to succeed within the investment management arena.",John Wiley & Sons,2011,Business & Economics,en,https://books.google.com/books/content?id=COQoNN7mAnsC&printsec=frontcover&img=1&zoom=1&edge=curl&source=gbs_api,KEEP_A,high,web_keep_a,89,1
94,-JosEQAAQBAJ,Asset Management and Institutional Investors,"Methods and Tools for Asset Allocation, Portfolio Management and Performance Evaluation","Ignazio Basile, Pierpaolo Ferrari",9783031598197,9783031598197,"This second edition of the book analyses the latest developments in investment management policy for institutional investors. It is divided into four parts, which have been updated to include the newest approaches and strategies in asset allocation, portfolio management and performance evaluation. The first part analyses the different types of institutional investors, i.e. institutions that professionally manage portfolios of financial and real assets on behalf of a wide range of individuals. This part goes on with an in-depth analysis of the economic, technical and regulatory characteristics of the various categories of investment funds and of other types of asset management products, which have a high rate of substitutability with investment funds and represent their natural competitors. The second part of the book identifies and investigates the stages of the investment portfolio management. Given the importance of strategic asset allocation in explaining the ex post performance of any type of investment portfolio, this part provides an in-depth analysis of asset allocation methods, illustrating the different theoretical and operational solutions available to institutional investors. The third part describes performance assessment, its breakdown and risk control, with an in-depth examination of performance evaluation techniques, returns-based style analysis approaches and performance attribution models. Finally, the fourth part deals with the subject of diversification into alternative asset classes, identifying the common characteristics and their possible role within the framework of investment management policy. This part analyses hedge funds, private equity, private debt, real estate, infrastructures, commodities and currency overlay techniques.",Springer Nature,2024,Business & Economics,en,https://books.google.com/books/content?id=-JosEQAAQBAJ&printsec=frontcover&img=1&zoom=1&edge=curl&source=gbs_api,KEEP_B,high,web_keep_b,90,1
95,KcbcDWIgzpQC,Dynamic Portfolio Theory and Management,Using Active Asset Allocation to Improve Profits and Reduce Risk,Richard E. Oberuc,9780071426695,9780071426695,Publisher Description,McGraw Hill Professional,2004,Business & Economics,en,https://books.google.com/books/content?id=KcbcDWIgzpQC&printsec=frontcover&img=1&zoom=1&source=gbs_api,KEEP_B,high,web_keep_b,91,1
96,mFLNUdvuE0kC,Behavioral Investment Management: An Efficient Alternative to Modern Portfolio Theory,,"Greg B. Davies, Arnaud de Servigny",9780071746601,9780071746601,"A Powerful New Portfolio-Management Standard for an Investing World in Disarray “Three years of losses turn many smart investors with 30-year horizons into frightened investors with three-year horizons, driven to poor decisions by cognitive errors and misleading emotions. Greg B. Davies and Arnaud de Servigny combine great expertise from research and practice into smart portfolios that overcome cognitive errors and misleading emotions and drive investors to their long term goals.” —MEIR STATMAN, Glenn Klimek Professor of Finance, Santa Clara University, and author of What Investors Really Want “The coming of age of behavioral finance. An important book which uniquely combines up-to-date knowledge of both behavioral and quantitative finance to provide practical models grounded on robust understanding of investors as well as investments.” —SHLOMO BENARTZI, professor and co-chair, Behavioral Decision Making Group, UCLA Anderson School of Management “This book is both erudite and profound, and it acutely addresses the issues, controversies, and received wisdom of our troubled investment times. To comprehend it requires a considerable time commitment, but it may be a new investment classic.” —BARTON M. BIGGS, Managing Partner, Traxis Partners “Behavioral Investment Management first shows how modern portfolio theory can be extended to incorporate behavioral biases in individual decision making, and then demonstrates how this extended theory can be implemented to make investment decisions in a world that is very different from that assumed by traditional portfolio theory. All of this is accomplished in a coherent fashion with the use of easy-to-understand mathematics and is illustrated with data for a wide range of asset classes.” —RAMAN UPPAL, professor of finance, EDHEC Business School About the Book: The past few years have been dreadful for investment management. The quantitative analytics that serve as the foundation of modern finance have proven to be incapable of providing value to investors. Modern Portfolio Theory now appears desperately old-fashioned and obsolete for one simple reason—it does not work. Picking up where traditional quant theory leaves off, Behavioral Investment Management offers a new approach to dynamic investing that addresses critical realities MPT ignores, including investors’ emotional impact on investing. Written by leading money managers with expertise in both quantitative and behavioral finance, this cutting-edge guide shows institutional investment managers, retail investors, and investment advisors how to use the latest theories and techniques from the field of behavioral finance to construct better-performing portfolios. After systematically deconstructing MPT to illustrate why it does not work empirically, this one-of-a-kind book presents a reasonable framework for improving your ability to generate high-performing portfolios. The applicability and strategic consequences of this book’s approach set a new standard for portfolio development that will put you far ahead of the industry curve. Complete with a new paradigm of best practices in dynamic portfolio construction that incorporates, and compensates for, the emotional reactions of investors, this hands-on book shows you how to: Move away from an idealized market view to a more authentic perspective Use the provided toolset and strategies to realize superior performance in real-world markets Seamlessly adapt the new approaches and techniques into your day-to-day operations This book helps you gain a distinct advantage by providing micro and macro implications of applying behavioral science to investing. In addition to helping you better understand the needs of the individual investor, it examines the wealth management and pension fund industries and explains how behavioral science can create opportunities in these two sectors. When making your next investment decision, let Behavioral Investment Management help you factor in the biggest financial variable—the human influence.",McGraw Hill Professional,2012,Business & Economics,en,https://books.google.com/books/content?id=mFLNUdvuE0kC&printsec=frontcover&img=1&zoom=1&source=gbs_api,KEEP_B,high,web_keep_b,92,1
98,Q7IzEAAAQBAJ,Asset Allocation,From Theory to Practice and Beyond,"William Kinlaw, Mark P. Kritzman, David Turkington",9781119817710,9781119817710,"Discover a masterful exploration of the fallacies and challenges of asset allocation In Asset Allocation: From Theory to Practice and Beyond—the newly and substantially revised Second Edition of A Practitioner’s Guide to Asset Allocation—accomplished finance professionals William Kinlaw, Mark P. Kritzman, and David Turkington deliver a robust and insightful exploration of the core tenets of asset allocation. Drawing on their experience working with hundreds of the world’s largest and most sophisticated investors, the authors review foundational concepts, debunk fallacies, and address cutting-edge themes like factor investing and scenario analysis. The new edition also includes references to related topics at the end of each chapter and a summary of key takeaways to help readers rapidly locate material of interest. The book also incorporates discussions of: The characteristics that define an asset class, including stability, investability, and similarity The fundamentals of asset allocation, including definitions of expected return, portfolio risk, and diversification Advanced topics like factor investing, asymmetric diversification, fat tails, long-term investing, and enhanced scenario analysis as well as tools to address challenges such as liquidity, rebalancing, constraints, and within-horizon risk. Perfect for client-facing practitioners as well as scholars who seek to understand practical techniques, Asset Allocation: From Theory to Practice and Beyond is a must-read resource from an author team of distinguished finance experts and a forward by Nobel prize winner Harry Markowitz.",John Wiley & Sons,2021,Business & Economics,en,https://books.google.com/books/content?id=Q7IzEAAAQBAJ&printsec=frontcover&img=1&zoom=1&edge=curl&source=gbs_api,KEEP_A,high,web_keep_a,94,1
100,g6iODwAAQBAJ,Portfolio Management,Theory and Practice,"Scott D. Stewart, Christopher D. Piros, Jeffrey C. Heisler",9781119397434,9781119397434,"A career’s worth of portfolio management knowledge in one thorough, efficient guide Portfolio Management is an authoritative guide for those who wish to manage money professionally. This invaluable resource presents effective portfolio management practices supported by their underlying theory, providing the tools and instruction required to meet investor objectives and deliver superior performance. Highlighting a practitioner’s view of portfolio management, this guide offers real-world perspective on investment processes, portfolio decision making, and the business of managing money for real clients. Real world examples and detailed test cases—supported by sophisticated Excel templates and true client situations—illustrate real investment scenarios and provide insight into the factors separating success from failure. The book is an ideal textbook for courses in advanced investments, portfolio management or applied capital markets finance. It is also a useful tool for practitioners who seek hands-on learning of advanced portfolio techniques. Managing other people’s money is a challenging and ever-evolving business. Investment professionals must keep pace with the current market environment to effectively manage their client’s assets while students require a foundation built on the most relevant, up-to-date information and techniques. This invaluable resource allows readers to: Learn and apply advanced multi-period portfolio methods to all major asset classes. Design, test, and implement investment processes. Win and keep client mandates. Grasp the theoretical foundations of major investment tools Teaching and learning aids include: Easy-to-use Excel templates with immediately accessible tools. Accessible PowerPoint slides, sample exam and quiz questions and sample syllabi Video lectures Proliferation of mathematics in economics, growing sophistication of investors, and rising competition in the industry requires advanced training of investment professionals. Portfolio Management provides expert guidance to this increasingly complex field, covering the important advancements in theory and intricacies of practice.",John Wiley & Sons,2019,Business & Economics,en,https://books.google.com/books/content?id=g6iODwAAQBAJ&printsec=frontcover&img=1&zoom=1&edge=curl&source=gbs_api,KEEP_B,high,web_keep_b,96,1
102,L3d9nom4JPsC,Portfolio Management in Practice,,Christine Brentani,9780080480084,9780080480084,"As individuals are becoming more and more responsible for ensuring their own financial future, portfolio or fund management has taken on an increasingly important role in banks' ranges of offerings to their clients. In addition, as interest rates have come down and the stock market has gone up and come down again, clients have a choice of leaving their saving in deposit accounts, or putting those savings in unit trusts or investment portfolios which invest in equities and/or bonds. Individuals are becoming aware that they might need to top up government pension allocations. Likewise, corporations who run employee pension schemes have to ensure that they are able to cover their current and future liabilities. Investing in unit trusts or mutual funds is one way for individuals and corporations alike to potentially enhance the returns on their savings.Introduction to Portfolio Management covers the:*Theoretical underpinnings of portfolio management*Basics of portfolio construction*Constraints to be considered when building a client portfolio*Types of analysis used for asset allocation and stock selection*Main types of funds available to investors*Inspired from the basic entry level training courses that have been developed by major international banks worldwide.*Will enable MSc Finance students, MBA students and those already in the finance profession to gain an understanding of the basic information and principles underlying the topic under discussion*Questions with answers, study topics, practical ""real world"" examples and text with an extensive bibliography and references ensure learning outcomes can be immediately applied",Elsevier,2003,Business & Economics,en,https://books.google.com/books/content?id=L3d9nom4JPsC&printsec=frontcover&img=1&zoom=1&edge=curl&source=gbs_api,KEEP_B,high,web_keep_b,98,1
104,O75mDwAAQBAJ,Advances in the Practice of Public Investment Management,"Portfolio Modelling, Performance Attribution and Governance","Narayan Bulusu, Joachim Coche, Alejandro Reveiz, Francisco Rivadeneyra, Vahe Sahakyan, Ghislain Yanou",9783319902456,9783319902456,"This book covers the latest advances in the theory and practice of public investment management. It includes the most up-to-date developments in the implementation of public asset management – including multiple contributions on portfolio allocation in varying interest-rate and credit-risk environments. Other highlights include implementation, performance attribution and governance issues surrounding reserves management, portfolio construction techniques appropriate for public investors and an in-depth discussion of the challenges to achieving international diversification.",Springer,2018,Business & Economics,en,https://books.google.com/books/content?id=O75mDwAAQBAJ&printsec=frontcover&img=1&zoom=1&edge=curl&source=gbs_api,KEEP_B,medium,web_keep_b,100,1
105,yt8wCwAAQBAJ,Buy and Hold is Still Dead (Again),The Case for Active Portfolio Management in Dangerous Markets,Kenneth R. Solow,9781630478162,9781630478162,"Status quo investing is dead, and a growing number of investors want to take advantage of the risk-reduction features of active management. In this second, expanded edition of his prophetic 2009 classic, Ken Solow reveals the secrets of the successful active manager as he walks you through the proprietary methods of his own firm. A provocative and thoughtful critique of the current state of the money management industry, ""Buy and Hold is Dead (AGAIN)"" remains an invaluable investment guide for our financially challenging times.",Morgan James Publishing,2016,Business & Economics,en,https://books.google.com/books/content?id=yt8wCwAAQBAJ&printsec=frontcover&img=1&zoom=1&edge=curl&source=gbs_api,KEEP_B,high,web_keep_b,101,1
107,rWW8AwAAQBAJ,Asset Management,A Systematic Approach to Factor Investing,Andrew Ang,9780199959334,9780199959334,"In Asset Management: A Systematic Approach to Factor Investing, Professor Andrew Ang presents a comprehensive, new approach to the age-old problem of where to put your money. Years of experience as a finance professor and a consultant have led him to see that what matters aren't asset class labels, but instead the bundles of overlapping risks they represent. Factor risks must be the focus of our attention if we are to weather market turmoil and receive the rewards that come with doing so. Clearly written yet full of the latest research and data, Asset Management is indispensable reading for trustees, professional money managers, smart private investors, and business students who want to understand the economics behind factor risk premiums, to harvest them efficiently in their portfolios, and to embark on the search for true alpha.",Oxford University Press,2014,Business & Economics,en,https://books.google.com/books/content?id=rWW8AwAAQBAJ&printsec=frontcover&img=1&zoom=1&edge=curl&source=gbs_api,KEEP_A,high,web_keep_a,103,1
108,VEcREAAAQBAJ,Asset Management: Tools And Issues,,"Frank J Fabozzi, Francesco A Fabozzi, Marcos Lopez De Prado, Stoyan V Stoyanov",9789811225765,9789811225765,"Long gone are the times when investors could make decisions based on intuition. Modern asset management draws on a wide-range of fields beyond financial theory: economics, financial accounting, econometrics/statistics, management science, operations research (optimization and Monte Carlo simulation), and more recently, data science (Big Data, machine learning, and artificial intelligence). The challenge in writing an institutional asset management book is that when tools from these different fields are applied in an investment strategy or an analytical framework for valuing securities, it is assumed that the reader is familiar with the fundamentals of these fields. Attempting to explain strategies and analytical concepts while also providing a primer on the tools from other fields is not the most effective way of describing the asset management process. Moreover, while an increasing number of investment models have been proposed in the asset management literature, there are challenges and issues in implementing these models. This book provides a description of the tools used in asset management as well as a more in-depth explanation of specialized topics and issues covered in the companion book, Fundamentals of Institutional Asset Management. The topics covered include the asset management business and its challenges, the basics of financial accounting, securitization technology, analytical tools (financial econometrics, Monte Carlo simulation, optimization models, and machine learning), alternative risk measures for asset allocation, securities finance, implementing quantitative research, quantitative equity strategies, transaction costs, multifactor models applied to equity and bond portfolio management, and backtesting methodologies. This pedagogic approach exposes the reader to the set of interdisciplinary tools that modern asset managers require in order to extract profits from data and processes.",World Scientific,2020,Business & Economics,en,https://books.google.com/books/content?id=VEcREAAAQBAJ&printsec=frontcover&img=1&zoom=1&edge=curl&source=gbs_api,KEEP_B,high,web_keep_b,104,1
109,fjdYDwAAQBAJ,Portfolio Construction for Today's Markets,A practitioner's guide to the essentials of asset allocation,Russ Koesterich,9780857196309,9780857196309,"For most of the past 50 years the simplest asset allocation solution was often the best. A balanced portfolio of stocks and bonds provided the investor with good returns. Unfortunately, this approach is not likely to work as well in the future. Interest rates are close to historic lows, equity valuations and bond prices appear stretched, and global economic growth has slowed. Investors need a new asset allocation solution. In Portfolio Construction for Today's Markets, BlackRock Portfolio Manager and investment expert Russ Koesterich addresses this problem by describing the step-by-step approach to building a portfolio consistent with investor goals and suited to today’s market environment. This portfolio construction process is divided into six stages, beginning with setting objectives and moving through assessing risk tolerance, diversification, the importance of factors, generating return assumptions, and combining assets in a risk-controlled manner. In the final chapter, Mr Koesterich presents a highly useful summary of the five fundamental rules of asset allocation and a five-step checklist to follow when constructing portfolios. For investors and their advisors constructing portfolio in today's markets, this book is an indispensable new guide.",Harriman House Limited,2018,Business & Economics,en,https://books.google.com/books/content?id=fjdYDwAAQBAJ&printsec=frontcover&img=1&zoom=1&edge=curl&source=gbs_api,KEEP_B,high,web_keep_b,105,1
110,zbDmmWWKOkAC,Buy and Hold Is Dead (Again),The Case for Active Portfolio Management in Dangerous Markets,Kenneth R. Solow,9781600377938,9781600377938,"Patience May Be A Virtue, But It Isn't An Investment Strategy. The current academic and financial planning definitions of ""risk"" are changing at light speed, but the notion of what constitutes ""risky"" investment strategy for informed investors is still stuck in the dark ages. Wealth management expert Kenneth Solow takes a fresh look at the investment industry's reliance on Buy-and-Hold investing, exposing the flaws and potential dangers of this investment approach in secular bear markets. Patiently waiting for stocks to deliver historical average returns does not rise to the level of an investment strategy, according to Solow, who recommends a different approach called Tactical Asset Allocation. A provocative and thoughtful critique of the current state of the money management industry, Buy and Hold is Dead (AGAIN) is an invaluable investment guide for our financially challenging times.",Morgan James Publishing,2009,Business & Economics,en,https://books.google.com/books/content?id=zbDmmWWKOkAC&printsec=frontcover&img=1&zoom=1&edge=curl&source=gbs_api,KEEP_B,high,web_keep_b,106,1
111,yVlAb08VCCkC,Global Asset Allocation,New Methods and Applications,"Heinz Zimmermann, Wolfgang Drobetz, Peter Oertmann",9780471445555,9780471445555,Reveals new methodologies for asset pricing within a global asset allocation framework. Contains cutting-edge empirical research on global markets and sectors of the global economy. Introduces the Black-Litterman model and how it can be used to improve global asset allocation decisions.,John Wiley & Sons,2003,Business & Economics,en,https://books.google.com/books/content?id=yVlAb08VCCkC&printsec=frontcover&img=1&zoom=1&edge=curl&source=gbs_api,KEEP_B,high,web_keep_b,107,1
112,k4zMDgAAQBAJ,A Practitioner's Guide to Asset Allocation,,"William Kinlaw, Mark P. Kritzman, David Turkington",9781119402459,9781119402459,"Since the formalization of asset allocation in 1952 with the publication of Portfolio Selection by Harry Markowitz, there have been great strides made to enhance the application of this groundbreaking theory. However, progress has been uneven. It has been punctuated with instances of misleading research, which has contributed to the stubborn persistence of certain fallacies about asset allocation. A Practitioner's Guide to Asset Allocation fills a void in the literature by offering a hands-on resource that describes the many important innovations that address key challenges to asset allocation and dispels common fallacies about asset allocation. The authors cover the fundamentals of asset allocation, including a discussion of the attributes that qualify a group of securities as an asset class and a detailed description of the conventional application of mean-variance analysis to asset allocation.. The authors review a number of common fallacies about asset allocation and dispel these misconceptions with logic or hard evidence. The fallacies debunked include such notions as: asset allocation determines more than 90% of investment performance; time diversifies risk; optimization is hypersensitive to estimation error; factors provide greater diversification than assets and are more effective at reducing noise; and that equally weighted portfolios perform more reliably out of sample than optimized portfolios. A Practitioner's Guide to Asset Allocation also explores the innovations that address key challenges to asset allocation and presents an alternative optimization procedure to address the idea that some investors have complex preferences and returns may not be elliptically distributed. Among the challenges highlighted, the authors explain how to overcome inefficiencies that result from constraints by expanding the optimization objective function to incorporate absolute and relative goals simultaneously. The text also explores the challenge of currency risk, describes how to use shadow assets and liabilities to unify liquidity with expected return and risk, and shows how to evaluate alternative asset mixes by assessing exposure to loss throughout the investment horizon based on regime-dependent risk. This practical text contains an illustrative example of asset allocation which is used to demonstrate the impact of the innovations described throughout the book. In addition, the book includes supplemental material that summarizes the key takeaways and includes information on relevant statistical and theoretical concepts, as well as a comprehensive glossary of terms.",John Wiley & Sons,2017,Business & Economics,en,https://books.google.com/books/content?id=k4zMDgAAQBAJ&printsec=frontcover&img=1&zoom=1&edge=curl&source=gbs_api,KEEP_A,high,web_keep_a,108,1
113,vLWnDwAAQBAJ,Quantitative Management of Bond Portfolios,,Lev Dynkin,9780691128313,9780691128313,Publisher description,Princeton University Press,2007,Business & Economics,en,https://books.google.com/books/content?id=vLWnDwAAQBAJ&printsec=frontcover&img=1&zoom=1&edge=curl&source=gbs_api,KEEP_A,high,web_keep_a,109,1
114,aSDkFQtysy8C,Active Portfolio Management: A Quantitative Approach for Producing Superior Returns and Selecting Superior Returns and Controlling Risk,,"Richard C. Grinold, Ronald N. Kahn",9780071376952,9780071376952,"""This new edition of Active Portfolio Management continues the standard of excellence established in the first edition, with new and clear insights to help investment professionals."" -William E. Jacques, Partner and Chief Investment Officer, Martingale Asset Management. ""Active Portfolio Management offers investors an opportunity to better understand the balance between manager skill and portfolio risk. Both fundamental and quantitative investment managers will benefit from studying this updated edition by Grinold and Kahn."" -Scott Stewart, Portfolio Manager, Fidelity Select Equity ® Discipline Co-Manager, Fidelity Freedom ® Funds. ""This Second edition will not remain on the shelf, but will be continually referenced by both novice and expert. There is a substantial expansion in both depth and breadth on the original. It clearly and concisely explains all aspects of the foundations and the latest thinking in active portfolio management."" -Eric N. Remole, Managing Director, Head of Global Structured Equity, Credit Suisse Asset Management. Mathematically rigorous and meticulously organized, Active Portfolio Management broke new ground when it first became available to investment managers in 1994. By outlining an innovative process to uncover raw signals of asset returns, develop them into refined forecasts, then use those forecasts to construct portfolios of exceptional return and minimal risk, i.e., portfolios that consistently beat the market, this hallmark book helped thousands of investment managers. Active Portfolio Management, Second Edition, now sets the bar even higher. Like its predecessor, this volume details how to apply economics, econometrics, and operations research to solving practical investment problems, and uncovering superior profit opportunities. It outlines an active management framework that begins with a benchmark portfolio, then defines exceptional returns as they relate to that benchmark. Beyond the comprehensive treatment of the active management process covered previously, this new edition expands to cover asset allocation, long/short investing, information horizons, and other topics relevant today. It revisits a number of discussions from the first edition, shedding new light on some of today's most pressing issues, including risk, dispersion, market impact, and performance analysis, while providing empirical evidence where appropriate. The result is an updated, comprehensive set of strategic concepts and rules of thumb for guiding the process of-and increasing the profits from-active investment management.",McGraw Hill Professional,1999,Business & Economics,en,https://books.google.com/books/content?id=aSDkFQtysy8C&printsec=frontcover&img=1&zoom=1&edge=curl&source=gbs_api,KEEP_A,high,auto_keep_annotation,110,1
115,loUgCwAAQBAJ,Portfolio Construction and Analytics,,"Frank J. Fabozzi, Dessislava A. Pachamanova",9781118445594,9781118445594,"A detailed, multi-disciplinary approach to investment analytics Portfolio Construction and Analytics provides an up-to-date understanding of the analytic investment process for students and professionals alike. With complete and detailed coverage of portfolio analytics and modeling methods, this book is unique in its multi-disciplinary approach. Investment analytics involves the input of a variety of areas, and this guide provides the perspective of data management, modeling, software resources, and investment strategy to give you a truly comprehensive understanding of how today's firms approach the process. Real-world examples provide insight into analytics performed with vendor software, and references to analytics performed with open source software will prove useful to both students and practitioners. Portfolio analytics refers to all of the methods used to screen, model, track, and evaluate investments. Big data, regulatory change, and increasing risk is forcing a need for a more coherent approach to all aspects of investment analytics, and this book provides the strong foundation and critical skills you need. Master the fundamental modeling concepts and widely used analytics Learn the latest trends in risk metrics, modeling, and investment strategies Get up to speed on the vendor and open-source software most commonly used Gain a multi-angle perspective on portfolio analytics at today's firms Identifying investment opportunities, keeping portfolios aligned with investment objectives, and monitoring risk and performance are all major functions of an investment firm that relies heavily on analytics output. This reliance will only increase in the face of market changes and increased regulatory pressure, and practitioners need a deep understanding of the latest methods and models used to build a robust investment strategy. Portfolio Construction and Analytics is an invaluable resource for portfolio management in any capacity.",John Wiley & Sons,2016,Business & Economics,en,https://books.google.com/books/content?id=loUgCwAAQBAJ&printsec=frontcover&img=1&zoom=1&edge=curl&source=gbs_api,KEEP_A,high,web_keep_a,111,1
116,_e1lDwAAQBAJ,Strategic and Tactical Asset Allocation,An Integrated Approach,Henrik Lumholdt,9783319895543,9783319895543,"This book covers each step in the asset allocation process, addressing as many of the relevant questions as possible along the way. How can we formulate expectations about long-term returns? How relevant are valuations? What are the challenges to optimizing the portfolio? Can factor investing add value and, if so, how can it be implemented? Which are the key performance drivers for each asset class, and what determines how they are correlated? How can we apply insights about the business cycle to tactical asset allocation? The book is aimed at finance professionals and others looking for a coherent framework for decision-making in asset allocation, both at the strategic and tactical level. It stresses analysis rather than pre-conceived ideas about investments, and it draws on both empirical research and practical experience to give the reader as strong a background as possible.",Springer,2018,Business & Economics,en,https://books.google.com/books/content?id=_e1lDwAAQBAJ&printsec=frontcover&img=1&zoom=1&edge=curl&source=gbs_api,KEEP_B,high,web_keep_b,112,1
117,t1F9DAAAQBAJ,"Quantitative Portfolio Optimisation, Asset Allocation and Risk Management",A Practical Guide to Implementing Quantitative Investment Theory,M. Rasmussen,9780230512856,9780230512856,"Targeted towards institutional asset managers in general and chief investment officers, portfolio managers and risk managers in particular, this practical book serves as a comprehensive guide to quantitative portfolio optimization, asset allocation and risk management. Providing an accessible yet rigorous approach to investment management, it gradually introduces ever more advanced quantitative tools for these areas. Using extensive examples, this book guides the reader from basic return and risk analysis, all the way through to portfolio optimization and risk characterization, and finally on to fully fledged quantitative asset allocation and risk management. It employs such tools as enhanced modern portfolio theory using Monte Carlo simulation and advanced return distribution analysis, analysis of marginal contributions to absolute and active portfolio risk, Value-at-Risk and Extreme Value Theory. All this is performed within the same conceptual, theoretical and empirical framework, providing a self-contained, comprehensive reading experience with a strongly practical aim.",Springer,2002,Business & Economics,en,https://books.google.com/books/content?id=t1F9DAAAQBAJ&printsec=frontcover&img=1&zoom=1&edge=curl&source=gbs_api,KEEP_B,high,web_keep_b,113,1
118,1BXZjwEACAAJ,The Endowment Model of Investing,"Return, Risk, and Diversification","Martin L. Leibowitz, Anthony Bova, P. Brett Hammond",9780470481769,9780470481769,"A cutting-edge look at the endowment model of investing Many larger endowments and foundations have adopted a broadly diversified asset allocation strategy with only a small amount of traditional U.S. equities and bonds. This technique, known as the ""endowment model of investing,"" has demonstrated consistent long-term performance and attracted the attention of numerous institutional and individual investors. With The Endowment Model of Investing Leibowitz, Bova, and Hammond take a closer look at the endowment model with customary research sophistication and attention to detail. Throughout the book, they examine how the model provides truly outstanding real returns, while keeping a close eye on the risks associated with this method of investing. Along the way, the authors offer practical advice on incorporating the endowment model into your own investment endeavors and reveal what it takes to make this method work in the real world. Details the growing debate about the endowment model of investing and discusses how to use it successfully Written by an authority on endowment investing and non-traditional asset allocation strategies Offers expert insights on understanding risk and return in non traditional asset allocation If you want to gain a better grasp of one of the most successful forms of investing, then The Endowment Model of Investing is a book you need to read.",Wiley,2010,Business & Economics,en,https://books.google.com/books/content?id=1BXZjwEACAAJ&printsec=frontcover&img=1&zoom=1&source=gbs_api,KEEP_B,high,metadata_keep_b,114,1
119,LYcqAgAAQBAJ,Portfolio Management under Stress,A Bayesian-Net Approach to Coherent Asset Allocation,"Riccardo Rebonato, Alexander Denev",9781107048119,9781107048119,A rigorous presentation of a novel methodology for asset allocation in financial portfolios under conditions of market distress.,Cambridge University Press,2013,Business & Economics,en,https://books.google.com/books/content?id=LYcqAgAAQBAJ&printsec=frontcover&img=1&zoom=1&edge=curl&source=gbs_api,KEEP_B,high,metadata_keep_b,115,1
121,Zt5CDwAAQBAJ,The Psychology of Successful Trading,Behavioural Strategies for Profitability,Tim Short,9781351601016,9781351601016,"This book is the first to demonstrate the practical implications of an important, yet under-considered area of psychology in helping traders and investors understand the biases and attribution errors that drive unpredictable behaviour on the trading floor. Readers will improve their chances of trading successfully by learning where cognitive biases lead to errors in stock analysis and how these biases can be used to predict behavior in market participants. Focusing on the three major types of bias—Belief-Formation, Quasi-Economic, and Social—the book provides a rigorous discussion of the literature before explaining how each of these biases plays out in financial markets. The author brings together the fields of philosophical psychology and behavioral finance to introduce ""theory of mind,"" providing readers with tools to predict biases in others as well as using these predictions to form optimal trading strategies for themselves. Readers will also learn to understand their own behaviors, counteracting biases such as overconfidence and conformity—and the ""curse"" of their own knowledge—to strengthen trade performance. Pairing his skill and experience with an extensive research bibliography, Short positions the foundational sources of cognitive biases alongside concrete examples, experimental designs, and trader’s anecdotes, helping readers to apply theoretical guidelines to real-life scenarios. Shrewd professionals and MBA students will benefit from The Psychology of Successful Trading’s intuitive structure and practical focus.",Routledge,2017,Business & Economics,en,https://books.google.com/books/content?id=Zt5CDwAAQBAJ&printsec=frontcover&img=1&zoom=1&edge=curl&source=gbs_api,KEEP_B,high,metadata_keep_b,117,1
123,wB3dCQAAQBAJ,Financial Risk Taking,An Introduction to the Psychology of Trading and Behavioural Finance,Mike Elvin,9780470850268,9780470850268,"In Financial Risk Taking, trader and psychologist Mike Elvin explores the complex relationship between human behaviour patterns and the markets, offering the reader a context in which to assess their own strengths and weaknesses as investors. The book offers an apposite and uncomplicated system of skills development in the form of competences and competencies that can be applied anywhere along the continuum from casual investor to full-time day trader. Elvin presents a Comprehensive Model of Trading Competence (the MOT) as well as the concepts of analysis and refutation, the paramouncy principle, and self-sabotaging behaviours such as the Santa Claus syndrome and Bohica effect. Areas covered include: Emotions - are they functional or disabling? How do the mechanisms of fear, greed and panic work? Motivation and perception - how do belief paradigms affect perception and performance? What perceptual errors influence decisions to the trader's detriment? Information processing and risk assessment - how does information overload affect Stress How does stress affect investment decisions? Technological and mathematical anxiety - why do we avoid learning the skills we most need? What levels of ability are required? Can psychological and biological theories assist in our understanding of investors' performance?",John Wiley & Sons,2004,Business & Economics,en,https://books.google.com/books/content?id=wB3dCQAAQBAJ&printsec=frontcover&img=1&zoom=1&edge=curl&source=gbs_api,KEEP_B,high,metadata_keep_b,119,1
124,dq_TEQAAQBAJ,Behavioural Finance,Theory and Application,"Sujata Kapoor, Jaya Mamta Prosad",9781040901298,9781040901298,"This textbook examines the role of cognitive biases, emotional influences, and mental heuristics that shape investor behaviour and market outcomes. Designed to serve as a comprehensive resource, it integrates foundational concepts and advanced applications, ensuring utility for financial practitioners, academics, and students alike. This book will be essential for understanding the psychological underpinnings of financial behaviour and leveraging this knowledge to advance personal and professional objectives in finance. The integration of behaviour tests and experiments further enhances its utility, enabling practitioners to identify and address behavioural biases systematically. It fills a critical gap in existing literature, which often prioritises perspectives rooted in developed economies. It aims to place behavioural finance within the context of these markets and offers insights that are both domestically relevant and globally informed. Written in a lucid yet academically robust manner, the book ensures accessibility without compromising the depth of analysis, making it suitable for both novice learners and experienced scholars. It would be useful as a core text for undergraduate and postgraduate students of management, commerce and economics.",Taylor & Francis,2026,Business & Economics,en,https://books.google.com/books/content?id=dq_TEQAAQBAJ&printsec=frontcover&img=1&zoom=1&edge=curl&source=gbs_api,KEEP_B,high,metadata_keep_b,120,1
126,_7zRAgAAQBAJ,Investor Behavior,The Psychology of Financial Planning and Investing,"H. Kent Baker, Victor Ricciardi",9781118727027,9781118727027,"WINNER, Business: Personal Finance/Investing, 2015 USA Best Book Awards FINALIST, Business: Reference, 2015 USA Best Book Awards Investor Behavior provides readers with a comprehensive understanding and the latest research in the area of behavioral finance and investor decision making. Blending contributions from noted academics and experienced practitioners, this 30-chapter book will provide investment professionals with insights on how to understand and manage client behavior; a framework for interpreting financial market activity; and an in-depth understanding of this important new field of investment research. The book should also be of interest to academics, investors, and students. The book will cover the major principles of investor psychology, including heuristics, bounded rationality, regret theory, mental accounting, framing, prospect theory, and loss aversion. Specific sections of the book will delve into the role of personality traits, financial therapy, retirement planning, financial coaching, and emotions in investment decisions. Other topics covered include risk perception and tolerance, asset allocation decisions under inertia and inattention bias; evidenced based financial planning, motivation and satisfaction, behavioral investment management, and neurofinance. Contributions will delve into the behavioral underpinnings of various trading and investment topics including trader psychology, stock momentum, earnings surprises, and anomalies. The final chapters of the book examine new research on socially responsible investing, mutual funds, and real estate investing from a behavioral perspective. Empirical evidence and current literature about each type of investment issue are featured. Cited research studies are presented in a straightforward manner focusing on the comprehension of study findings, rather than on the details of mathematical frameworks.",John Wiley & Sons,2014,Business & Economics,en,https://books.google.com/books/content?id=_7zRAgAAQBAJ&printsec=frontcover&img=1&zoom=1&edge=curl&source=gbs_api,KEEP_B,high,metadata_keep_b,122,1
128,JmFMvgCm2G8C,The Psychology of Trading,Tools and Techniques for Minding the Markets,Brett N. Steenbarger,9780471420231,9780471420231,"""The one, only, and by far the best book synthesizing psychology and investing. In addition to providing modern, scientific knowledge about psychology, this book provides a mirror into the mind and wide breadth of knowledge of one of the leading practitioners of brief and effectual cures. Will help to cure your trading and your life."" -Victor Niederhoffer, Chief Speculator, Manchester Investments Author, The Education of a Speculator and Practical Speculation ""How refreshing! A book that rises above the old NLP model of the 80's and provides insights on how our relationship with the market is indeed a very personal one. Not only has Steenbarger provided some fantastic tools for the trader to transform his mindset, but he has contributed unique trading ideas as well. Brilliant!"" -Linda Raschke, President, LBRGroup, Inc. ""'Investigate, before you invest' was for many years the slogan of the New York Stock Exchange. I always thought a better one would be, 'Investigate YOURSELF, before you invest.' The Psychology of Trading should help you increase your annual investment rate of return. Mandatory reading for anyone intending to earn a livelihood through trading. "" -Yale Hirsch, The Hirsch Organization Inc., Editor, The Stock Trader's Almanac ""This highly readable, highly educational, and highly entertaining book will teach you as much about yourself as about trading. It's Oliver Sacks meets Mr. Market-extraordinary tales of ordinary professionals and individuals with investment disorders, and how they successfully overcame them. It is a must-read both for private investors who have been shell-shocked in the bear market and want to learn how to start again, as well as for pros who seek an extra edge from extra inner knowledge. Steenbarger's personal voyage into the mind of the market is destined to become a classic."" -Jon Markman, Managing Editor, CNBC on MSN Money Author, Online Investing and Swing Trading ""Dr. Steenbarger's fascinating, highly readable blend of practical insights from his dual careers as a brilliant psychologist and trader will benefit every investor; knowing oneself is as important as knowing the market."" -Laurel Kenner, CNBC.com Columnist, Author, Practical Speculation",John Wiley & Sons,2004,Business & Economics,en,https://books.google.com/books/content?id=JmFMvgCm2G8C&printsec=frontcover&img=1&zoom=1&edge=curl&source=gbs_api,KEEP_A,high,metadata_keep_a,124,1
129,JETKCQAAQBAJ,The Three Skills of Top Trading,"Behavioral Systems Building, Pattern Recognition, and Mental State Management",Hank Pruden,9780470050637,9780470050637,"Praise for The Three Skills of Top Trading ""Professor Pruden's new book, The Three Skills of Top Trading, is unquestionably the best book on a specific trading method and the necessary attributes for trading that I have read. His logic, understanding of human foibles, and use of the Wyckoff method of trading are broadly referenced, readable, understandable, and entertaining."" - Charles D. Kirkpatrick, II, CMT, coauthor of Technical Analysis: The Complete Resource for Financial Market Technicians, Editor of the Journal of Technical Analysis, and board member of the Market Technicians Association ""At long last, someone has taken the time and effort to bring the work and insight of Wyckoff to wider public attention-and Hank Pruden has done so masterfully, with great clarity and eloquence. Hank has taken the best of Wyckoff's work, combining it with the essential aspects of trader discipline and psychology, to provide a highly readable and particularly useful guide to trading. MUST READING!"" - Jacob Bernstein, www.trade-futures.com ""Hank Pruden puts all of the elements needed for successful trading into one volume. This book not only belongs on every trader's shelf but should be close enough for continuous reference."" - Martin J. Pring, President, www.Pring.com ""Dr. Pruden has brought together his lifetime of work in developing a modern approach to analyzing and trading the markets built upon classic market analysis from the early part of the twentieth century and topped off with modern-day tenets of behavioral finance and mental state management."" - Thom Hartle, Director of Marketing for CQG, Inc. (www.cqg.com) ""I usually consider a book to be well worth reading if it gives me one paradigm shift. I believe that this book will give the average investor a lot more than just one."" - Van K. Tharp, PhD, President, Van Tharp Institute",John Wiley & Sons,2007,Business & Economics,en,https://books.google.com/books/content?id=JETKCQAAQBAJ&printsec=frontcover&img=1&zoom=1&edge=curl&source=gbs_api,KEEP_B,high,metadata_keep_b,125,1
130,aH_W0QEACAAJ,Psychology of the Stock Market,,G C (George Charles) Selden,9781025239675,9781025239675,"""Psychology of the stock market"" by George Charles Selden offers a profound exploration into the human element driving financial markets. This seminal work delves into the intricate psychological aspects of investments and speculation, uncovering the often-unseen forces that shape market behavior. Selden meticulously examines how emotions, biases, and collective human psychology influence decision-making, leading to both booms and busts. From the speculative fevers that grip traders to the underlying anxieties of investors, this book provides a comprehensive analysis of the behavioral dynamics within the stock market. It explores the interplay between individual actions and broader market trends, illuminating the timeless principles of trading psychology and behavioral finance. Selden's insights reveal that while market conditions evolve, the fundamental human reactions to risk, reward, and uncertainty remain constant. A foundational text in understanding market irrationality and the power of human sentiment, ""Psychology of the stock market"" provides an invaluable perspective on financial markets. It is an essential read for anyone seeking to grasp the enduring influence of mind over money and the often-unpredictable nature of economic speculation. Its observations on human nature and financial decision-making continue to resonate with remarkable clarity. This work has been selected by scholars as being culturally important, and is part of the knowledge base of civilization as we know it. This work is in the public domain in the United States of America, and possibly other nations. Within the United States, you may freely copy and distribute this work, as no entity (individual or corporate) has a copyright on the body of the work. Scholars believe, and we concur, that this work is important enough to be preserved, reproduced, and made generally available to the public. We appreciate your support of the preservation process, and thank you for being an important part of keeping this knowledge alive and relevant.",Anson Street Press,2025,Business & Economics,en,https://books.google.com/books/content?id=aH_W0QEACAAJ&printsec=frontcover&img=1&zoom=1&source=gbs_api,KEEP_A,high,metadata_keep_a,126,1
134,zZDr-3DRMqcC,Quantitative Trading Strategies,Harnessing the Power of Quantitative Techniques to Create a Winning Trading Program,Lars Kestner,9780071436038,9780071436038,"Harnessing the Power of Quantitative Techniques to Create a Winning Trading ProgramLars Kestner Quantitative Trading Strategies takes readers through the development and evaluation stages of today's most popular and market-proven technical trading strategies. Quantifying every subjective decision in the trading process, this analytical book evaluates the work of well-known ""quants"" from John Henry to Monroe Trout and introduces 12 all-new trading strategies. It debunks numerous popular misconceptions, and is certain to make waves--and change minds--in the world of technical analysis and trading.",McGraw Hill Professional,2003,Business & Economics,en,https://books.google.com/books/content?id=zZDr-3DRMqcC&printsec=frontcover&img=1&zoom=1&edge=curl&source=gbs_api,KEEP_B,high,metadata_keep_b,130,1
136,vvlcCgAAQBAJ,Trading Psychology 2.0,From Best Practices to Best Processes,Brett N. Steenbarger,9781118936825,9781118936825,"Practical trading psychology insight that can be put to work today Trading Psychology 2.0 is a comprehensive guide to applying the science of psychology to the art of trading. Veteran trading psychologist and bestselling author Brett Steenbarger offers critical advice and proven techniques to help interested traders better understand the markets, with practical takeaways that can be implemented immediately. Academic research is presented in an accessible, understandable, engaging way that makes it relevant for practical traders, and examples, illustrations, and case studies bring the ideas and techniques to life. Interactive features keep readers engaged and involved, including a blog offering ever-expanding content, and a Twitter feed for quick tips. Contributions from market bloggers, authors, and experts bring fresh perspectives to the topic, and Steenbarger draws upon his own experience in psychology and statistical modeling as an active trader to offer insight into the practical aspect of trading psychology. Trading psychology is one of the few topics that are equally relevant to day traders and active investors, market makers and portfolio managers, and traders in different markets around the globe. Many firms hire trading coaches, but this book provides a coach in print, accessible 24/7 no matter what the market is doing. Understand the research at the core of trading psychology Examine the ways in which psychology is applied in real-world trading Implement practical tips immediately to see first-hand results Gain the perspective and insight of veteran traders who apply these techniques daily While markets may differ in scale, scope, and activity, humans remain human, with all the inherent behavioral tendencies. Studying the market from the human perspective gives traders insight into how human behavior drives market behavior. Trading Psychology 2.0 gives traders an edge, with expert guidance and practical advice.",John Wiley & Sons,2015,Business & Economics,en,https://books.google.com/books/content?id=vvlcCgAAQBAJ&printsec=frontcover&img=1&zoom=1&edge=curl&source=gbs_api,KEEP_A,high,metadata_keep_a,132,1
137,KlLNZ6g_pgMC,The Mental Strategies of Top Traders,The Psychological Determinants of Trading Success,Ari Kiev,9780470561805,9780470561805,"An honest depiction of the challenges of trading and a clear explanation of what it takes to succeed Trading tends to be a winner-take-all activity where a small number of traders are very successful, while the majority either lose money or generate relatively small profits. In The Mental Strategies of Top Traders, author Ari Kiev identifies and analyzes the characteristics of successful traders and shows you how to cultivate these same characteristics. Successful trading, Kiev asserts, requires an unusual and sometimes contradictory blend of intellectual and psychological abilities, including the willingness to take risks, but in a very controlled manner; the discipline to develop high-conviction trading ideas in the face of unpredictable markets and incomplete information; as well as a strong drive to win, but also accept failure. Here, you'll discover how to achieve all this, and much more. Provides advice and solutions for traders struggling with today's volatile and stressful markets Authoritatively identifies key mental strategies of top traders Written by Ari Kiev, a highly respected figure in the professional trading community Analysis is supported by comments from contemporary traders and portfolio managers, many of whom struggled with the markets of 2008 Designed with the serious trader in mind, this book will put you in a better position to excel in today's tumultuous markets.",John Wiley and Sons,2009,Business & Economics,en,https://books.google.com/books/content?id=KlLNZ6g_pgMC&printsec=frontcover&img=1&zoom=1&edge=curl&source=gbs_api,KEEP_B,high,metadata_keep_b,133,1
139,rIfr3k3EJswC,Streetsmart Guide to Valuing a Stock,,"Gary Gray, Patrick Cusatis, J. Randall Woolridge",9780071436236,9780071436236,"Traders and investors spend fortunes in time and money trying to gauge the real value of individual stocks. The Streetsmart Guide to Valuing a Stock introduces proven techniques for analyzing a stock's value, spotting undervalued and overvalued stocks, and understanding the impact of interest rate changes and earnings reports on stock prices. New topics include: Finance theory in the stock valuation process Short-term stock price versus long-term value Use of valuation models to uncover misstatements and outright fraud",McGraw Hill Professional,2003,Business & Economics,en,https://books.google.com/books/content?id=rIfr3k3EJswC&printsec=frontcover&img=1&zoom=1&edge=curl&source=gbs_api,KEEP_B,high,metadata_keep_b,135,1
141,4QbRAQAAQBAJ,Behavioral Finance and Capital Markets,How Psychology Influences Investors and Corporations,A. Szyszka,9781137366290,9781137366290,"Behavioral Finance helps investors understand unusual asset prices and empirical observations originating out of capital markets. At its core, this field of study aids investors in navigating complex psychological trappings in market behavior and making smarter investment decisions. Behavioral Finance and Capital Markets reveals the main foundations underpinning neoclassical capital market and asset pricing theory, as filtered through the lens of behavioral finance. Szyszka presents and classifies many of the dynamic arguments being made in the current literature on the topic through the use of a new, ground-breaking methodology termed: the General Behavioral Asset Pricing Model (GBM). GBM describes how asset prices are influenced by various behavioral heuristics and how these prices deviate from fundamental values due to irrational behavior on the part of investors. The connection between psychological factors responsible for irrational behavior and market pricing anomalies is featured extensively throughout the text. Alternative explanations for various theoretical and empirical market puzzles - such as the 2008 U.S. financial crisis - are also discussed in a convincing and interesting manner. The book also provides interesting insights into behavioral aspects of corporate finance.",Springer,2013,Business & Economics,en,https://books.google.com/books/content?id=4QbRAQAAQBAJ&printsec=frontcover&img=1&zoom=1&edge=curl&source=gbs_api,KEEP_B,high,metadata_keep_b,137,1
143,Sc3wMcq6aO4C,Inside the Investor's Brain,The Power of Mind Over Money,Richard L. Peterson,9781118044803,9781118044803,"Unique insights into how the mind of an investor operates and how developing emotional awareness leads to long-term success Inside the Investor's Brain provides readers with specific techniques for understanding their financial psychology, so that they can improve their own performance and learn how to outsmart other investors. Chapter by chapter, author Richard Peterson addresses various mental traps and how they play a role in investing. Through examples, such as a gambling experiment with playing cards, the author shows readers how being aware of the subconscious can separate the smart investors from the average ones. This book also contains descriptions of the work of neuroscientists, financial practitioners, and psychologists, offering an expert's view into the mind of the market. Innovative and accessible, Inside the Investor's Brain gives investors the tools they need to better understand how emotions and mental biases affect the way they manage money and react to market moves.",John Wiley & Sons,2011,Business & Economics,en,https://books.google.com/books/content?id=Sc3wMcq6aO4C&printsec=frontcover&img=1&zoom=1&edge=curl&source=gbs_api,KEEP_B,high,metadata_keep_b,139,1
145,l46JEAAAQBAJ,"Stocks for the Long Run: The Definitive Guide to Financial Market Returns & Long-Term Investment Strategies, Sixth Edition",,Jeremy J. Siegel,9781264269815,9781264269815,"The long-awaited revised edition of the stock trading classic gets you fully up to date on value investing, ESG investing, and other important developments The definitive guide to stock trading, Stocks for the Long Run has been providing the knowledge, insights, and tools that traders need to understand the market for nearly 30 years. It’s been updated with new chapters and content on: The role of value investing The impact of ESG―Environmental/Social/Governance―issues on the future of investing The current interest rate environment Future returns investors should expect in the bond and stock markets The role of international investing The long-run risks on equity markets The importance of black swan events, such as a pandemic and the financial crisis You’ll also get in-depth discussions on the big questions investors face: Is international Investing dead? What do global changes like climate change mean for markets wo0rldwide? Consult this classic guide to master the stock market’s behavior, past trends, and future forecasts, so you have all the tools you need to develop a powerful long-term portfolio that’s both safe and secure.",McGraw Hill Professional,2022,Business & Economics,en,https://books.google.com/books/content?id=l46JEAAAQBAJ&printsec=frontcover&img=1&zoom=1&edge=curl&source=gbs_api,AUTO_KEEP,,auto_keep_annotation,141,1
146,9usJAQAAMAAJ,"Handbook of Finance, Investment Management and Financial Management",,Frank J. Fabozzi,9780470078150,9780470078150,"Volume II: Investment Management and Financial Management focuses on the theories, decisions, and implementations aspects associated with both financial management and investment management. It discusses issues that dominate the financial management arena—capital structure, dividend policies, capital budgeting, and working capital—and highlights the essential elements of today's investment management environment, which include allocating funds across major asset classes and effectively dealing with equity and fixed income portfolios. Incorporating timely research and in-depth analysis, the Handbook of Finance is a comprehensive 3-Volume Set that covers both established and cutting-edge theories and developments in finance and investing. Other volumes in the set: Handbook of Finance Volume I: Financial Markets and Instruments and Handbook of Finance Volume III: Valuation, Financial Modeling, and Quantitative Tools.",Wiley,2008,Business & Economics,en,https://books.google.com/books/content?id=9usJAQAAMAAJ&printsec=frontcover&img=1&zoom=1&source=gbs_api,KEEP_B,high,metadata_keep_b,142,1
147,82WIY84Hx-kC,Behavioral Finance,"Understanding the Social, Cognitive, and Economic Debates","Edwin T. Burton, Sunit N. Shah",9781118331927,9781118331927,"An in-depth look into the various aspects of behavioral finance Behavioral finance applies systematic analysis to ideas that have long floated around the world of trading and investing. Yet it is important to realize that we are still at a very early stage of research into this discipline and have much to learn. That is why Edwin Burton has written Behavioral Finance: Understanding the Social, Cognitive, and Economic Debates. Engaging and informative, this timely guide contains valuable insights into various issues surrounding behavioral finance. Topics addressed include noise trader theory and models, research into psychological behavior pioneered by Daniel Kahneman and Amos Tversky, and serial correlation patterns in stock price data. Along the way, Burton shares his own views on behavioral finance in order to shed some much-needed light on the subject. Discusses the Efficient Market Hypothesis (EMH) and its history, and presents the background of the emergence of behavioral finance Examines Shleifer's model of noise trading and explores other literature on the topic of noise trading Covers issues associated with anomalies and details serial correlation from the perspective of experts such as DeBondt and Thaler A companion Website contains supplementary material that allows you to learn in a hands-on fashion long after closing the book In order to achieve better investment results, we must first overcome our behavioral finance biases. This book will put you in a better position to do so.",John Wiley & Sons,2013,Business & Economics,en,https://books.google.com/books/content?id=82WIY84Hx-kC&printsec=frontcover&img=1&zoom=1&edge=curl&source=gbs_api,KEEP_B,high,metadata_keep_b,143,1
148,WNHOEQAAQBAJ,Trading Global Macro Markets,,"Dirk Willer, Alex Saunders",9781394273805,9781394273805,"‘At a time when global macro has rarely been more relevant, this book captures what drives macro trading: the interaction of policy, markets, and human behavior. It combines analytical depth with real world insight, making it essential reading for traders, investors and anyone with an interest in global markets.’ Andrew Morton, Global Head of Markets, Citi ‘History remains our most reliable guide to markets. Dirk and Alex examine the most durable macro relationships with empirical rigor—a must-read for any macro investor.’ Paul Tudor Jones II, CIO and Founder, Tudor Investment Corp ‘Even seasoned professionals will find this book valuable. A rigorous, well researched work from one of the industry’s thought leaders. An excellent and practical contribution, firmly grounded in data.’ Ben Melkman, Managing Deputy CIO at Bridgewater Associates Discover opportunities in macro trading as global market volatility increases In Trading Global Macro Markets, accomplished global macro veterans Dirk Willer and Alex Saunders deliver a complete and incisive guide to navigating global macroeconomic trends as the low volatility world of quantitative easing gives way to the post-pandemic world of increased interest rates and macro volatility. The authors offer coverage of every major asset class, from government debt and credit to equity, commodity, and foreign exchange markets, along with back-tested frameworks going back over two decades and more that illustrate how to trade each class and how to make cross-asset trading decisions. This fully validated roadmap to global macro trading is a thoroughly researched handbook filled with use-cases, charts, examples, and tools. It avoids overly complex mathematics in favor of concise explanations and case studies wherever possible, ensuring it remains accessible to practitioners and traders from a wide variety of backgrounds. You'll also find: Strategies for trading the business cycle and macroeconomic events, like economic data releases, monetary policy meetings, elections, and geopolitical flashpoints Techniques for tactical asset allocation Ways to choose between asset classes and discussions of trades that illustrate the concepts explored in the book Ideal for global macro buy-side and sell-side professionals, asset allocators, market researchers, academics, regulators, and policymakers, Trading Global Macro Markets will prove invaluable to all finance practitioners interested in the interplay between macroeconomics and the markets.",John Wiley & Sons,2026,Business & Economics,en,https://books.google.com/books/content?id=WNHOEQAAQBAJ&printsec=frontcover&img=1&zoom=1&edge=curl&source=gbs_api,KEEP_A,high,metadata_keep_a,144,1
149,p9sMEAAAQBAJ,Crypto Asset Investing in the Age of Autonomy,,Jake Ryan,9781119705444,9781119705444,"Competition, the drive for efficiency, and continuous improvement ultimately push businesses toward automation and later towards autonomy. If a business can operate without human intervention, it will minimize its operational cost. If Uber can remove the expense of a driver with an autonomous vehicle, it will provide its service cheaper than a competitor who can’t. If an artificially intelligent trading company can search, find, and take advantage of some arbitrage opportunity, then it can profit where its competitors cannot. A business that can analyze and execute in real-time without needing to wait for a human to act, is a business that will be able to take advantage of brief inefficiencies from other markets or businesses. This trend following a thesis that is based on 100 years of proven economic theory. Short-wave economic cycles, those 5- to 10-year cycles, are driven by credit but the long-wave economic cycles, those 50- to 60-year cycles, are driven by technological revolution. We’ve had 5 cycles over the past 200 years with the last wave, the Age of Information & Telecommunications. We've seen evidence that a new cycle has begun. Technological revolutions come by way of a cluster of new innovations. About a decade ago, you started to see AI, robotics and IoT (sensors) delivering on automation. That’s been powerful, but not transformational. It does not force businesses to fundamentally change how they do business. The last piece of the puzzle was cryptocurrency because it allows us to process and transfer economic value without human intervention. Soon, there will be a global race to build autonomous operations. Businesses and organizations without autonomous operations simply will not be able to compete with those that do because ... autonomy is the ultimate competitive advantage. Crypto is the mechanism that will accrue value from being the infrastructure for the next digital financial revolution. Crypto Asset Investing lays out a case that we’ve begun a new technological revolution similar to the Internet Age of the 1990’s. Artificial intelligence, the Internet of Things, robotics and cryptocurrency are converging to deliver on a new age, what I call the Age of Autonomy. Understanding the transformation that’s taken place before anyone else can yield enormous investment opportunity. In this book, you’ll learn how and why to invest in crypto assets.",John Wiley & Sons,2020,Business & Economics,en,https://books.google.com/books/content?id=p9sMEAAAQBAJ&printsec=frontcover&img=1&zoom=1&edge=curl&source=gbs_api,KEEP_B,high,metadata_keep_b,145,1
150,Yj0LIWZocugC,The New Investment Superstars,13 Great Investors and Their Strategies for Superior Returns,Lois Peltz,9780471403135,9780471403135,"""Now, The New Investment Superstars provides you with a unique opportunity to get to know these market masters and learn the original investment strategies they have used in many markets to outperform their peers.""--Jacket.",John Wiley & Sons,2001,Biography & Autobiography,en,https://books.google.com/books/content?id=Yj0LIWZocugC&printsec=frontcover&img=1&zoom=1&edge=curl&source=gbs_api,KEEP_B,high,metadata_keep_b,146,1
154,FHKgAwAAQBAJ,Global Macro Trading,Profiting in a New World Economy,Greg Gliner,9781118417140,9781118417140,"Brings global macro trading down to earth for individual and professional traders, investors and asset managers, as well being a useful reference handbook Global Macro Trading is an indispensable guide for traders and investors who want to trade Global Macro – it provides Trading Strategies and overviews of the four asset classes in Global Macro which include equities, currencies, fixed income and commodities. Greg Gliner, who has worked for some of the largest global macro hedge funds, shares ways in which an array of global macro participants seek to capitalize on this strategy, while also serving as a useful reference tool. Whether you are a retail investor, manage your own portfolio, or a finance professional, this book equips you with the knowledge and skills you need to capitalize in global macro. Provides a comprehensive overview of global macro trading, which consists of portfolio construction, risk management, biases and essentials to query building Equips the reader with introductions and tools for each of the four asset classes; equities, currencies, fixed income and commodities Arms you with a range of powerful global-macro trading and investing strategies, that include introductions to discretionary and systematic macro Introduces the role of central banking, importance of global macroeconomic data releases and demographics, as they relate to global macro trading",John Wiley & Sons,2014,Business & Economics,en,https://books.google.com/books/content?id=FHKgAwAAQBAJ&printsec=frontcover&img=1&zoom=1&edge=curl&source=gbs_api,KEEP_B,high,metadata_keep_b,150,1
157,WTiyBSxXmukC,The Encyclopedia of Trading Strategies,,"Jeffrey Katz, Donna McCormick",9780070580992,9780070580992,"The Encyclopedia of Trading Strategies is for traders who want to take the next step to consistently profitable trading. The authors--themselves seasoned veterans of the futures trading arena--pinpoint the trading methods and strategies that have been shown to produce market-beating returns. Their rigorous and systematic backtesting of each method, using the same sets of markets and analytic techniques, provides a scientific, system-based approach to system development...to help you assemble the trading system that will put you on the road to becoming a more consistently profitable trader.",McGraw Hill Professional,2000,Business & Economics,en,https://books.google.com/books/content?id=WTiyBSxXmukC&printsec=frontcover&img=1&zoom=1&source=gbs_api,KEEP_B,high,metadata_keep_b,153,1
158,GoZFNGeHktAC,Building Winning Trading Systems with TradeStation,,"George Pruitt, John R. Hill",9780471215691,9780471215691,"Praise for BUILDING WINNING TRADING SYSTEMS with TradeStation (TM) ""This book will prove vital to all systematic traders. Pruitt and Hill share a wealth of innovative timing patterns and fully disclosed trading strategies. For TradeStation(TM) users, there are powerful tutorials on indicator design and system building. The authors' vast expertise will benefit even practiced TradeStation(TM) veterans."" -Nelson Freeburg Editor, Formula Research ""TradeStation(TM) systems traders will discover a virtual gold mine of knowledge, guidance, and the benefit of vicarious experience from the two foremost experts on the subject in this valuable new addition to trading systems literature. There has long been a notable lack of worthwhile reference material for TradeStation(TM) users, and Building Winning Trading Systems with TradeStation(TM) fills a large void in this area."" -Edward Dobson President, Traders Press, Inc. ""Building Winning Trading Systems with TradeStation(TM) is filled with useful information and practical real-world examples. I believe TradeStation 6(TM) users will find it a valuable resource."" -Bill Cruz Co-CEO, TradeStation(TM) Group, Inc.",Wiley,2002,Business & Economics,en,https://books.google.com/books/content?id=GoZFNGeHktAC&printsec=frontcover&img=1&zoom=1&source=gbs_api,KEEP_B,high,metadata_keep_b,154,1
161,_TxWa7OQNOEC,Mastering Trade Selection and Management: Advanced Strategies for Long-Term Profitability,,"Jay Norris, Al Gaskill",9780071760119,9780071760119,"Proven Trading Techniques for Lowering Risk and Increasing Profits In Mastering Trade Selection and Management, market strategist Jay Norris provides proven strategies for generating profits on a consistent basis—under all economic conditions. The secret lies not in predicting the market but rather in carefully managing your trade from beginning to end. Norris gives you step-by-step instructions for selecting a market to trade, and determining which direction to trade the market, what to look for prior to trading, and when to enter and exit a trade. Mastering Trade Selection and Management takes the guesswork out of trading by showing you how to: Measure the effects employment, government interest-rate policy, and consumer confidence have on a market Determine what levels need to be breached to signal a change of trend Implement a monitoring system to gauge when the current trend is holding or changing Analyze markets down to an intraday level to identify historical support and resistance levels Avoid emotional pitfalls that might lead you to make poor decisions—such as exiting a trade too early or failing to pull the trigger on a trade signal Norris’s simple five-step system for trading will make you a more consistent and profitable trader. Using the wealth of graphs, charts, and trading examples inside, you can research, set up, and test your trades in order to fine-tune them for the real world. You risk no money and qualify yourself to make more trades that are lucrative. From planning to execution to exit, the blueprints to the fine art of trading are now in your hands with Mastering Trade Selection and Management.",McGraw Hill Professional,2011,Business & Economics,en,https://books.google.com/books/content?id=_TxWa7OQNOEC&printsec=frontcover&img=1&zoom=1&edge=curl&source=gbs_api,KEEP_B,high,metadata_keep_b,157,1
162,dTmr94EhEoUC,Tradings Systems That Work: Building and Evaluating Effective Trading Systems,,Thomas Stridsman,9780071359801,9780071359801,"Trading Systems That Work evaluates many of today's most influential techniques and, emphasizing trading software programs TradeStation and Excel, covers all aspects of researching, building, understanding, and evaluating your own trading system."".",McGraw Hill Professional,2001,Business & Economics,en,https://books.google.com/books/content?id=dTmr94EhEoUC&printsec=frontcover&img=1&zoom=1&source=gbs_api,KEEP_B,high,metadata_keep_b,158,1
168,enB5DwAAQBAJ,Trend Trading for a Living (PB),,Thomas K. Carr,9781260440706,9781260440706,"The new edition of a bestseller! “Dr. Stoxx” delivers proven new methods for drawing consistent gains in today’s unpredictable markets Trend Trading for a Living has put thousands of people on a new career path—trading for a living. Now ""Dr. Stoxx"" has updated his popular guide for the new world of trading, providing everything you need to know for drawing consistent gains in today's unpredictable markets.Providing all the foundational content that made the first edition an instant classic, this new volume offers updates of every trading system, along with an all-new fundamentals-based approach and in-depth analyses of historical performance. It also includes a brand-new system: the Mean Reversion Setup, one of the most exciting and fastest moving of all trading systems. Dr. Stoxx takes you through all the steps to successful trading, from setting up a multi-monitor trading computer and reading stock charts like a pro to finding, trading, and managing your positions. With Dr. Carr’s book in hand, you’ll have everything you need to succeed in the stock market. Whether you’re looking to supplement your income or get rich by trading full-time, Trend Trading for a Living delivers the knowledge and insight you need to pick the best opportunities, know when to get in, and, when it comes time to sell, take action with the confidence of a veteran trader.",McGraw Hill Professional,2018,Business & Economics,en,https://books.google.com/books/content?id=enB5DwAAQBAJ&printsec=frontcover&img=1&zoom=1&edge=curl&source=gbs_api,KEEP_B,high,metadata_keep_b,163,1
169,vmsKEqZkFBYC,Managing a Hedge Fund,"A Complete Guide to Trading, Business Strategies, Risk Management, and Regulations",Keith H. Black,9780071434812,9780071434812,"Hedge funds now account for 25 percent of all NYSE trading volume and are one of the fastest growing sectors in today’s financial industry. Managing a Hedge Fund examines every significant issue facing a hedge fund manager, from management of numerous types of risk to due diligence requirements, use of arbitrage and other exotic activities, and more. Broad-based where most hedge fund books are narrowly focused, it provides current and potential managers with a concise but comprehensive treatment on managing—and maximizing—a hedge fund in today’s fiercely competitive investing arena.",McGraw Hill Professional,2004,Business & Economics,en,https://books.google.com/books/content?id=vmsKEqZkFBYC&printsec=frontcover&img=1&zoom=1&source=gbs_api,KEEP_B,high,metadata_keep_b,164,1
171,FlR3oYhlwb4C,Momentum Stock Selection: Using The Momentum Method For Maximum Profits,,Jake Bernstein,9780071394154,9780071394154,"Proven techniques to improve market-timing accuracy Written by internationally recognized trader, author, and researcher Jake Bernstein, Momentum Stock Selection details a method of combining market momentum with innovative risk management to dramatically increase profitable opportunities for both short- and long-term traders. After briefly defining market timing and market momentum, Bernstein heads directly to the heart of the bookhow any trader can use momentum to increase trading effectiveness. Employing numerous real-life examples and illustrations to explain key points, he gives the reader inside details on: How to choose the right time period for charting Red flags that point out when a signal is wrong A five-step method for determining momentum-divergence patterns An actual ""walk-through"" of a momentum-divergence signal as it develops",McGraw Hill Professional,2001,Business & Economics,en,https://books.google.com/books/content?id=FlR3oYhlwb4C&printsec=frontcover&img=1&zoom=1&source=gbs_api,KEEP_B,high,metadata_keep_b,166,1
172,Lh7YHl9yiAYC,Building Reliable Trading Systems,Tradable Strategies That Perform As They Backtest and Meet Your Risk-Reward Goals,Keith Fitschen,9781118635612,9781118635612,"An award winning system developer explains how to create, test, and implement a profitable trading system Traders have long been drawn to the idea of translating their strategies and ideas into trading systems. While successful trading systems have been developed, in most cases, they work very well for a period of time in specific markets, but perform less well across all markets in all time frames. Nobody understands this better than author Keith Fitschen—a thought-leader in trading system development—and now, with Trading Strategy Generation + Website, he shares his extensive experience in this field with you. Trading Strategy Generation skillfully explains how to take market insights or trading ideas and develop them into a robust trading system. In it, Fitschen describes the critical steps a trader needs to follow, including: translating the market insight into a rules-based approach; determining entry and exit points; testing against historical data; and integrating money management and position sizing into the system. Written by an award winning system developer who has actively traded his systems for thirty years Introduces new ideas on money management and position sizing for different markets Details exactly what it takes to build, test, and implement a profitable technical trading system A companion Website contains supplementary material, including Excel spreadsheets designed to rate the strength of entry signals and provide money management guidance based on market volatility and portfolio correlations Written with the serious trader in mind, Trading Strategy Generation is an accessible guide to building a system that will generate realistic returns over time.",John Wiley & Sons,2013,Business & Economics,en,https://books.google.com/books/content?id=Lh7YHl9yiAYC&printsec=frontcover&img=1&zoom=1&edge=curl&source=gbs_api,KEEP_B,high,metadata_keep_b,167,1
175,ZHW7DwAAQBAJ,Applications of Computational Intelligence in Data-Driven Trading,,Cris Doloc,9781119550525,9781119550525,"“Life on earth is filled with many mysteries, but perhaps the most challenging of these is the nature of Intelligence.” – Prof. Terrence J. Sejnowski, Computational Neurobiologist The main objective of this book is to create awareness about both the promises and the formidable challenges that the era of Data-Driven Decision-Making and Machine Learning are confronted with, and especially about how these new developments may influence the future of the financial industry. The subject of Financial Machine Learning has attracted a lot of interest recently, specifically because it represents one of the most challenging problem spaces for the applicability of Machine Learning. The author has used a novel approach to introduce the reader to this topic: The first half of the book is a readable and coherent introduction to two modern topics that are not generally considered together: the data-driven paradigm and Computational Intelligence. The second half of the book illustrates a set of Case Studies that are contemporarily relevant to quantitative trading practitioners who are dealing with problems such as trade execution optimization, price dynamics forecast, portfolio management, market making, derivatives valuation, risk, and compliance. The main purpose of this book is pedagogical in nature, and it is specifically aimed at defining an adequate level of engineering and scientific clarity when it comes to the usage of the term “Artificial Intelligence,” especially as it relates to the financial industry. The message conveyed by this book is one of confidence in the possibilities offered by this new era of Data-Intensive Computation. This message is not grounded on the current hype surrounding the latest technologies, but on a deep analysis of their effectiveness and also on the author’s two decades of professional experience as a technologist, quant and academic.",John Wiley & Sons,2019,Business & Economics,en,https://books.google.com/books/content?id=ZHW7DwAAQBAJ&printsec=frontcover&img=1&zoom=1&edge=curl&source=gbs_api,KEEP_B,high,metadata_keep_b,170,1
176,Yr0aZdSQA2kC,Managing Investment Portfolios,A Dynamic Process,"John L. Maginn, Donald L. Tuttle, Dennis W. McLeavey, Jerald E. Pinto",9780470080146,9780470080146,"""A rare blend of a well-organized, comprehensive guide to portfolio management and a deep, cutting-edge treatment of the key topics by distinguished authors who have all practiced what they preach. The subtitle, A Dynamic Process, points to the fresh, modern ideas that sparkle throughout this new edition. Just reading Peter Bernstein's thoughtful Foreword can move you forward in your thinking about this critical subject."" —Martin L. Leibowitz, Morgan Stanley ""Managing Investment Portfolios remains the definitive volume in explaining investment management as a process, providing organization and structure to a complex, multipart set of concepts and procedures. Anyone involved in the management of portfolios will benefit from a careful reading of this new edition."" —Charles P. Jones, CFA, Edwin Gill Professor of Finance, College of Management, North Carolina State University",John Wiley & Sons,2007,Business & Economics,en,https://books.google.com/books/content?id=Yr0aZdSQA2kC&printsec=frontcover&img=1&zoom=1&edge=curl&source=gbs_api,KEEP_A,high,metadata_keep_a,102,2
177,kR1wAAAAQBAJ,Market Microstructure in Emerging and Developed Markets,"Price Discovery, Information Flows, and Transaction Costs","H. Kent Baker, Halil Kiymaz",9781118421482,9781118421482,"A comprehensive guide to the dynamic area of finance known as market microstructure Interest in market microstructure has grown dramatically in recent years due largely in part to the rapid transformation of the financial market environment by technology, regulation, and globalization. Looking at market transactions at the most granular level—and taking into account market structure, price discovery, information flows, transaction costs, and the trading process—market microstructure also forms the basis of high-frequency trading strategies that can help professional investors generate profits and/or execute optimal transactions. Part of the Robert W. Kolb Series in Finance, Market Microstructure skillfully puts this discipline in perspective and examines how the working processes of markets impact transaction costs, prices, quotes, volume, and trading behavior. Along the way, it offers valuable insights on how specific features of the trading process like the existence of intermediaries or the environment in which trading takes place affect the price formation process. Explore issues including market structure and design, transaction costs, information flows, and disclosure Addresses market microstructure in emerging markets Covers the legal and regulatory issues impacting this area of finance Contains contributions from both experienced financial professionals and respected academics in this field If you're looking to gain a firm understanding of market microstructure, this book is the best place to start.",John Wiley & Sons,2013,Business & Economics,en,https://books.google.com/books/content?id=kR1wAAAAQBAJ&printsec=frontcover&img=1&zoom=1&edge=curl&source=gbs_api,KEEP_B,high,metadata_keep_b,171,1
178,jyv8EAAAQBAJ,C++ High Performance for Financial Systems,Build efficient and optimized financial systems by leveraging the power of C++,Ariel Silahian,9781805120971,9781805120971,"An in-depth guide covering system architecture, low-latency strategies, risk management, and machine learning for experienced programmers looking to enter the financial industry and build high-performance trading systems Key Features Get started with building financial trading systems Focus on scalability, architecture, and implementing low-latency network communication in C++ Optimize code and use parallel computing techniques for better performance Purchase of the print or Kindle book includes a free PDF eBook Book DescriptionUnlock the secrets of the finance industry and dive into the world of high-performance trading systems with C++ High Performance for Financial Systems. Trading systems are the backbone of the financial world, and understanding how to build them for optimal performance is crucial for success. If you've ever dreamt of creating scalable and cutting-edge financial software, this guide is your key to success. A cornerstone of this book is its coverage of system design and architecture. The book starts by outlining the role of C++ in finance and trading. You'll learn the principles and methodologies behind building systems that can handle vast amounts of data, execute complex trading strategies with ease, and maintain the highest levels of reliability. Armed with this knowledge, you'll be equipped to tackle even the most challenging trading scenarios. In the fast-paced world of finance, every millisecond counts. This book delves into low-latency strategies that will enable your trading systems to react with lightning speed. You’ll also learn the art of reducing latency, optimizing code, and leveraging the latest hardware and software techniques to gain a competitive edge in the market. By the end of this book, you’ll be well-versed in architecting a financial trading system as well as advanced strategies and new industry trends.What you will learn Design architecture for scalable financial trading systems Understand strategies for low-latency trading and high-frequency trading Discover how to implement machine learning algorithms for financial data analysis Understand risk management techniques for financial trading systems Explore advanced topics in finance and trading, including machine learning for algorithmic trading and portfolio optimization Get up to speed with best practices for developing financial trading systems with C++ Who this book is for This book is for experienced C++ developers who want to enter the finance industry and learn how trading systems work. It is also suitable for quantitative analysts, financial engineers, and anyone interested in building scalable and robust trading systems. The book assumes familiarity with the C++ programming language, data structures, and algorithms. Additionally, readers should have a basic understanding of finance and trading concepts, such as market data, trading strategies, and risk management.",Packt Publishing Ltd,2024,Computers,en,https://books.google.com/books/content?id=jyv8EAAAQBAJ&printsec=frontcover&img=1&zoom=1&edge=curl&source=gbs_api,KEEP_B,medium,metadata_keep_b,172,1
181,6l0DDQAAQBAJ,High-Frequency Trading,A Practical Guide to Algorithmic Strategies and Trading Systems,Irene Aldridge,9781118343500,9781118343500,"A fully revised second edition of the best guide to high-frequency trading High-frequency trading is a difficult, but profitable, endeavor that can generate stable profits in various market conditions. But solid footing in both the theory and practice of this discipline are essential to success. Whether you're an institutional investor seeking a better understanding of high-frequency operations or an individual investor looking for a new way to trade, this book has what you need to make the most of your time in today's dynamic markets. Building on the success of the original edition, the Second Edition of High-Frequency Trading incorporates the latest research and questions that have come to light since the publication of the first edition. It skillfully covers everything from new portfolio management techniques for high-frequency trading and the latest technological developments enabling HFT to updated risk management strategies and how to safeguard information and order flow in both dark and light markets. Includes numerous quantitative trading strategies and tools for building a high-frequency trading system Address the most essential aspects of high-frequency trading, from formulation of ideas to performance evaluation The book also includes a companion Website where selected sample trading strategies can be downloaded and tested Written by respected industry expert Irene Aldridge While interest in high-frequency trading continues to grow, little has been published to help investors understand and implement this approach—until now. This book has everything you need to gain a firm grip on how high-frequency trading works and what it takes to apply it to your everyday trading endeavors.",John Wiley & Sons,2013,Business & Economics,en,https://books.google.com/books/content?id=6l0DDQAAQBAJ&printsec=frontcover&img=1&zoom=1&edge=curl&source=gbs_api,KEEP_A,high,metadata_keep_a,175,1
182,RR2m9vsSqboC,Market Microstructure,Confronting Many Viewpoints,"Frédéric Abergel, Jean-Philippe Bouchaud, Thierry Foucault, Charles-Albert Lehalle, Mathieu Rosenbaum",9781119952787,9781119952787,"The latest cutting-edge research on market microstructure Based on the December 2010 conference on market microstructure, organized with the help of the Institut Louis Bachelier, this guide brings together the leading thinkers to discuss this important field of modern finance. It provides readers with vital insight on the origin of the well-known anomalous ""stylized facts"" in financial prices series, namely heavy tails, volatility, and clustering, and illustrates their impact on the organization of markets, execution costs, price impact, organization liquidity in electronic markets, and other issues raised by high-frequency trading. World-class contributors cover topics including analysis of high-frequency data, statistics of high-frequency data, market impact, and optimal trading. This is a must-have guide for practitioners and academics in quantitative finance.",John Wiley & Sons,2012,Business & Economics,en,https://books.google.com/books/content?id=RR2m9vsSqboC&printsec=frontcover&img=1&zoom=1&edge=curl&source=gbs_api,KEEP_B,high,metadata_keep_b,176,1
184,RzOIDwAAQBAJ,Lecture Notes In Market Microstructure And Trading,,Peter Joakim Westerholm,9789813234116,9789813234116,"This book, written by Joakim Westerholm, Professor of Finance and former trading professional, is intended to be used as basis for developing courses in Securities markets, Trading, and Market microstructure and connects theoretic rigor with practical real world applications.Market technology evolves, the roles of market participants change, and whole market segments disappear to be replaced by new ways to exchange securities. Yet, the same underlying economic principles continue to drive trading in securities markets. Thus, the scope of the book is global, providing a framework that is relevant both for current market designs and for future markets we will see develop. It is designed to stay relevant in a rapidly evolving field.The book contains a selection of lecture notes through which students will gain an in-depth understanding of the mechanism that drives trading in securities markets. The book also contains another set of lecture notes with more advanced, research-based material, suitable for Honours or Master level research students, or for PhD candidates. The material is self-explanatory and can also be used for self-study, preferably in conjunction with assigned readings.",World Scientific,2018,Business & Economics,en,https://books.google.com/books/content?id=RzOIDwAAQBAJ&printsec=frontcover&img=1&zoom=1&edge=curl&source=gbs_api,KEEP_B,high,metadata_keep_b,178,1
186,S_0GEQAAQBAJ,Financial Statement Analysis for Value Investing,,"Stephen Penman, Peter F. Pope",9780231560924,9780231560924,"How should an investor challenge the market price and find value? This book provides a new lens, arguing that value investing is a matter of understanding the business through accounting. Stephen Penman and Peter F. Pope—leading authorities on accounting and its investment applications—demonstrate why attention to financial statements is the key to judicious valuation. More broadly, they show that accounting fundamentals, when analyzed in a systematic manner, teach us how to think about value in new ways. This guide to investing through analysis of financial statements presents both underlying principles and practical examples. It examines how an accounting book is structured, the ways to read one in order to extract information about value, and why accounting techniques help investors avoid common traps. Through cases that depict finance, investing, and accounting principles in action, readers learn crucial lessons for challenging the market’s pricing. Financial Statement Analysis for Value Investing is essential reading for anyone interested in the fundamentals of value investing, practitioners and students alike. Both professional and individual investors can benefit from its techniques and insights, and it is well suited for value investing and financial statement analysis courses in business schools.",Columbia University Press,2025,Business & Economics,en,https://books.google.com/books/content?id=S_0GEQAAQBAJ&printsec=frontcover&img=1&zoom=1&edge=curl&source=gbs_api,KEEP_A,high,metadata_keep_a,180,1
189,IlizCgAAQBAJ,Quantitative Investment Analysis,,"Richard A. DeFusco, Dennis W. McLeavey, Jerald E. Pinto, David E. Runkle, Mark J. P. Anson",9781119104599,9781119104599,"Your complete guide to quantitative analysis in the investment industry Quantitative Investment Analysis, Third Edition is a newly revised and updated text that presents you with a blend of theory and practice materials to guide you through the use of statistics within the context of finance and investment. With equal focus on theoretical concepts and their practical applications, this approachable resource offers features, such as learning outcome statements, that are targeted at helping you understand, retain, and apply the information you have learned. Throughout the text's chapters, you explore a wide range of topics, such as the time value of money, discounted cash flow applications, common probability distributions, sampling and estimation, hypothesis testing, and correlation and regression. Applying quantitative analysis to the investment process is an important task for investment pros and students. A reference that provides even subject matter treatment, consistent mathematical notation, and continuity in topic coverage will make the learning process easier—and will bolster your success. Explore the materials you need to apply quantitative analysis to finance and investment data—even if you have no previous knowledge of this subject area Access updated content that offers insight into the latest topics relevant to the field Consider a wide range of subject areas within the text, including chapters on multiple regression, issues in regression analysis, time-series analysis, and portfolio concepts Leverage supplemental materials, including the companion Workbook and Instructor's Manual, sold separately Quantitative Investment Analysis, Third Edition is a fundamental resource that covers the wide range of quantitative methods you need to know in order to apply quantitative analysis to the investment process.",John Wiley & Sons,2015,Business & Economics,en,https://books.google.com/books/content?id=IlizCgAAQBAJ&printsec=frontcover&img=1&zoom=1&edge=curl&source=gbs_api,KEEP_A,high,metadata_keep_a,183,1
191,UUeaAAAAQBAJ,Financial Statement Analysis,A Practitioner's Guide,"Martin S. Fridson, Fernando Alvarez",9780470635605,9780470635605,"The updated, real-world guide to interpreting and unpacking GAAP and non-GAAP financial statements In Financial Statement Analysis, 5th Edition, leading investment authority Martin Fridson returns with Fernando Alvarez to provide the analytical framework you need to scrutinize financial statements, whether you’re evaluating a company’s stock price or determining valuations for a merger or acquisition. Rather than taking financial statements at face value, you’ll learn practical and straightforward analytical techniques for uncovering the reality behind the numbers. This fully revised and up-to-date 5th Edition offers fresh information that will help you to evaluate financial statements in today’s volatile markets and uncertain economy. The declining connection between GAAP earnings and stock prices has introduced a need to discriminate between instructive and misleading non-GAAP alternatives. This book integrates the alternatives and provides guidance on understanding the extent to which non-GAAP reports, particularly from US companies, may be biased. Understanding financial statements is an essential skill for business professionals and investors. Most books on the subject proceed from the questionable premise that companies' objective is to present a true picture of their financial condition. A safer assumption is that they seek to minimize the cost of raising capital by portraying themselves in the most favorable light possible. Financial Statement Analysis teaches readers the tricks that companies use to mislead, so readers can more clearly interpret statements. Learn how to read and understand financial statements prepared according to GAAP and non-GAAP standards Compare CFROI, EVA, Valens, and other non-GAAP methodologies to determine how accurate companies’ reports are Improve your business decision making, stock valuations, or merger and acquisition strategy Develop the essential skill of quickly and accurately gathering and assessing information from financial statements of all types Professional analysts, investors, and students will gain valuable knowledge from this updated edition of the popular guide. Filled with real-life examples and expert advice, Financial Statement Analysis, 5th Edition, will help you interpret and unpack financial statements.",John Wiley & Sons,2011,Business & Economics,en,https://books.google.com/books/content?id=UUeaAAAAQBAJ&printsec=frontcover&img=1&zoom=1&edge=curl&source=gbs_api,KEEP_A,high,metadata_keep_a,184,2
193,w5JR5o6QGI4C,Financial Reporting and Analysis,,Lawrence Revsine,9780130397935,9780130397935,,Pearson Prentice Hall,2003,Business & Economics,en,https://books.google.com/books/content?id=w5JR5o6QGI4C&printsec=frontcover&img=1&zoom=1&source=gbs_api,KEEP_B,medium,metadata_keep_b,186,1
194,8cAiAwAAQBAJ,Asian Financial Statement Analysis,Detecting Financial Irregularities,"ChinHwee Tan, Thomas R. Robinson",9781118486528,9781118486528,"Gain a deeper understanding of Asian financial reporting and how to detect irregularities The Asian region, and particularly China, is becoming a hotbed of investment activity. There have been quite a few accounting scandals in Asia in the recent years – now rivaling those we have seen in the Americas and Europe. Assessing potential or active overseas investments requires reliance on financial statements, the full parameters of which may vary from region to region. To effectively analyze statements, it is necessary to first understand the framework underlying these financial statements and then lay out a protocol for detecting irregularities. It's impossible to create and implement a practical plan without a deeper knowledge of the various factors at play. Asian Statement Analysis: Detecting Financial Irregularities provides a framework for analysis that makes irregularities stand out. Authors Chin Hwee Tan and Thomas R. Robinson discuss international financial reporting standards, including characteristics particular to the Asian region. Tan and Robinson's combined background in academia and Asian finance give them a multi-modal perspective and position them as top authorities on the topic. In the book, they address issues such as: Detection of irregularities independent of particular accounting rules The most common irregularities in the Asian market Similarities and differences between U.S. and Asian accounting techniques An overarching framework for irregularity detection The book uses real-world examples to illustrate the concepts presented, with the focus on Asian companies. As the first ever in-depth study on manipulation and irregularities in the Asian market, Asian Financial Statement Analysis: Detecting Financial Irregularities is uniquely positioned to be a valuable resource in the move toward the next phase of global reporting standards.",John Wiley & Sons,2014,Business & Economics,en,https://books.google.com/books/content?id=8cAiAwAAQBAJ&printsec=frontcover&img=1&zoom=1&edge=curl&source=gbs_api,KEEP_B,high,metadata_keep_b,187,1
196,hWXHTSkKsVEC,International Financial Statement Analysis,,"Thomas R. Robinson, Hennie van Greuning, CFA, Elaine Henry, Michael A. Broihahn",9780470395967,9780470395967,"Written with both the established and aspiring financial professional in mind, this book will help you understand the mechanics of the accounting process, which is the foundation for financial reporting; comprehend the differences and similarities in income statements, balance sheets, and cash flow statements around the globe; and assess the implications for securities valuation of any financial statement element or transaction. Along the way, you'll also discover how different financial analysis techniques—such as ratio analysis and common-size financial statements—can provide valuable clues into a company's operations and risk characteristics.",Wiley,2008,Business & Economics,en,https://books.google.com/books/content?id=hWXHTSkKsVEC&printsec=frontcover&img=1&zoom=1&source=gbs_api,KEEP_A,high,metadata_keep_a,185,2
197,7_krPwAACAAJ,Financial Statement Analysis and Security Valuation,,Stephen Penman,9780073379661,9780073379661,"This book describes valuation as an exercise in financial statement analysis. Students learn to view a firm through its financial statements and to carry out the appropriate financial statement analysis to value the firm’s debt and equity. The book takes an activist approach to investing, showing how the analyst challenges the current market price of a share by analyzing the fundamentals. With a careful assessment of accounting quality, accounting comes to life as it is integrated with the modern theory of finance to develop practical analysis and valuation tools for active investing.",McGraw-Hill/Irwin,2009,Business & Economics,en,https://books.google.com/books/content?id=7_krPwAACAAJ&printsec=frontcover&img=1&zoom=1&source=gbs_api,KEEP_A,high,metadata_keep_a,189,2
201,PUXxAAAAQBAJ,Professional Automated Trading,Theory and Practice,Eugene A. Durenard,9781118129852,9781118129852,"An insider's view of how to develop and operate an automated proprietary trading network Reflecting author Eugene Durenard's extensive experience in this field, Professional Automated Trading offers valuable insights you won't find anywhere else. It reveals how a series of concepts and techniques coming from current research in artificial life and modern control theory can be applied to the design of effective trading systems that outperform the majority of published trading systems. It also skillfully provides you with essential information on the practical coding and implementation of a scalable systematic trading architecture. Based on years of practical experience in building successful research and infrastructure processes for purpose of trading at several frequencies, this book is designed to be a comprehensive guide for understanding the theory of design and the practice of implementation of an automated systematic trading process at an institutional scale. Discusses several classical strategies and covers the design of efficient simulation engines for back and forward testing Provides insights on effectively implementing a series of distributed processes that should form the core of a robust and fault-tolerant automated systematic trading architecture Addresses trade execution optimization by studying market-pressure models and minimization of costs via applications of execution algorithms Introduces a series of novel concepts from artificial life and modern control theory that enhance robustness of the systematic decision making—focusing on various aspects of adaptation and dynamic optimal model choice Engaging and informative, Proprietary Automated Trading covers the most important aspects of this endeavor and will put you in a better position to excel at it.",John Wiley & Sons,2013,Business & Economics,en,https://books.google.com/books/content?id=PUXxAAAAQBAJ&printsec=frontcover&img=1&zoom=1&edge=curl&source=gbs_api,KEEP_B,high,metadata_keep_b,193,1
203,KUq7EQAAQBAJ,Treasury Bond Futures and Options,,"Owain Johnson, Eric Leininger, Jonathan Kronstein, Agha Mirza",9781040684054,9781040684054,"U.S. Treasury futures and options are the world’s largest fixed income markets. They enable investors and traders to trade, risk manage and invest in U.S. government notes or bonds for future delivery. The U.S. government bond market is the most liquid, secure and diverse among international government bond markets. The U.S. government uses the U.S. bond market to finance its maturing debt and expenditures, and with the expansion of U.S. borrowing, these markets have never been so large nor so closely watched around the world. Treasury Bond Futures and Options is the first standard reference handbook of its kind. It systematically reviews all of the varied elements of these crucial markets, providing practitioners and non-practitioners with a thorough description of the operations and potential of Treasury futures and options. The book presents readers with a full sense of how these gigantic markets function, including elements such as trading execution, risk management, delivery mechanism, market participants and regulatory treatment. It describes the key elements of market design, as well as walking through the trading and hedging opportunities that these markets provide. It is divided into three main sections. The first explains the background and current state of the cash and derivative Treasury markets. The second section focuses on risk management and trading using Treasury futures and options, while the third section looks at related products, key types of trader and governance. Treasury Bond Futures and Options is essential for every fixed income trader, regulator, financial investor, researcher and economist who looks at the U.S. Treasury market.",Taylor & Francis,2026,Business & Economics,en,https://books.google.com/books/content?id=KUq7EQAAQBAJ&printsec=frontcover&img=1&zoom=1&edge=curl&source=gbs_api,KEEP_B,high,metadata_keep_b,195,1
204,F-7hM6Fc36AC,Breaking the Black Box,"Learn how to Design, Test, and Apply Mechanical Trading Systems Using Profitable Examples",Martin J. Pring,9780071384056,9780071384056,This software will enable the user to learn about breaking the black box.,McGraw Hill Professional,2003,Business & Economics,en,https://books.google.com/books/content?id=F-7hM6Fc36AC&printsec=frontcover&img=1&zoom=1&source=gbs_api,KEEP_B,medium,metadata_keep_b,196,1
205,tkj7zGTNlmEC,All About Technical Analysis,The Easy Way to Get Started,Constance M. Brown,9780071423489,9780071423489,"ALL ABOUT . . . SERIES All About TECHNICAL ANALYSIS Wary of trusting their trading fortunes to chance, investors are increasingly turning to the proven tools of technical analysis to help them make better trading and investing decisions. All About Technical Analysis explains what technical analysis is, why so many savvy investors rely on it to help forecast market movements, and how to successfully blend it into an overall investing program.",McGraw Hill Professional,2002,Business & Economics,en,https://books.google.com/books/content?id=tkj7zGTNlmEC&printsec=frontcover&img=1&zoom=1&edge=curl&source=gbs_api,KEEP_B,high,metadata_keep_b,197,1
208,e9Fx3qMbt48C,The Trading Systems Toolkit,"How to Build, Test, and Apply Money-making Stock and Futures Trading Systems",Joe Krutsinger,9781557385345,9781557385345,"Shows how to build, test, and apply stock and futures trading systems.",McGraw Hill Professional,1994,Business & Economics,en,https://books.google.com/books/content?id=e9Fx3qMbt48C&printsec=frontcover&img=1&zoom=1&source=gbs_api,KEEP_B,high,metadata_keep_b,200,1
209,yxHOYMzHTUYC,Mastering Futures Trading,An Advanced Course for Sophisticated Strategies that Work,Bo Yoder,9780071420341,9780071420341,"Explores the strategies concepts and methodologies you need to know to become a successful futures trader. This book will provide you with the tools you need to spot futures market trends, identify pending rallies or pullbacks and put your money on the line when you've uncovered a firm directional bias.",McGraw Hill Professional,2004,Business & Economics,en,https://books.google.com/books/content?id=yxHOYMzHTUYC&printsec=frontcover&img=1&zoom=1&source=gbs_api,KEEP_B,high,metadata_keep_b,201,1
236,TnoeAQAAIAAJ,Fundamentals of Investments,,"Gordon J. Alexander, William F. Sharpe, Jeffery V. Bailey",,,"This introductory text provides a clear framework for understanding and analyzing securities. It also covers the major institutional features and theories of investing in the current economy. This edition has a more international perspective, reflecting the authors' belief that the field of investment is destined to become more global than it currently is.",,1993,Business & Economics,en,https://books.google.com/books/content?id=TnoeAQAAIAAJ&printsec=frontcover&img=1&zoom=1&source=gbs_api,KEEP_B,high,metadata_keep_b,228,1
238,qKBzRDHHD2IC,Valuing Financial Institutions,,Z. Christopher Mercer,,,,McGraw-Hill Professional Publishing,1991,Business & Economics,en,https://books.google.com/books/content?id=qKBzRDHHD2IC&printsec=frontcover&img=1&zoom=1&source=gbs_api,KEEP_B,high,metadata_keep_b,230,1
241,3OAJAQAAMAAJ,Active Asset Allocation,Gaining Advantage in a Highly Efficient Stock Market,"Walter R. Good, Jack R. Meyer",,,"This pioneering book provides professional investors with an innovative approach to stock market valuation and portfolio management. Refuting the common notion that passive investing and active management are mutually exclusive, three top investors show how to combine both for maximum results. 105 illus.",McGraw-Hill Companies,1993,Business & Economics,en,https://books.google.com/books/content?id=3OAJAQAAMAAJ&printsec=frontcover&img=1&zoom=1&source=gbs_api,KEEP_B,high,metadata_keep_b,233,1
243,gk4UAQAAMAAJ,Value Investing Today,,Charles H. Brandes,,,"Updated data and insights to help value investors address the realities of today's markets On the heels of recent stock market tumbles and deceptions, value investing--the staple of investing greats from Benjamin Graham to Warren Buffett--has roared back into the spotlight. ""Value Investing Today ""returns with a new edition, filled with updated information and advice to give investors the skills and knowledge to become successful value investors. Broader in scope than previous editions, this third edition offers fresh lessons investors can use to uncover stocks that are, for whatever reason, underpriced in relation to their value. Updates to this edition include: New chapters on the psychology of investing and corporate governance Expanded discussions on the importance of margin of safety Increased correlations among world markets, and how to capitalize on them",Irwin Professional Publishing,1989,Business & Economics,en,https://books.google.com/books/content?id=gk4UAQAAMAAJ&printsec=frontcover&img=1&zoom=1&source=gbs_api,KEEP_B,high,metadata_keep_b,235,1
244,vna3AAAAIAAJ,Investment Banking and Investment Opportunities in China,A Comprehensive Guide for Finance Professionals,K. Thomas Liaw,,,Publisher description,John Wiley & Sons,2007,Business & Economics,en,https://books.google.com/books/content?id=vna3AAAAIAAJ&printsec=frontcover&img=1&zoom=1&source=gbs_api,KEEP_B,medium,metadata_keep_b,236,1
245,QouyAAAAIAAJ,Finance and Investment Handbook,,"John Downes, Jordan Elliot Goodman",,,"Previous editions of this comprehensive reference book have been called arequired reading for students, investors, and writersa by"" USA Today,"" and aa teeming reservoir of informationa by the"" Oakland Tribune."" Updated to reflect the 2006 investment climate, the new edition of Barronas"" Finance and Investment Handbook"" presents a financial dictionary of more than 5,000 terms, an analysis of many current investment opportunities, guidelines for non-experts on what to look for when reading corporate reports and financial news sources, an up-to-date directory of hundreds of publicly traded corporations in the United States and Canada, and a directory listing the names and addresses of brokerage houses, mutual funds families, banks, federal and state regulators, and other major financial institutions. Here in one big volume is indispensable information for planning and maintaining a healthy investment portfolio.","Barron's Educational Series, Incorporated",2003,Business & Economics,en,https://books.google.com/books/content?id=QouyAAAAIAAJ&printsec=frontcover&img=1&zoom=1&source=gbs_api,KEEP_B,high,metadata_keep_b,237,1
247,g21aAAAAYAAJ,Value Investing with the Masters,Revealing Interviews with 20 Market-beating Managers who Have Stood the Test of Time,Kirk Kazanjian,,,An investment expert presents revealing interviews with 20 market-beating managers who've stood the test of time and become leading value stock pickers.,Prentice Hall Press,2002,Business & Economics,en,https://books.google.com/books/content?id=g21aAAAAYAAJ&printsec=frontcover&img=1&zoom=1&source=gbs_api,KEEP_B,high,metadata_keep_b,239,1
254,AyAjCpE6G04C,Technical Analysis of the Futures Markets,A Comprehensive Guide to Trading Methods and Applications,John J. Murphy,,,"Designed to meet the need for a logical, sequential reference on the subject, this book describes - for beginners and more experienced traders alike - the concepts of technical analysis and their applications. The author interprets the role of technical forecasters and explains how they apply their techniques to the futures markets.",Prentice Hall Press,1986,Business & Economics,en,https://books.google.com/books/content?id=AyAjCpE6G04C&printsec=frontcover&img=1&zoom=1&source=gbs_api,KEEP_A,high,metadata_keep_a,246,1
256,ZRzJoUYAYFoC,The Day Trader's Manual,"Theory, Art, and Science of Profitable Short-Term Investing",William F. Eng,,,"Presents day traders with a systematic and rational framework for decision-making in the futures, options and equities markets. Offers complete coverage of day-trading methods including price, time and volume analysis techniques, money and position management strategies, trading systems, computerized trading tactics and much more.",,1993,Business & Economics,en,https://books.google.com/books/content?id=ZRzJoUYAYFoC&printsec=frontcover&img=1&zoom=1&source=gbs_api,KEEP_B,high,metadata_keep_b,248,1
257,zlAUAQAAMAAJ,Jake Bernstein's Facts on Futures,Insights and Strategies for Winning in the Futures Markets,Jacob Bernstein,,,Getting started: myths and realities of the futures markets; Disciplirity and traing; The mechanics of trading; Advanced trading ...,Irwin Professional Publishing,1987,Business & Economics,en,https://books.google.com/books/content?id=zlAUAQAAMAAJ&printsec=frontcover&img=1&zoom=1&source=gbs_api,KEEP_B,high,metadata_keep_b,249,1
262,XYYhzUWOs78C,Booms and busts,an encyclopedia of economic history from Tulipmania of the 1630s to the global financial crisis of the 21st century,James Ciment,,,"Explores three centuries of good times and hard times in major economies throughout the world. This title includes more than 400 signed articles that cover events from Tulipmania during the 1630s to the US federal stimulus package of 2009, and introduce readers to underlying concepts, recurring themes, major institutions, and notable figures.",Routledge,2010,Business & Economics,en,https://books.google.com/books/content?id=XYYhzUWOs78C&printsec=frontcover&img=1&zoom=1&source=gbs_api,KEEP_B,high,metadata_keep_b,254,1
263,UdbBAAAAIAAJ,Behavioral Finance,,"Joachim Goldberg, Rüdiger von Nitzsch",,,"This fascinating book explains the new science of behavioral finance. It demonstrates clearly how behavior-orientated analysis of the financial markets can explain and account for fundamental principles in technical analysis. The book is divided into the following chapters, each offering practical analysis and advice; Forecasts, An analysis of exposure, Dams to combat the flood of information, Everything is relative, People like to see themselves in a favorable light, Everyone is different and Free advice - valuable tips for successful trades.",Wiley,2001,Business & Economics,en,https://books.google.com/books/content?id=UdbBAAAAIAAJ&printsec=frontcover&img=1&zoom=1&source=gbs_api,KEEP_B,high,metadata_keep_b,255,1
272,t1IPAQAAMAAJ,Financial Engineering,A Complete Guide to Financial Innovation,John Francis Marshall,,,,,1992,Financial engineering,en,https://books.google.com/books/content?id=t1IPAQAAMAAJ&printsec=frontcover&img=1&zoom=1&source=gbs_api,KEEP_B,high,metadata_keep_b,264,1
273,QXnsAAAAMAAJ,Chasing Alpha,How Reckless Growth and Unchecked Ambition Ruined the City's Golden Decade,Philip Augar,,,"""* Chasing Alpha is the definitive insider s history of Britain s financial services sector, from the early days of New Labour to the present day. At the heart of the action is the revival of the City s institutions in the mid-nineties. Augar uses his peerless connections with the people and firms that made it happen to give a compelling narrative of how the City s golden generation turned London round. Then, as so often happens in finance, the City got carried away with its own success, boasting of a new risk-free economic paradigm that would make the world a richer place. Northern Rock gave the lie to this claim. Far from heralding the eclipse of finance capital, Augar will show how the City stands poised to emerge from the credit crunch stronger than ever. As New Labour heads towards electoral meltdown, the industry it did so much to nurture will embrace the opportunities afforded by David Cameron s even more business-friendly Conservatives. The guiding principle of th""",Bodley Head Childrens,2009,Business & Economics,en,https://books.google.com/books/content?id=QXnsAAAAMAAJ&printsec=frontcover&img=1&zoom=1&source=gbs_api,KEEP_B,high,metadata_keep_b,265,1
277,DmEPAQAAMAAJ,Behavioral Finance,,Hersh Shefrin,,,,,2001,Investments,en,https://books.google.com/books/content?id=DmEPAQAAMAAJ&printsec=frontcover&img=1&zoom=1&source=gbs_api,KEEP_A,high,metadata_keep_a,269,1
291,_yw-AQAAIAAJ,Insider Trading,,"William K. S. Wang, Marc I. Steinberg",,,"A guide to avoiding insider trading liability. It gives you the legal knowledge and practical tools you need to determine what's legal, what's not, and what you can do to minimise liability exposure.",,2005,Business & Economics,en,https://books.google.com/books/content?id=_yw-AQAAIAAJ&printsec=frontcover&img=1&zoom=1&source=gbs_api,KEEP_B,medium,metadata_keep_b,283,1
293,_mlaAAAAYAAJ,Technical Analysis,The Complete Resource for Financial Market Technicians,"Charles D. Kirkpatrick, Julie R. Dahlquist",,,"Now, there's a comprehensive, objective, and reliable tutorial and reference for the entire field of technical analysis. For traders, researchers, and serious investors alike, this is the definitive book on technical analysis. Individual investors and professional investment managers are increasingly recognizing the value of technical analysis in identifying trading opportunities. Moreover, the SECs requirement for analysts and brokers to pass Section 86 exams can now be fulfilled with the Chartered Market Technician (CMT) certification. Author Charles D. Kirkpatrick II has spent decades using technical analysis to advise major investing institutions -- and he currently teaches the subject to MBA candidates, giving him unique insight into the best ways of explaining its complex concepts. Together with university finance instructor and CMT Dr. Julie Dahlquist, Kirkpatrick systematically explains the theory of technical analysis, presenting academic evidence both for and against it. Using 200+ illustrations, the authors explain the analysis of markets and individual issues, and present a complete investment system and portfolio management plan. Readers will learn how to use tested sentiment, momentum indicators, seasonal affects, flow of funds, and many other techniques. The authors reveal which chart patterns and indicators have been reliable; show how to test systems; and demonstrate how technical analysis can be used to mitigate risk.",Financial Times/Prentice Hall,2007,Business & Economics,en,https://books.google.com/books/content?id=_mlaAAAAYAAJ&printsec=frontcover&img=1&zoom=1&source=gbs_api,KEEP_A,high,metadata_keep_a,285,1
295,gaaZAAAAIAAJ,Pioneers of Financial Economics: Twentieth-century contributions,,"Geoffrey Poitras, Franck Jovanovic",,,"This volume examines the development of the discipline during the 20th century. Specially commissioned essays discuss scholars of the early part of the century to the Nobel Prize winners of the last decade, including Irving Fisher, Frederick Macauley, Harry Markowitz and Fischer Black.",Edward Elgar Publishing,2006,Biography & Autobiography,en,https://books.google.com/books/content?id=gaaZAAAAIAAJ&printsec=frontcover&img=1&zoom=1&source=gbs_api,KEEP_B,high,metadata_keep_b,287,1
297,EM5XAAAAYAAJ,The Psychology of Investing,,John R. Nofsinger,,,"""This is the only textbook that describes (1) how investors actually behave, (2) the reasons and causes of that behavior; (3) why the behavior hurts their wealth; and (4) what they can do about it.""--Jacket.",,2011,Business & Economics,en,https://books.google.com/books/content?id=EM5XAAAAYAAJ&printsec=frontcover&img=1&zoom=1&source=gbs_api,KEEP_B,high,metadata_keep_b,289,1
298,Dk1xwkeqGI8C,"A THEORY OF OVERCONFIDENCE, SELF-ATTRIBUTIONS AND SECURITY MARKET UNDER- AND OVERRACTIONS",,KENT DANIEL,,,,,1998,,en,https://books.google.com/books/content?id=Dk1xwkeqGI8C&printsec=frontcover&img=1&zoom=1&source=gbs_api,KEEP_B,high,metadata_keep_b,290,1
301,kQdFAAAAYAAJ,Investments,,"Frank K. Reilly, Edgar Norton",,,"To help understand how to manage one's money to derive the most from what you earn, to develop a way of analyzing and thinking about investments, and to pass on the excitement about investing, are the goals the authors have set for this edition. Global investing information, descriptive and theoretical material, practitioner investment techniques, and drawing from knowledge and readings for those preparing for the CFA exams, highlight this edition. Reilly and Norton have thoroughly revised, reorganized, and updated material, and cover the major topics logically and concisely, providing a strong base for those who want to do advanced work in investment analysis and valuation.",South Western Educational Publishing,2003,Business & Economics,en,https://books.google.com/books/content?id=kQdFAAAAYAAJ&printsec=frontcover&img=1&zoom=1&source=gbs_api,KEEP_B,high,metadata_keep_b,293,1
302,25qyAAAAIAAJ,Dictionary of Finance and Investment Terms,,"John Downes, Jordan Elliot Goodman",,,"Defines terms associated with investing, economics, accounting, finance, and banking.","Barron's Educational Series, Incorporated",2006,Business & Economics,en,https://books.google.com/books/content?id=25qyAAAAIAAJ&printsec=frontcover&img=1&zoom=1&source=gbs_api,KEEP_B,high,metadata_keep_b,294,1
303,O-zrAAAAMAAJ,Investment Cycles in Capitalist Economies,A Kaleckian Behavioural Contribution,Jerry Courvisanos,,,"The long term, expensive and uncertain nature of investment projects inhibits decision makers' confidence, making it susceptible to a wide range of factors. Incorporating behavioural and evolutionary analysis into a Kaleckian investment model, Jerry Courvisanos develops the concept of susceptibility which provides the foundation for an improved understanding of the empirically observed cyclical instability of capital accumulation. Historically based empirical patterns of cyclical manufacturing investment in capitalist economies are identified and related to how the nature of susceptibility alters over time. These alterations are shown to create different investment cycle patterns over evolving periods of economic development.",Edward Elgar Publishing,1996,Business & Economics,en,https://books.google.com/books/content?id=O-zrAAAAMAAJ&printsec=frontcover&img=1&zoom=1&source=gbs_api,KEEP_B,medium,metadata_keep_b,295,1
316,R8nxAAAAMAAJ,Trustee Investment Strategy for Endowments and Foundations,,Chris Russell,,,"Trustees are responsible for the stewardship of assets and for implementing the mission of their endowment or foundation. Almost invariably trustees delegate the management of those assets to agents who are investment professionals. In this increasingly sophisticated and litigious financial world there can be a growing gap of comprehension, exacerbated by mathematics and jargon, between trustees who are responsible and agents who are accountable. This book aims to fill that gap. The book draws on the author's own experience and research and that of generations of investment professionals and academics to explain the fundamentals of investment strategy. Key features are therefore: Foreword by George Keane (founder and former president of Commonfund, won the first ever Lifetime Achievement Award from Foundation & Endowment Money Management) one of the icons of endowment fund management in the US Aimed at professional trustees An holistic approach to strategy Avoidance of jargon and mathematics Focus on principles underlying asset strategy",John Wiley & Sons,2006,Business & Economics,en,https://books.google.com/books/content?id=R8nxAAAAMAAJ&printsec=frontcover&img=1&zoom=1&source=gbs_api,KEEP_B,medium,metadata_keep_b,308,1
328,0eYJAQAAMAAJ,Strategic Futures Trading,Contemporary Trading Systems to Maximize Profits,Jacob Bernstein,,,"Futures traders know that the key to success in speculation consists of three elements: discipline, risk management, and timing. Of the three, timing offers the most strategic possibilities. Strategic Futures Trading examines eight powerful new approaches that apply basic timing indicators to improve futures trading profitability. These indicators have been ignored in recent years in favor of ""high-tech"" systems and methods, but they still have much to offer the alert investor who knows how to apply them. These highly effective trading signals are fully and understandably described, complete with historical perspectives of their performance and concise risk management tools. Real-world examples of each strategy are illustrated with clear and revealing graphics.",Kaplan Publishing,1992,Business & Economics,en,https://books.google.com/books/content?id=0eYJAQAAMAAJ&printsec=frontcover&img=1&zoom=1&source=gbs_api,KEEP_B,high,metadata_keep_b,320,1
331,U4kiAQAAMAAJ,The Compleat Day-trader,"Trading Systems, Strategies, Timing Indicators, and Analytical Methods",Jacob Bernstein,,,"Bernstein defines a day trade as ""a trade which is entered and exited on the same day."" Using over 100 illustrations and charts, he analyzes various techniques and strategies for successful day trading in the futures market.--p. 13 and jacket.",McGraw-Hill Companies,1995,Business & Economics,en,https://books.google.com/books/content?id=U4kiAQAAMAAJ&printsec=frontcover&img=1&zoom=1&source=gbs_api,KEEP_B,high,metadata_keep_b,323,1
343,nuoJAQAAMAAJ,Continuous-time Methods and Market Microstructure,,Andrew Wen-Chuan Lo,,,"Presents a selection of the most important articles in the field of financial econometrics. Starting with a review of the philosophical background, this collection covers such topics as the random walk hypothesis, long-memory processes, asset pricing, arbitrage pricing theory, variance bounds tests, term structure models, and more.",Edward Elgar Publishing,2007,Business & Economics,en,https://books.google.com/books/content?id=nuoJAQAAMAAJ&printsec=frontcover&img=1&zoom=1&source=gbs_api,KEEP_B,high,metadata_keep_b,335,1
348,U19JS5EWBA4C,The Microstructure of Securities Markets,,Kalman J. Cohen,,,,Prentice Hall,1986,Business & Economics,en,https://books.google.com/books/content?id=U19JS5EWBA4C&printsec=frontcover&img=1&zoom=1&source=gbs_api,KEEP_B,high,metadata_keep_b,340,1
352,JlBJAAAAYAAJ,Transaction Costs and Institutional Investor Trading Strategies,,"Robert Alan Schwartz, David K. Whitcomb",,,,,1988,Financial institutions,en,https://books.google.com/books/content?id=JlBJAAAAYAAJ&printsec=frontcover&img=1&zoom=1&source=gbs_api,KEEP_B,high,metadata_keep_b,344,1
354,brAsAQAAIAAJ,Financial Futures and Options Markets,Concepts and Strategies,Robert T. Daigler,,,,HarperCollins College,1994,Business & Economics,en,https://books.google.com/books/content?id=brAsAQAAIAAJ&printsec=frontcover&img=1&zoom=1&source=gbs_api,KEEP_B,high,metadata_keep_b,346,1
357,BfS3AAAAIAAJ,International Investments,,Bruno H. Solnik,,,"This work offers a coverage of the challenges and hazards of international investment, and the case for international diversification. It also includes a treatment of international performance analysis and currency issues.",Addison Wesley Publishing Company,1996,Business & Economics,en,https://books.google.com/books/content?id=BfS3AAAAIAAJ&printsec=frontcover&img=1&zoom=1&source=gbs_api,KEEP_B,high,metadata_keep_b,349,1
358,xKlHAAAAYAAJ,Limit Order Book as a Market for Liquidity,,"Thierry Foucault, Ohad Kadan, Eugene Kandel",,,,,2001,Liquidity (Economics),en,https://books.google.com/books/content?id=xKlHAAAAYAAJ&printsec=frontcover&img=1&zoom=1&source=gbs_api,KEEP_B,high,metadata_keep_b,350,1
360,YVVSAQAAIAAJ,Regulating Exchanges and Alternative Trading Systems,A Law and Economics Perspective,"Jonathan R. Macey, Maureen O'Hara",,,,,1998,Investments,en,https://books.google.com/books/content?id=YVVSAQAAIAAJ&printsec=frontcover&img=1&zoom=1&source=gbs_api,KEEP_B,high,metadata_keep_b,352,1
365,a1EPAQAAMAAJ,Financial Statement Analysis,Using Financial Accounting Information,Charles H. Gibson,,,"Gibson does not oversimplify financial statements. Rather, it involves readers with the material by using real-world examples, with emphasis on the analysis and interpretation of the end result of financial reporting - financial statements.",South Western Educational Publishing,1998,Business & Economics,en,https://books.google.com/books/content?id=a1EPAQAAMAAJ&printsec=frontcover&img=1&zoom=1&source=gbs_api,KEEP_B,high,metadata_keep_b,356,1
366,KGgPAQAAMAAJ,Financial Statement Analysis,,"Ray Ball, S. P. Kothari",,,Textbook,McGraw-Hill Companies,1994,Business & Economics,en,https://books.google.com/books/content?id=KGgPAQAAMAAJ&printsec=frontcover&img=1&zoom=1&source=gbs_api,KEEP_B,high,metadata_keep_b,357,1
367,8TwPAQAAMAAJ,Financial Reporting and Statement Analysis,A Strategic Perspective,Clyde P. Stickney,,,"For the undergraduate or MBA course in Financial Statement Analysis offered by accounting, finance, and economics departments. This text takes a strategic approach to financial statement analysis. Not only will students apply accounting principles and procedures, but they will understand the economic conditions of a firm and the firm's particular strategies to compete in each of its businesses. This approach elevates the course from one of mechanical calculations to one that integrates concepts from economics, business strategy, accounting, and other business disciplines. This synthesizing experience rewards students both intellectually and practically.",,1996,Business & Economics,en,https://books.google.com/books/content?id=8TwPAQAAMAAJ&printsec=frontcover&img=1&zoom=1&source=gbs_api,KEEP_B,medium,metadata_keep_b,358,1
369,c-m2AAAAIAAJ,Financial Statement Analysis,"Theory, Application, and Interpretation",Leopold A. Bernstein,,,,McGraw-Hill/Irwin,1993,Business & Economics,en,https://books.google.com/books/content?id=c-m2AAAAIAAJ&printsec=frontcover&img=1&zoom=1&source=gbs_api,KEEP_B,high,metadata_keep_b,360,1
371,UuBDAQAAIAAJ,Practical Financial Statement Analysis,,Roy A. Foulke,,,,,1950,Accounting,en,https://books.google.com/books/content?id=UuBDAQAAIAAJ&printsec=frontcover&img=1&zoom=1&source=gbs_api,KEEP_B,high,metadata_keep_b,362,1
377,pNOxAAAAIAAJ,Venture's Guide to Investing in Private Companies,A Financing Manual for the Entrepreneurial Investor,"Arthur Lipper, George Ryan",,,,Irwin Professional Publishing,1984,Business & Economics,en,https://books.google.com/books/content?id=pNOxAAAAIAAJ&printsec=frontcover&img=1&zoom=1&source=gbs_api,KEEP_B,medium,metadata_keep_b,368,1
378,V3u3AAAAIAAJ,Techniques of Financial Analysis,A Guide to Value Creation,Erich A. Helfert,,,"This best-selling practical guide for managers and students of business emphasizes the financial concepts and tools that are essential for making sound business decisions in order to create shareholder value. The book's major appeal for over 35 years, with 500,000 copies in print in 9 languages, has been its direct, concise, no-nonsense approach. The 10th (millennium) edition maintains the unique perspective that any business can be viewed as a dynamic, integrated system of cash flows, which are activated by management decisions. The new edition is integrated with an advanced financial analysis and planning application, Financial Genome, which is available from www.modernsoft.com, together with free templates illustrating the key concepts and diagrams of the book.Check out Financial Genome at http: //www.modernsoft.com",McGraw-Hill/Irwin,2000,Business & Economics,en,https://books.google.com/books/content?id=V3u3AAAAIAAJ&printsec=frontcover&img=1&zoom=1&source=gbs_api,KEEP_B,high,metadata_keep_b,369,1
381,F1EPAQAAMAAJ,Understanding Financial Statements,,"Lyn M. Fraser, Aileen Ormiston",,,"A supplementary text for a variety of Business courses, including Principles of Financial Accounting, Intermediate Accounting, Investments, Personal Finance, and Financial Planning and Analysis. This classic text presents the conceptual background and analytical tools necessary to understand and interpret financial statements. The emphasis throughout is on the evaluation of financial statements and their usefulness for business decision-making - rather than on how the financial statements are constructed. Straightforward, understandable, and accessible - regardless of students background - it orients them toward what they will actually encounter in practice. By emphasizing how to solve unstructured problems and how to use accounting information for decision-making, it helps students learn how to think and reason through complex, real-world situations. *NEW - New accounting and reporting standards - Incorporated throughout, especially in regard to comprehensive income and segments. *NEW - Writing skills problems added to each chapter. *NEW - Internet problems added to each chapter. *NEW - Real corporation (PETsMART) problems added to each chapter. *Mini-cases using the financial sta",,2001,Business & Economics,en,https://books.google.com/books/content?id=F1EPAQAAMAAJ&printsec=frontcover&img=1&zoom=1&source=gbs_api,KEEP_B,medium,metadata_keep_b,372,1
393,UIEYAAAAIAAJ,Barron's Finance & Investment Handbook,,"John Downes, Jordan Elliot Goodman",,,"Previous editions of this comprehensive reference book have been called arequired reading for students, investors, and writersa by"" USA Today,"" and aa teeming reservoir of informationa by the"" Oakland Tribune."" Updated to reflect the 2006 investment climate, the new edition of Barronas"" Finance and Investment Handbook"" presents a financial dictionary of more than 5,000 terms, an analysis of many current investment opportunities, guidelines for non-experts on what to look for when reading corporate reports and financial news sources, an up-to-date directory of hundreds of publicly traded corporations in the United States and Canada, and a directory listing the names and addresses of brokerage houses, mutual funds families, banks, federal and state regulators, and other major financial institutions. Here in one big volume is indispensable information for planning and maintaining a healthy investment portfolio.",Barron's Educational Series,1990,Business & Economics,en,https://books.google.com/books/content?id=UIEYAAAAIAAJ&printsec=frontcover&img=1&zoom=1&source=gbs_api,KEEP_B,high,metadata_keep_b,384,1
395,X4RFAAAAYAAJ,Models for Investors in Real World Markets,,"James R. Thompson, Edward E. Williams, M. Chapman Findlay, III",,,"The collapse of the Scholes-Merton Long Term Capital Management (LTCM) hedge fund created quite a fiasco. It made people who thought of the efficient market-based formulae for fair prices as rigid laws question their beliefs. Inspired by the collapse, this book provides an anti-efficient markets approach to investment theory and management.",Wiley-Interscience,2003,Business & Economics,en,https://books.google.com/books/content?id=X4RFAAAAYAAJ&printsec=frontcover&img=1&zoom=1&source=gbs_api,KEEP_B,high,metadata_keep_b,386,1
401,8EAfAQAAIAAJ,Forecasting Volatility in the Financial Markets,,"John Knight, Stephen Satchell",,,"An aid to understanding the significance of volatility in the financial market, this text details modelling/forecasting techniques and uses a technical survey to define the models of volatility and return and explain the ways to measure risk. Applications in the financial markets are then detailed.",Butterworth-Heinemann,1998,Business & Economics,en,https://books.google.com/books/content?id=8EAfAQAAIAAJ&printsec=frontcover&img=1&zoom=1&source=gbs_api,KEEP_B,high,metadata_keep_b,392,1
405,U2laAAAAYAAJ,Microstructure,The Organization of Trading and Short Term Price Behavior,Hans R. Stoll,,,,,1999,Capital market,en,https://books.google.com/books/content?id=U2laAAAAYAAJ&printsec=frontcover&img=1&zoom=1&source=gbs_api,KEEP_B,high,metadata_keep_b,396,1
406,u6i3AAAAIAAJ,The Dow Jones-Irwin Guide to Trading Systems,,Bruce Babcock,,,"Comprehensive and authoritative description of the theory, creation, and use of mechanical trading systems. Presents historical tests of various trading systems approaches in 10 markets over a 5 year period.",McGraw-Hill Professional Publishing,1989,Business & Economics,en,https://books.google.com/books/content?id=u6i3AAAAIAAJ&printsec=frontcover&img=1&zoom=1&source=gbs_api,KEEP_B,high,metadata_keep_b,397,1
407,--LHAAAAIAAJ,Risk Management and Financial Derivatives,A Guide to the Mathematics,Satyajit Das,,,"""Risk Management and Financial Derivatives: A Guide to the Mathematics meets the demand for a simple, nontechnical explanation of the methodology of risk management and financial derivatives."" ""Risk Management and Financial Derivatives provides clear, concise explanations of the mathematics behind today's complex financial risk management topics. An ideal introduction for those new to the subject, it will also serve as an indispensable reference for those already experienced in the field.""--BOOK JACKET.Title Summary field provided by Blackwell North America, Inc. All Rights Reserved",McGraw-Hill Companies,1998,Business & Economics,en,https://books.google.com/books/content?id=--LHAAAAIAAJ&printsec=frontcover&img=1&zoom=1&source=gbs_api,KEEP_B,high,metadata_keep_b,398,1
408,at0PAQAAMAAJ,Technical Traders Guide to Computer Analysis of the Futures Markets,,"Charles Lebeau, David W. Lucas",,,"With the low cost of modern computer hardware and software combined with the communication of price data via satellite, a new and rapidly expanding market of traders using computers has developed. This essential book bridges the gap between the basic instruction that comes with software programs and what a trader actually needs to know to develop and text profitable futures trading system. With specific information on how to set up and use computer-generated technical studies of the most popular indicators, the book includes: How to build a trading system tailored to the reader's specific need; Practical instruction on how to display and analyze technical information; Advice for developing well disciplined money management and risk control strategies; techniques for monitoring a trading system to detect if something has gone wrong before major losses occur.",McGraw-Hill Companies,1992,Business & Economics,en,https://books.google.com/books/content?id=at0PAQAAMAAJ&printsec=frontcover&img=1&zoom=1&source=gbs_api,KEEP_B,high,metadata_keep_b,399,1
409,dQm4AAAAIAAJ,Global Equity Markets,"Technological, Competitive, and Regulatory Challenges",Robert Alan Schwartz,,,"The global equity market structure faces constant change and development. This timely resource is for financial professionals who want to understand the full scope of these changes, as well as the range of challenges they pose. In this book, noted regulators, scholars, and other professionals assess the current state of major and emerging global securities markets and the forces that move them.",Irwin Professional Publishing,1995,Business & Economics,en,https://books.google.com/books/content?id=dQm4AAAAIAAJ&printsec=frontcover&img=1&zoom=1&source=gbs_api,KEEP_B,high,metadata_keep_b,400,1
411,Q_AJAQAAMAAJ,The New Laws of the Stock Market Jungle,An Insider's Guide to Successful Investing in a Changing World,Michael J. Panzner,,,"Today's radically new equity markets: what every investor must know to survive . . . and thrive. bull; Why many of yesterday's key indicators and market patterns simply don't work anymore - and what to do about it. bull; How e-trading, instant messaging, and hedge funds are causing unprecedented market volatility. bull; Develop an appropriate investment strategy based on today's new realities.",Financial Times/Prentice Hall,2005,Business & Economics,en,https://books.google.com/books/content?id=Q_AJAQAAMAAJ&printsec=frontcover&img=1&zoom=1&source=gbs_api,KEEP_B,high,metadata_keep_b,402,1
420,Rk13rgEACAAJ,The Intelligent Investor,The Definitive Book on Value Investing,Benjamin Graham,9780062312686,9780062312686,,,2013,Investments,en,https://books.google.com/books/content?id=Rk13rgEACAAJ&printsec=frontcover&img=1&zoom=1&source=gbs_api,AUTO_KEEP,,auto_keep_annotation,411,1
421,TnrrDwAAQBAJ,The Psychology of Money,"Timeless lessons on wealth, greed, and happiness",Morgan Housel,9780857197696,9780857197696,"The Sunday Times Number One Bestseller. Over 10 million copies sold around the world. The original book from Morgan Housel, the New York Times and Sunday Times bestselling author of Same As Ever and The Art of Spending Money. As featured on the Dr Chatterjee podcast Feel Better, Live More and the Diary of a CEO podcast with Steven Bartlett. Doing well with money isn't necessarily about what you know. It's about how you behave. And behavior is hard to teach, even to really smart people. Money – investing, personal finance, and business decisions – is typically taught as a math-based field, where data and formulas tell us exactly what to do. But in the real world people don't make financial decisions on a spreadsheet. They make them at the dinner table, or in a meeting room, where personal history, your own unique view of the world, ego, pride, marketing, and odd incentives are scrambled together. In The Psychology of Money, award-winning author Morgan Housel shares 19 short stories exploring the strange ways people think about money and teaches you how to make better sense of one of life's most important topics.",Harriman House Limited,2020,Business & Economics,en,https://books.google.com/books/content?id=TnrrDwAAQBAJ&printsec=frontcover&img=1&zoom=1&edge=curl&source=gbs_api,AUTO_KEEP,,pin,412,1
422,8SL6VVMa9AcC,Trading in the Zone,"Master the Market with Confidence, Discipline, and a Winning Attitude",Mark Douglas,9781440625411,9781440625411,"Douglas uncovers the underlying reasons for lack of consistency and helps traders overcome the ingrained mental habits that cost them money. He takes on the myths of the market and exposes them one by one teaching traders to look beyond random outcomes, to understand the true realities of risk, and to be comfortable with the ""probabilities"" of market movement that governs all market speculation.",Penguin,2001,Business & Economics,en,https://books.google.com/books/content?id=8SL6VVMa9AcC&printsec=frontcover&img=1&zoom=1&edge=curl&source=gbs_api,AUTO_KEEP,,auto_keep_annotation,413,1
423,Z9GNzwEACAAJ,Big Debt Crises,,Ray Dalio,9780578565651,9780578565651,"""Ray Dalio's excellent study provides an innovative way of thinking about debt crises and the policy response."" - Ben Bernanke ​""Ray Dalio's book is must reading for anyone who aspires to prevent or manage through the next financial crisis."" - Larry Summers ""A terrific piece of work from one of the world's top investors who has devoted his life to understanding markets and demonstrated that understanding by navigating the 2008 financial crisis well."" - Hank Paulson ""An outstanding history of financial crises, including the devastating crisis of 2008, with a very valuable framework for understanding why the engine of the financial system occasionally breaks down, and what types of policy actions by central banks and governments are necessary to resolve systemic financial crises. This should serve as a play book for future policy makers, with practical guidance about what to do and what not to do."" - Tim Geithner ""Dalio's approach, as in his investment management, is to synthesize information, and to convert a sprawling and multi-faceted issue into a clear-cut process of cause and effect. Critically, he simplifies without over-simplifying."" - Financial Times For the 10th anniversary of the 2008 financial crisis, one of the world's most successful investors, Ray Dalio, shares his unique template for how debt crises work and principles for dealing with them well. This template allowed his firm, Bridgewater Associates, to anticipate events and navigate them well while others struggled badly. As he explained in his #1 New York Times Bestseller, Principles: Life & Work, Dalio believes that most everything happens over and over again through time so that by studying their patterns one can understand the cause-effect relationships behind them and develop principles for dealing with them well. In this 3-part research series, he does that for big debt crises and shares his template in the hopes reducing the chances of big debt crises happening and helping them be better managed in the future. The template comes in three parts:: 1) The Archetypal Big Debt Cycle (which explains the template), 2) 3 Detailed Cases (which examines in depth the 2008 financial crisis, the 1930's Great Depression, and the 1920's inflationary depression of Germany's Weimar Republic), and 3) Compendium of 48 Cases (which is a compendium of charts and brief descriptions of the worst debt crises of the last 100 years). Whether you're an investor, a policy maker, or are simply interested, the unconventional perspective of one of the few people who navigated the crises successfully, Principles for Navigating Big Debt Crises will help you understand the economy and markets in revealing new ways.",,2020,,en,,AUTO_KEEP,,auto_keep_annotation,414,1
424,t-TQCwAAQBAJ,Trading and Exchanges,Market Microstructure for Practitioners,Larry Harris,9780199726547,9780199726547,"This book is about trading, the people who trade securities and contracts, the marketplaces where they trade, and the rules that govern it. Readers will learn about investors, brokers, dealers, arbitrageurs, retail traders, day traders, rogue traders, and gamblers; exchanges, boards of trade, dealer networks, ECNs (electronic communications networks), crossing markets, and pink sheets. Also covered in this text are single price auctions, open outcry auctions, and brokered markets limit orders, market orders, and stop orders. Finally, the author covers the areas of program trades, block trades, and short trades, price priority, time precedence, public order precedence, and display precedence, insider trading, scalping, and bluffing, and investing, speculating, and gambling.",Oxford University Press,2002,Business & Economics,en,https://books.google.com/books/content?id=t-TQCwAAQBAJ&printsec=frontcover&img=1&zoom=1&edge=curl&source=gbs_api,AUTO_KEEP,,auto_keep_annotation,415,1
425,5NAZE-RBJoEC,Trade Your Way to Financial Freedom,,Van K. Tharp,9780070647626,9780070647626,"The famed psychologist--featured in the bestselling ""Market Wizards""--reveals his secrets to successful trading. Tharp clearly outlines a program for both individual investors and professionals to construct their own truly personal trading system. 50 illustrations.",McGraw Hill Professional,1999,Business & Economics,en,https://books.google.com/books/content?id=5NAZE-RBJoEC&printsec=frontcover&img=1&zoom=1&source=gbs_api,AUTO_KEEP,,auto_keep_annotation,416,1
426,mna7CdjGdcYC,Come Into My Trading Room,A Complete Guide to Trading,Alexander Elder,9780471273820,9780471273820,"The trading bible for the new millennium In Come Into My Trading Room, noted trader and author Dr. Alexander Elder returns to expand far beyond the three M's (Mind, Method, and Money) of his bestselling Trading for a Living. Shifting focus from technical analysis to the overall management of a trader's money, time, and strategy, Dr. Elder takes readers from the fundamentals to the secrets of being a successful trader--identifying new, little known indicators that can lead to huge profits. Come Into My Trading Room educates the novice and fortifies the professional through expert advice and proven trading methodologies. This comprehensive trading guide provides a complete introduction to the essentials of successful trading; a fresh look at the three M's, including a proven, step-by-step money management strategy; and an in-depth look at organizing your trading time. Come Into My Trading Room reviews the basics of trading stocks, futures, and options as well as crucial psychological tactics for discipline and organization—with the goal of turning anyone into a complete and successful trader. By showing traders how to combine the elements of mind, method, and money, Come Into My Trading Room gives readers the knowledge and insight to enter the market with confidence and exit with profits. Unparalleled depth and a wide range of coverage will keep all levels of traders engaged, informed, and returning to Come Into My Trading Room again and again. Dr. Alexander Elder (New York, NY) is a professional trader, technical analysis expert, and practicing psychiatrist. He is the founder of Financial Trading Inc., providing intensive trading camps to traders all over the world. Elder's first book Trading for a Living (Wiley: 0471592242) and the companion study guide have sold over 160,000 copies.",John Wiley & Sons,2002,Business & Economics,en,https://books.google.com/books/content?id=mna7CdjGdcYC&printsec=frontcover&img=1&zoom=1&edge=curl&source=gbs_api,AUTO_KEEP,,auto_keep_annotation,417,1
427,237PaZVtDjMC,The New Sell and Sell Short,"How To Take Profits, Cut Losses, and Benefit From Price Declines",Alexander Elder,9781118005576,9781118005576,"A detailed look at one of the most underestimated aspects of trading-selling In The New Sell and Sell Short, Second Edition, Dr. Alexander Elder explains how to exit a stock at the right time and how to initiate a short position to profit from a stock that is showing weakness. Often overlooked, selling properly enables a trader to cut losses and maximize profits. Moreover, short selling in a weak market can generate big profits and should be a part of every trader's arsenal of tools. The new edition contains numerous examples of short selling stocks from the 2008-2009 bear market, demonstrating very clearly why traders do themselves a disservice by only focusing on the long side. In addition, the new edition contains an extensive study guide to help readers master the material prior to trading. Elder shares real-world examples that show how to manage your positions by adjusting your exit points as a trade unfolds. Contains new examples and insights from the 2008-2009 market meltdown Includes an extensive study guide with 115 questions and answers and 17 chart studies Discusses the selling process from a variety of angles: technical, fundamental, and psychological Explains how to maximize winnings in a profitable trade and how to minimize losses when a trade doesn't go as planned Offers detailed guidance for traders of stocks, financial futures, commodities, and currencies Explains how to set profit targets and stop-loss orders prior to entering any trade Other bestselling titles by Elder: Trading for a Living, Come Into My Trading Room, and Entries and Exits Understanding where and when to sell is essential to successful trading. The New Sell and Sell Short, Second Edition is the definitive reference to this overlooked, but vitally important, aspect of trading.",John Wiley & Sons,2011,Business & Economics,en,https://books.google.com/books/content?id=237PaZVtDjMC&printsec=frontcover&img=1&zoom=1&edge=curl&source=gbs_api,AUTO_KEEP,,auto_keep_annotation,418,1
428,rSkyvwEACAAJ,Entries & Exits,Visits to Sixteen Trading Rooms,Alexander Elder,,,,,2006,,en,,AUTO_KEEP,,auto_keep_annotation,419,1
429,jbD47VkOHAEC,Evidence-Based Technical Analysis,Applying the Scientific Method and Statistical Inference to Trading Signals,David Aronson,9781118160589,9781118160589,"Evidence-Based Technical Analysis examines how you can apply the scientific method, and recently developed statistical tests, to determine the true effectiveness of technical trading signals. Throughout the book, expert David Aronson provides you with comprehensive coverage of this new methodology, which is specifically designed for evaluating the performance of rules/signals that are discovered by data mining.",John Wiley & Sons,2011,Business & Economics,en,https://books.google.com/books/content?id=jbD47VkOHAEC&printsec=frontcover&img=1&zoom=1&edge=curl&source=gbs_api,AUTO_KEEP,,auto_keep_annotation,420,1
430,pSUJAQAAMAAJ,Market Wizards,Interviews with Top Traders,Jack D. Schwager,,,This is one of the best-selling investment titles of all time. A collection of interviews with top traders gives insights into their stories of extraordinary investment success. Learn how these pros converted financial set-backs into greater-than-ever riches.,HarperPerennial,1990,Business & Economics,en,https://books.google.com/books/content?id=pSUJAQAAMAAJ&printsec=frontcover&img=1&zoom=1&source=gbs_api,AUTO_KEEP,,auto_keep_annotation,421,1
431,3cioifqOLxkC,A Random Walk Down Wall Street,The Time-tested Strategy for Successful Investing,Burton Gordon Malkiel,9780393325355,9780393325355,This vastly informative guide shows how to navigate the turbulence on Wall Street and beat the pros at their own game.,W. W. Norton & Company,2003,Business & Economics,en,https://books.google.com/books/content?id=3cioifqOLxkC&printsec=frontcover&img=1&zoom=1&source=gbs_api,AUTO_KEEP,,auto_keep_annotation,422,1
432,hMY2DwAAQBAJ,The Little Book of Common Sense Investing,The Only Way to Guarantee Your Fair Share of Stock Market Returns,John C. Bogle,9781119404521,9781119404521,"The best-selling investing ""bible"" offers new information, new insights, and new perspectives The Little Book of Common Sense Investing is the classic guide to getting smart about the market. Legendary mutual fund pioneer John C. Bogle reveals his key to getting more out of investing: low-cost index funds. Bogle describes the simplest and most effective investment strategy for building wealth over the long term: buy and hold, at very low cost, a mutual fund that tracks a broad stock market Index such as the S&P 500. While the stock market has tumbled and then soared since the first edition of Little Book of Common Sense was published in April 2007, Bogle's investment principles have endured and served investors well. This tenth anniversary edition includes updated data and new information but maintains the same long-term perspective as in its predecessor. Bogle has also added two new chapters designed to provide further guidance to investors: one on asset allocation, the other on retirement investing. A portfolio focused on index funds is the only investment that effectively guarantees your fair share of stock market returns. This strategy is favored by Warren Buffett, who said this about Bogle: ""If a statue is ever erected to honor the person who has done the most for American investors, the hands-down choice should be Jack Bogle. For decades, Jack has urged investors to invest in ultra-low-cost index funds. . . . Today, however, he has the satisfaction of knowing that he helped millions of investors realize far better returns on their savings than they otherwise would have earned. He is a hero to them and to me."" Bogle shows you how to make index investing work for you and help you achieve your financial goals, and finds support from some of the world's best financial minds: not only Warren Buffett, but Benjamin Graham, Paul Samuelson, Burton Malkiel, Yale’s David Swensen, Cliff Asness of AQR, and many others. This new edition of The Little Book of Common Sense Investing offers you the same solid strategy as its predecessor for building your financial future. Build a broadly diversified, low-cost portfolio without the risks of individual stocks, manager selection, or sector rotation. Forget the fads and marketing hype, and focus on what works in the real world. Understand that stock returns are generated by three sources (dividend yield, earnings growth, and change in market valuation) in order to establish rational expectations for stock returns over the coming decade. Recognize that in the long run, business reality trumps market expectations. Learn how to harness the magic of compounding returns while avoiding the tyranny of compounding costs. While index investing allows you to sit back and let the market do the work for you, too many investors trade frantically, turning a winner's game into a loser's game. The Little Book of Common Sense Investing is a solid guidebook to your financial future.",John Wiley & Sons,2017,Business & Economics,en,https://books.google.com/books/content?id=hMY2DwAAQBAJ&printsec=frontcover&img=1&zoom=1&edge=curl&source=gbs_api,AUTO_KEEP,,pin,423,1
433,NYh93U24mesC,The Little Book That Builds Wealth,,Pat Dorsey,9781459607156,9781459607156,A practical handbook explains how to build an economic moat--or competitive advantage--that can be applied to any investment situation to find companies that possess good growth fundamentals as well as an attractive stock price.,ReadHowYouWant.com,2010,Business & Economics,en,https://books.google.com/books/content?id=NYh93U24mesC&printsec=frontcover&img=1&zoom=1&edge=curl&source=gbs_api,AUTO_KEEP,,auto_keep_annotation,424,1
434,cb6_SJN09qoC,The Four Pillars of Investing,,William J. Bernstein,9780071423472,9780071423472,"Sound, sensible advice from a hero to frustrated investors everywhere William Bernstein's The Four Pillars of Investing gives investors the tools they need to construct top-returning portfolios--without the help of a financial adviser. In a relaxed, nonthreatening style, Dr. Bernstein provides a distinctive blend of market history, investing theory, and behavioral finance, one designed to help every investor become more self-sufficient and make better-informed investment decisions. The 4 Pillars of Investing explains how any investor can build a solid foundation for investing by focusing on four essential lessons, each building upon the other. Containing all of the tools needed to achieve investing success, without the help of a financial advisor, it presents: Practical investing advice based on fascinating history lessons from the market Exercises to determine risk tolerance as an investor An easy-to-understand explanation of risk and reward in the capital markets",McGraw Hill Professional,2002,Business & Economics,en,https://books.google.com/books/content?id=cb6_SJN09qoC&printsec=frontcover&img=1&zoom=1&source=gbs_api,AUTO_KEEP,,auto_keep_annotation,425,1
435,bju_QwAACAAJ,Security Analysis,Principles and Technique,"Benjamin Graham, David Le Fevre Dodd",9780071623551,9780071623551,,,2009,Investment analysis,en,,AUTO_KEEP,,auto_keep_annotation,426,1
436,1QpjAAAACAAJ,Margin of Safety,Risk-averse Value Investing Strategies for the Thoughtful Investor,Seth A. Klarman,9780887305108,9780887305108,"Tells how to avoid investment fads, explains the basic concepts of value-investment philosophy, and offers advice on portfolio management",Harpercollins,1991,Business & Economics,en,https://books.google.com/books/content?id=1QpjAAAACAAJ&printsec=frontcover&img=1&zoom=1&source=gbs_api,AUTO_KEEP,,auto_keep_annotation,427,1
437,njy3PQAACAAJ,The Essays of Warren Buffett,Lessons for Investors and Managers,Warren Buffett,9780470824412,9780470824412,This collection of Buffett essays has been widely acknowledged as the most authoritative book on Buffett's investment philosophy. According to Buffett himself: Larry has done a great job at collating our philosophy. His book is far better than any of the biographies written to date.,John Wiley & Sons,2009,Accounting,en,https://books.google.com/books/content?id=njy3PQAACAAJ&printsec=frontcover&img=1&zoom=1&source=gbs_api,AUTO_KEEP,,auto_keep_annotation,428,1
438,AKwWNQjLQQ4C,Common Stocks and Uncommon Profits,,Philip A. Fisher,9780471246091,9780471246091,Not Obtainable,John Wiley & Sons,1997,Business & Economics,en,https://books.google.com/books/content?id=AKwWNQjLQQ4C&printsec=frontcover&img=1&zoom=1&edge=curl&source=gbs_api,AUTO_KEEP,,auto_keep_annotation,429,1
439,TYOdIrFJ2SkC,One Up On Wall Street,How To Use What You Already Know To Make Money In The Market,Peter Lynch,9781439126158,9781439126158,"More than one million copies have been sold of this seminal book on investing in which legendary mutual-fund manager Peter Lynch explains the advantages that average investors have over professionals and how they can use these advantages to achieve financial success. America’s most successful money manager tells how average investors can beat the pros by using what they know. According to Lynch, investment opportunities are everywhere. From the supermarket to the workplace, we encounter products and services all day long. By paying attention to the best ones, we can find companies in which to invest before the professional analysts discover them. When investors get in early, they can find the “tenbaggers,” the stocks that appreciate tenfold from the initial investment. A few tenbaggers will turn an average stock portfolio into a star performer. Lynch offers easy-to-follow advice for sorting out the long shots from the no-shots by reviewing a company’s financial statements and knowing which numbers really count. He offers guidelines for investing in cyclical, turnaround, and fast-growing companies. As long as you invest for the long term, Lynch says, your portfolio can reward you. This timeless advice has made One Up on Wall Street a #1 bestseller and a classic book of investment know-how.",Simon and Schuster,2012,Business & Economics,en,https://books.google.com/books/content?id=TYOdIrFJ2SkC&printsec=frontcover&img=1&zoom=1&edge=curl&source=gbs_api,AUTO_KEEP,,auto_keep_annotation,430,1
440,2n0VImAHVv0C,The Most Important Thing,Uncommon Sense for the Thoughtful Investor,Howard Marks,9780231527095,9780231527095,"""This is that rarity, a useful book.""--Warren Buffett Howard Marks, the chairman and cofounder of Oaktree Capital Management, is renowned for his insightful assessments of market opportunity and risk. After four decades spent ascending to the top of the investment management profession, he is today sought out by the world's leading value investors, and his client memos brim with insightful commentary and a time-tested, fundamental philosophy. Now for the first time, all readers can benefit from Marks's wisdom, concentrated into a single volume that speaks to both the amateur and seasoned investor. Informed by a lifetime of experience and study, The Most Important Thing explains the keys to successful investment and the pitfalls that can destroy capital or ruin a career. Utilizing passages from his memos to illustrate his ideas, Marks teaches by example, detailing the development of an investment philosophy that fully acknowledges the complexities of investing and the perils of the financial world. Brilliantly applying insight to today's volatile markets, Marks offers a volume that is part memoir, part creed, with a number of broad takeaways. Marks expounds on such concepts as ""second-level thinking,"" the price/value relationship, patient opportunism, and defensive investing. Frankly and honestly assessing his own decisions--and occasional missteps--he provides valuable lessons for critical thinking, risk assessment, and investment strategy. Encouraging investors to be ""contrarian,"" Marks wisely judges market cycles and achieves returns through aggressive yet measured action. Which element is the most essential? Successful investing requires thoughtful attention to many separate aspects, and each of Marks's subjects proves to be the most important thing.",Columbia University Press,2011,Business & Economics,en,https://books.google.com/books/content?id=2n0VImAHVv0C&printsec=frontcover&img=1&zoom=1&edge=curl&source=gbs_api,AUTO_KEEP,,auto_keep_annotation,431,1
441,66xTDwAAQBAJ,You Can Be a Stock Market Genius,Uncover the Secret Hiding Places of Stock Market Profits,Joel Greenblatt,9780684840079,9780684840079,"Fund manager Joel Greenblatt has been beating the Dow (with returns of 50 percent a year) for more than a decade. And now, in this highly accessible guide, he's going to show you how to do it, too. You're about to discover investment opportunities that portfolio managers, business-school professors, and top investment experts regularly miss -- uncharted areas where the individual investor has a huge advantage over the Wall Street wizards. Here is your personal treasure map to special situations in which big profits are possible, including: * Spin-offs * Restructurings * Merger Securities * Mergers * Rights Offerings * Recapitalizations * Bankruptcies * Risk Arbitrage This is a practical and easy-to-use investment reference, filled with case studies, important background information, and all the tools you'll need. All it takes is a little extra time and effort -- and you can be a stock market genius.",Simon and Schuster,1999,Business & Economics,en,https://books.google.com/books/content?id=66xTDwAAQBAJ&printsec=frontcover&img=1&zoom=1&edge=curl&source=gbs_api,AUTO_KEEP,,auto_keep_annotation,432,1
442,dkeyU_3FhsMC,The Little Book That Beats the Market,,Joel Greenblatt,9780471773627,9780471773627,"Two years in MBA school won't teach you how to double the market's return. Two hours with The Little Book That Beats the Market will. In The Little Book, Joel Greenblatt, Founder and Managing Partner at Gotham Capital (with average annualized returns of 40% for over 20 years), does more than simply set out the basic principles for successful stock market investing. He provides a ""magic formula"" that is easy to use and makes buying good companies at bargain prices automatic. Though the formula has been extensively tested and is a breakthrough in the academic and professional world, Greenblatt explains it using 6th grade math, plain language and humor. You'll learn how to use this low risk method to beat the market and professional managers by a wide margin. You'll also learn how to view the stock market, why success eludes almost all individual and professional investors, and why the formula will continue to work even after everyone ""knows"" it.",Wiley,2006,Business & Economics,en,https://books.google.com/books/content?id=dkeyU_3FhsMC&printsec=frontcover&img=1&zoom=1&source=gbs_api,AUTO_KEEP,,auto_keep_annotation,433,1
443,2unAEAAAQBAJ,Poor Charlie’s Almanack,The Essential Wit and Wisdom of Charles T. Munger,Charles T. Munger,9781953953247,9781953953247,"From the legendary vice-chairman of Berkshire Hathaway, lessons in investment strategy, philanthropy, and living a rational and ethical life. “Spend each day trying to be a little wiser than you were when you woke up,” Charles T. Munger advises in Poor Charlie’s Almanack. Originally published in 2005, this compendium of eleven talks delivered by the legendary Berkshire Hathaway vice-chairman between 1986 and 2007 has become a touchstone for a generation of investors and entrepreneurs seeking to absorb the enduring wit and wisdom of one of the great minds of the 20th and 21st centuries. Edited by Peter D. Kaufman, chairman and CEO of Glenair and longtime friend of Charlie Munger—whom he calls “this generation’s answer to Benjamin Franklin”—this abridged Stripe Press edition of Poor Charlie’s Almanack features a brand-new foreword by Stripe cofounder John Collison. Poor Charlie’s Almanack draws on Munger’s encyclopedic knowledge of business, finance, history, philosophy, physics, and ethics—and more besides—to introduce the latticework of mental models that underpin his rational and rigorous approach to life, learning, and decision-making. Delivered with Munger’s characteristic sharp wit and rhetorical flair, it is an essential volume for any reader seeking to go to bed a little wiser than when they woke up.",Stripe Press,2023,Business & Economics,en,https://books.google.com/books/content?id=2unAEAAAQBAJ&printsec=frontcover&img=1&zoom=1&edge=curl&source=gbs_api,AUTO_KEEP,,auto_keep_annotation,434,1
444,XCL9bkrOrpcC,Equity Asset Valuation,,"Jerald E. Pinto, Elaine Henry, Thomas R. Robinson, John D. Stowe",9780470579657,9780470579657,"A comprehensive look at the equity valuation process With the Second Edition of Equity Asset Valuation, the distinguished team of Jerald Pinto, Elaine Henry, Thomas Robinson, and John Stowe, fully update information associated with this important discipline. Blending theory with practice, they detail the contemporary techniques used to determine the intrinsic value of an equity security, and show you how to successfully apply these techniques in both foreign and domestic markets. Unlike alternative works in this field, the Second Edition of Equity Asset Valuation clearly integrates finance and accounting concepts into the discussion-providing the evenness of subject matter treatment, consistency of notation, and continuity of topic coverage that is so critical to the learning process. Addresses essential issues in this arena, including the equity valuation process, discounted dividend valuation, free cash flow valuation, and residual income valuation Each author brings his own unique experiences and perspectives to the equity analysis process Distills the knowledge, skills, and abilities you need to succeed in today's fast-paced financial environment Companion Workbook also available Valuable for classroom study, self-study, and general reference, this book contains clear, example-driven coverage of many of today's most important valuation issues.",John Wiley & Sons,2010,Business & Economics,en,https://books.google.com/books/content?id=XCL9bkrOrpcC&printsec=frontcover&img=1&zoom=1&edge=curl&source=gbs_api,AUTO_KEEP,,auto_keep_annotation,435,1
445,sLQhYjndgwEC,Investment Valuation,Tools and Techniques for Determining the Value of Any Asset,Aswath Damodaran,9780471414902,9780471414902,"Valuation is a topic that is extensively covered in business degree programs throughout the country. Damodaran's revisions to ""Investment Valuation"" are an addition to the needs of these programs.",John Wiley & Sons,2002,Business & Economics,en,https://books.google.com/books/content?id=sLQhYjndgwEC&printsec=frontcover&img=1&zoom=1&edge=curl&source=gbs_api,AUTO_KEEP,,auto_keep_annotation,436,1
446,3MPnCgAAQBAJ,Quality Investing,Owning the best companies for the long term,"Torkell T. Eide, Patrick Hargreaves, Lawrence A. Cunningham",9780857195012,9780857195012,"Quality. We all make judgments about it every day. Yet articulating a clear definition of quality in an investing context is challenging. This book addresses the challenge, and distills years of practical investing experience into a definitive account of this under-explored investment philosophy. Finance theory has it that abnormal outcomes do not persist, that exceptional performance will soon enough become average performance. Quality investing involves seeking companies with the right attributes to overcome these forces of mean reversion and, crucially, owning these outstanding companies for the long term. This book pinpoints and explains the characteristics that increase the probability of a company prospering over time - as well as those that hinder such chances. Throughout, a series of fascinating real-life case studies illustrate the traits that signify quality, as well as some that flatter to deceive. The authors' firm, AKO Capital, has a strong track record of finding and investing in quality companies - helping it deliver a compound annual growth rate more than double that of the market since inception. <i>Quality Investing</i> sheds light on the investment philosophy, processes and tough lessons that have contributed to this consistent outperformance.",Harriman House Limited,2016,Business & Economics,en,https://books.google.com/books/content?id=3MPnCgAAQBAJ&printsec=frontcover&img=1&zoom=1&edge=curl&source=gbs_api,AUTO_KEEP,,auto_keep_annotation,437,1
447,tH4MwgEACAAJ,Financial Shenanigans,"How to Detect Accounting Gimmicks and Fraud in Financial Reports, Fourth Edition","Howard M. Schilit, Yoni Engelhart, Jeremy Perler",,,"Shining a light on the most shocking frauds and financial reporting offenders, this unparalleled guide gives investors the tools they need to spot deceptive financial reporting in the global markets. --",,2018,Fraud,en,,AUTO_KEEP,,auto_keep_annotation,438,1
448,vGk00l8PqeMC,Common Sense on Mutual Funds,New Imperatives for the Intelligent Investor,John C. Bogle,9780471392286,9780471392286,"""A critical look at the mutual fund industry and how we invest, and ... a compelling course for change.""--Jacket.",John Wiley & Sons,2000,Business & Economics,en,https://books.google.com/books/content?id=vGk00l8PqeMC&printsec=frontcover&img=1&zoom=1&edge=curl&source=gbs_api,AUTO_KEEP,,auto_keep_annotation,439,1
449,vpsrAQAAMAAJ,All About Asset Allocation,The Easy Way to Get Started,Richard Ferri,,,"All About Asset Allocation goes beyond sound-bite financial columns and TV programs to explain asset allocation in terms that anyone can under- stand. Using a concise style, it features straight- forward explanations of asset allocation, a review of the asset allocation process, and guidelines for implementing strategies and programs.",McGraw-Hill,2006,Business & Economics,en,https://books.google.com/books/content?id=vpsrAQAAMAAJ&printsec=frontcover&img=1&zoom=1&source=gbs_api,AUTO_KEEP,,auto_keep_annotation,440,1
450,P7TCSLpJ7AYC,Asset Allocation: Balancing Financial Risk,,Roger C. Gibson,9780071378017,9780071378017,"Financial experts agree: Asset allocation is the key strategies for maintaining a consistent yet superior rate of investment return. Now, Roger Gibson's Asset Allocation - the bestselling reference book on this popular subject for a decade has been updated to keep pace with the latest developments and findings. This Third Edition provides step-by-step strategies for implementing asset allocation in a high return/low risk portfolio, educating financial planning clients on the solid logic behind asset allocation, and more.",McGraw Hill Professional,2000,Business & Economics,en,https://books.google.com/books/content?id=P7TCSLpJ7AYC&printsec=frontcover&img=1&zoom=1&edge=curl&source=gbs_api,AUTO_KEEP,,auto_keep_annotation,441,1
451,lujLawVLS3YC,Fixed Income Analysis,,Frank J. Fabozzi,9780470107843,9780470107843,"In the Second Edition of Fixed Income Analysis, financial expert Frank Fabozzi and a team of knowledgeable contributors provide complete coverage of the most important issues in fixed income analysis. Now, in Fixed Income Analysis Workbook, Second Edition, Fabozzi offers you a wealth of practical information and exercises that will solidify your understanding of the tools and techniques associated with this discipline. This comprehensive study guide--which parallels the main book chapter by chapter--contains challenging problems and a complete set of solutions as well as concise learning outcome statements and summary overviews. If you want to make the most of your time in the fixed income marketplace, the lessons within this workbook can show you how. Topics reviewed include: The risks associated with investing in fixed income securities The fundamentals of valuation and interest rate risk The features of structured products--such as mortgage-backed securities and asset-backed securities The principles of credit analysis The valuation of fixed income securities with embedded options",John Wiley & Sons,2007,Business & Economics,en,https://books.google.com/books/content?id=lujLawVLS3YC&printsec=frontcover&img=1&zoom=1&edge=curl&source=gbs_api,AUTO_KEEP,,auto_keep_annotation,442,1
452,G17OAwAAQBAJ,The Bogleheads' Guide to Investing,,"Mel Lindauer, Taylor Larimore, Michael LeBoeuf",9781118922361,9781118922361,"The irreverent guide to investing, Boglehead style The Boglehead's Guide to Investing is a DIY handbook that espouses the sage investment wisdom of John C. Bogle. This witty and wonderful book offers contrarian advice that provides the first step on the road to investment success, illustrating how relying on typical ""common sense"" promoted by Wall Street is destined to leave you poorer. This updated edition includes new information on backdoor Roth IRAs and ETFs as mainstream buy and hold investments, estate taxes and gifting, plus changes to the laws regarding Traditional and Roth IRAs, and 401k and 403b retirement plans. With warnings and principles both precisely accurate and grandly counterintuitive, the Boglehead authors show how beating the market is a zero-sum game. Investing can be simple, but it's certainly not simplistic. Over the course of twenty years, the followers of John C. Bogle have evolved from a loose association of investors to a major force with the largest and most active non-commercial financial forum on the Internet. The Boglehead's Guide to Investing brings that communication to you with comprehensive guidance to the investment prowess on display at Bogleheads.org. You'll learn how to craft your own investment strategy using the Bogle-proven methods that have worked for thousands of investors, and how to: Choose a sound financial lifestyle and diversify your portfolio Start early, invest regularly, and know what you're buying Preserve your buying power, keeping costs and taxes low Throw out the ""good"" advice promoted by Wall Street that leads to investment failure Financial markets are essentially closed systems in which one's gain garners another's loss. Investors looking for a roadmap to successfully navigating these choppy waters long-term will find expert guidance, sound advice, and a little irreverent humor in The Boglehead's Guide to Investing.",John Wiley & Sons,2014,Business & Economics,en,https://books.google.com/books/content?id=G17OAwAAQBAJ&printsec=frontcover&img=1&zoom=1&edge=curl&source=gbs_api,AUTO_KEEP,,auto_keep_annotation,443,1
453,SBmyEAAAQBAJ,"Manias, Panics, and Crashes",A History of Financial Crises,"Robert Z. Aliber, Charles P. Kindleberger, Robert N. McCauley",9783031160080,9783031160080,"In the Eighth Edition of this classic text on the financial history of bubbles and crashes, Robert McCauley joins with Robert Aliber in building on Charles Kindleberger's renowned work. McCauley draws on his central banking experience to introduce new chapters on cryptocurrency and the United States as the 21st Century global lender of last resort. He also updates the book's coverage of the recent property bubble in China, as well as providing new perspectives on the US housing bubble of 2003-2006, and the Japanese bubble of the late 1980s. And he gives new attention to the social psychology that leads people to take the risk of investing in Ponzi schemes and asset price bubbles. For the first time in this revised and updated edition, figures highlight key points to ensure that today’s generation of finance and economic researchers, students, practitioners and policy-makers—as well as investors looking to avoid crashes—have access to this panoramic history of financial crisis.",Springer Nature,2023,Business & Economics,en,https://books.google.com/books/content?id=SBmyEAAAQBAJ&printsec=frontcover&img=1&zoom=1&edge=curl&source=gbs_api,AUTO_KEEP,,auto_keep_annotation,444,1
454,Iihe6s0XincC,This Time Is Different,Eight Centuries of Financial Folly,"Carmen M. Reinhart, Kenneth S. Rogoff",9780691152646,9780691152646,"Throughout history, rich and poor countries alike have been lending, borrowing, crashing--and recovering--their way through an extraordinary range of financial crises. Each time, the experts have chimed, ""this time is different""--claiming that the old rules of valuation no longer apply and that the new situation bears little similarity to past disasters. With this breakthrough study, leading economists Carmen Reinhart and Kenneth Rogoff definitively prove them wrong. Covering sixty-six countries across five continents, This Time Is Different presents a comprehensive look at the varieties of financial crises, and guides us through eight astonishing centuries of government defaults, banking panics, and inflationary spikes--from medieval currency debasements to today's subprime catastrophe. Carmen Reinhart and Kenneth Rogoff, leading economists whose work has been influential in the policy debate concerning the current financial crisis, provocatively argue that financial combustions are universal rites of passage for emerging and established market nations. The authors draw important lessons from history to show us how much--or how little--we have learned. Using clear, sharp analysis and comprehensive data, Reinhart and Rogoff document that financial fallouts occur in clusters and strike with surprisingly consistent frequency, duration, and ferocity. They examine the patterns of currency crashes, high and hyperinflation, and government defaults on international and domestic debts--as well as the cycles in housing and equity prices, capital flows, unemployment, and government revenues around these crises. While countries do weather their financial storms, Reinhart and Rogoff prove that short memories make it all too easy for crises to recur. An important book that will affect policy discussions for a long time to come, This Time Is Different exposes centuries of financial missteps.",Princeton University Press,2011,Business & Economics,en,https://books.google.com/books/content?id=Iihe6s0XincC&printsec=frontcover&img=1&zoom=1&edge=curl&source=gbs_api,AUTO_KEEP,,auto_keep_annotation,445,1
455,qxkiYul2wgoC,The Alchemy of Finance,,George Soros,9780471445494,9780471445494,"New chapter by Soros on the secrets to his success along with a new Preface and Introduction. New Foreword by renowned economist Paul Volcker ""An extraordinary . . . inside look into the decision-making process of the most successful money manager of our time. Fantastic."" —The Wall Street Journal George Soros is unquestionably one of the most powerful and profitable investors in the world today. Dubbed by BusinessWeek as ""the Man who Moves Markets,"" Soros made a fortune competing with the British pound and remains active today in the global financial community. Now, in this special edition of the classic investment book, The Alchemy of Finance, Soros presents a theoretical and practical account of current financial trends and a new paradigm by which to understand the financial market today. This edition's expanded and revised Introduction details Soros's innovative investment practices along with his views of the world and world order. He also describes a new paradigm for the ""theory of reflexivity"" which underlies his unique investment strategies. Filled with expert advice and valuable business lessons, The Alchemy of Finance reveals the timeless principles of an investing legend. This special edition will feature a new chapter by Soros on the secrets of his success and a new Foreword by the Honorable Paul Volcker, former Chairman of the Federal Reserve. George Soros (New York, NY) is President of Soros Fund Management and Chief Investment Advisor to Quantum Fund N.V., a $12 billion international investment fund. Besides his numerous ventures in finance, Soros is also extremely active in the worlds of education, culture, and economic aid and development through his Open Society Fund and the Soros Foundation.",John Wiley & Sons,2015,Business & Economics,en,https://books.google.com/books/content?id=qxkiYul2wgoC&printsec=frontcover&img=1&zoom=1&edge=curl&source=gbs_api,AUTO_KEEP,,auto_keep_annotation,446,1
456,fljfDwAAQBAJ,Principles for Dealing with the Changing World Order,Why Nations Succeed or Fail,Ray Dalio,9781471196706,9781471196706,"From legendary investor Ray Dalio, author of the international bestseller Principles, who has spent half a century studying global economies and markets, Principles for Dealing with the Changing World Order examines history’s most turbulent economic and political periods to reveal why the times ahead will likely be radically different from those we’ve experienced in our lifetimes - but similar to those that have happened many times before. A few years ago, Ray Dalio noticed a confluence of political and economic conditions he hadn’t encountered before. They included huge debts and zero or near-zero interest rates that led to massive printing of money in the world’s three major reserve currencies; big political and social conflicts within countries, especially the US, due to the largest wealth, political and values disparities in more than 100 years; and the rising of a world power (China) to challenge the existing world power (US) and the existing world order. The last time that this confluence occurred was between 1930 and 1945. This realisation sent Dalio on a search for the repeating patterns and cause/effect relationships underlying all major changes in wealth and power over the last 500 years. In this remarkable and timely addition to his Principles series, Dalio brings readers along for his study of the major empires - including the Dutch, the British and the American - putting into perspective the 'Big Cycle' that has driven the successes and failures of all the world’s major countries throughout history. Dalio reveals the timeless and universal forces behind these shifts and uses them to look into the future, offering practical principles for positioning oneself for what’s ahead.",Simon and Schuster,2021,Business & Economics,en,https://books.google.com/books/content?id=fljfDwAAQBAJ&printsec=frontcover&img=1&zoom=1&edge=curl&source=gbs_api,AUTO_KEEP,,auto_keep_annotation,447,1
457,4ZmxzMrGRf4C,Lords of Finance,"1929, The Great Depression, and the Bankers who Broke the World",Liaquat Ahamed,9781446494370,9781446494370,"THIS HAS HAPPENED BEFORE. The current financial crisis has only one parallel: the Wall Street Crash of 1929 and subsequent Great Depression of the 1930s, which crippled the future of an entire generation and set the stage for the horrors of the Second World War. Yet the economic meltdown could have been avoided, had it not been for the decisions taken by a small number of central bankers. In Lords of Finance, we meet these men, the four bankers who truly broke the world: the enigmatic Norman Montagu of the bank of England, Benjamin Strong of the NY Federal Reserve, the arrogant yet brilliant Hjalmar Schacht of the Reichsbanlk and the xenophobic Emile Moreau of the Banque de France. Their names were lost to history, their lives and actions forgotten, until now. Liaquat Ahamed tells their story in vivid and gripping detail, in a timely and arresting reminder that individuals - their ambitions, limitations and human nature - lie at the very heart of global catastrophe.",Random House,2011,Business & Economics,en,https://books.google.com/books/content?id=4ZmxzMrGRf4C&printsec=frontcover&img=1&zoom=1&edge=curl&source=gbs_api,AUTO_KEEP,,auto_keep_annotation,448,1
458,oV1tXT3HigoC,"Thinking, Fast and Slow",,Daniel Kahneman,9780141918921,9780141918921,"One of the most influential books of the 21st century: the ground-breaking psychology classic - over 10 million copies sold - that changed the way we think about thinking 'There have been many good books on human rationality and irrationality, but only one masterpiece. That masterpiece is Thinking, Fast and Slow' Financial Times 'A lifetime's worth of wisdom' Steven D. Levitt, co-author of Freakonomics Why do we make the decisions we do? Nobel Prize winner Daniel Kahneman revolutionised our understanding of human behaviour with Thinking, Fast and Slow. Distilling his life's work, Kahneman showed that there are two ways we make choices: fast, intuitive thinking, and slow, rational thinking. His book reveals how our minds are tripped up by error, bias and prejudice (even when we think we are being logical) and gives practical techniques that enable us all to improve our decision-making. This profound exploration of the marvels and limitations of the human mind has had a lasting impact on how we see ourselves. 'The godfather of behavioural science ... his steely analysis of the human mind and its many flaws remains perhaps the most useful guide to remaining sane and steady' Sunday Times",Penguin UK,2011,Psychology,en,https://books.google.com/books/content?id=oV1tXT3HigoC&printsec=frontcover&img=1&zoom=1&edge=curl&source=gbs_api,AUTO_KEEP,,auto_keep_annotation,449,1
459,uzkX3Vpj3ywC,Fooled by Randomness,The Hidden Role of Chance in Life and in the Markets,Nassim Nicholas Taleb,9780141930237,9780141930237,"'One of the smartest books of all time' Fortune 'The hottest thinker in the world' Sunday Times Everyone wants to succeed in life. But what causes some of us to be more successful than others? Is it really down to skill and strategy - or something altogether more unpredictable? This book is the bestselling sensation that will change the way you think about business and the world. It is all about luck: more precisely, how we perceive luck in our personal and professional experiences. Nowhere is this more obvious than in the markets - we hear an entrepreneur has 'vision' or a trader is 'talented', but all too often their performance is down to chance rather than skill. It is only because we fail to understand probability that we continue to believe events are non-random, finding reasons where none exist. 'An iconoclastic tour de force ... nothing escapes his Exocets' Evening Standard 'Brilliant' John Kay 'Excellent and thought-provoking ... an entertaining book' Financial Times 'Wall Street's principal dissident' Malcolm Gladwell",Penguin UK,2007,Business & Economics,en,https://books.google.com/books/content?id=uzkX3Vpj3ywC&printsec=frontcover&img=1&zoom=1&edge=curl&source=gbs_api,AUTO_KEEP,,auto_keep_annotation,450,1
460,-gXKAgAAQBAJ,Japanese Candlestick Charting Techniques,"A Contemporary Guide to the Ancient Investment Techniques of the Far East, Second Edition",Steve Nison,9781101659786,9781101659786,"The ultimate guide to a critical tool for mastering the financial markets A longstanding form of technical analysis, Japanese candlestick charts are a dynamic and increasingly popular technical tool for traders of all skill levels. Known for its versatility, this ancient charting can be fused with every other technical tool available, including traditional Western technical analysis. Japanese Candlestick Charting Techniques is the most comprehensive and trusted guide to this essential technique. Informed by years of research from a pioneer trader, this book covers everything you need to know, including hundreds of examples that show how candlestick techniques can be used in all of today’s markets. This totally updated revision focuses on the needs of today’s traders and investors with: • All new charts including more intra-day markets • New candlestick charting techniques • More focus on active trading for swing, online and day traders • New Western techniques in combination with candles • A greater spotlight on capital preservation. From speculation and hedging to futures and equities, candlestick charting is the next level up for both amateur day traders and seasoned technicians, and this book provides expert guidance for putting it into action.",Penguin,2001,Business & Economics,en,https://books.google.com/books/content?id=-gXKAgAAQBAJ&printsec=frontcover&img=1&zoom=1&edge=curl&source=gbs_api,AUTO_KEEP,,auto_keep_annotation,451,1
461,i2j3nQEACAAJ,Market Microstructure in Practice,,"Charles-Albert Lehalle, Sophie Laruelle",9789814566162,9789814566162,"Market Microstructure in Practice comments on the consequences of Reg NMS and MiFID on market microstructure. It covers changes in market design, electronic trading, and investor and trader behaviors. The emergence of high frequency trading and critical events like the “Flash Crash” of 2010 are also analyzed in depth. Using a quantitative viewpoint, this book will help students, academics, regulators, policy makers, and practitioners understand how an attrition of liquidity and regulatory changes can impact the whole microstructure of financial markets. A mathematical Appendix details the quantitative tools and indicators used through the book, allowing the reader to go further on his own.",World Scientific Publishing Company Incorporated,2013,Business & Economics,en,https://books.google.com/books/content?id=i2j3nQEACAAJ&printsec=frontcover&img=1&zoom=1&source=gbs_api,AUTO_KEEP,,auto_keep_annotation,452,1
462,CMybzwEACAAJ,Algorithmic Trading & DMA,An Introduction to Direct Access Trading Strategies,Barry Johnson (analiza finansowa),9780367748456,9780367748456,,,2011,,en,,AUTO_KEEP,,auto_keep_annotation,453,1
463,NZlV0M5Ije4C,Quantitative Trading,How to Build Your Own Algorithmic Trading Business,Ernie Chan,9780470466261,9780470466261,"While institutional traders continue to implement quantitative (or algorithmic) trading, many independent traders have wondered if they can still challenge powerful industry professionals at their own game? The answer is ""yes,"" and in Quantitative Trading, Dr. Ernest Chan, a respected independent trader and consultant, will show you how. Whether you're an independent ""retail"" trader looking to start your own quantitative trading business or an individual who aspires to work as a quantitative trader at a major financial institution, this practical guide contains the information you need to succeed.",John Wiley & Sons,2009,Business & Economics,en,https://books.google.com/books/content?id=NZlV0M5Ije4C&printsec=frontcover&img=1&zoom=1&edge=curl&source=gbs_api,AUTO_KEEP,,auto_keep_annotation,454,1
464,y3dxCgAAQBAJ,Systematic Trading,A unique new method for designing trading and investing systems,Robert Carver,9780857195005,9780857195005,"This is not just another book with yet another trading system. This is a complete guide to developing your own systems to help you make and execute trading and investing decisions. It is intended for everyone who wishes to systematise their financial decision making, either completely or to some degree. Author Robert Carver draws on financial theory, his experience managing systematic hedge fund strategies and his own in-depth research to explain why systematic trading makes sense and demonstrates how it can be done safely and profitably. Every aspect, from creating trading rules to position sizing, is thoroughly explained. The framework described here can be used with all assets, including equities, bonds, forex and commodities. There is no magic formula that will guarantee success, but cutting out simple mistakes will improve your performance. You'll learn how to avoid common pitfalls such as over-complicating your strategy, being too optimistic about likely returns, taking excessive risks and trading too frequently. Important features include: - The theory behind systematic trading: why and when it works, and when it doesn't. - Simple and effective ways to design effective strategies. - A complete position management framework which can be adapted for your needs. - How fully systematic traders can create or adapt trading rules to forecast prices. - Making discretionary trading decisions within a systematic framework for position management. - Why traditional long only investors should use systems to ensure proper diversification, and avoid costly and unnecessary portfolio churn. - Adapting strategies depending on the cost of trading and how much capital is being used. - Practical examples from UK, US and international markets showing how the framework can be used. Systematic Trading is detailed, comprehensive and full of practical advice. It provides a unique new approach to system development and a must for anyone considering using systems to make some, or all, of their investment decisions.",Harriman House Limited,2015,Business & Economics,en,https://books.google.com/books/content?id=y3dxCgAAQBAJ&printsec=frontcover&img=1&zoom=1&edge=curl&source=gbs_api,AUTO_KEEP,,auto_keep_annotation,455,1
465,psSLKgV8IO4C,The Outsiders,Eight Unconventional CEOs and Their Radically Rational Blueprint for Success,William Thorndike,9781422162675,9781422162675,It's time to redefine the CEO success story. Meet eight iconoclastic leaders who helmed firms where returns on average outperformed the S&P 500 by more than 20 times.,Harvard Business Press,2012,Business & Economics,en,https://books.google.com/books/content?id=psSLKgV8IO4C&printsec=frontcover&img=1&zoom=1&edge=curl&source=gbs_api,AUTO_KEEP,,auto_keep_annotation,456,1
466,mNcBEAAAQBAJ,Value Investing,From Graham to Buffett and Beyond,"Bruce C. Greenwald, Judd Kahn, Erin Bellissimo, Mark A. Cooper, Tano Santos",9780470116739,9780470116739,"Explore the modern extension of value investing in this essential text from ""the guru to Wall Street’s gurus"" The substantially rewritten Second Edition of Value Investing: From Graham to Buffett and Beyond delivers an incisive and refined approach to investing grounded on almost 100 years of history, beginning with Graham and Dodd. Founded on the value investing course taught for almost twenty-five years by co-author Bruce Greenwald at Columbia Business School, the book helps investors consistently land on the profitable side of the trade. Readers will learn how to search for underpriced securities, value them accurately, hone a research strategy, and apply it all in the context of a risk management practice that mitigates the chance of a permanent loss of capital. The new edition includes: Two innovative new chapters discussing the valuation of growth stocks, a perennial problem for investors in the Graham and Dodd tradition New profiles of successful investors, including Tom Russo, Paul Hilal, and Andrew Weiss An extended discussion of risk management, including modern best practices in an environment where it is often divorced from individual security selection A substantive expansion of an already highly regarded book, Value Investing: From Graham to Buffett and Beyond is the premier text discussing the application of timeless investing principles within a transformed economic environment. It is an essential resource for portfolio managers, retail and institutional investors, and anyone else with a professional or personal interest in securities valuation and investing. Successful value investing practitioners have graced both the course and this book with presentations describing what they really do when they are at work. Find brief descriptions of their practices within, and video presentations available on the web site that accompanies this volume: www.wiley.com/go/greenwald/valueinvesting2e",John Wiley & Sons,2020,Business & Economics,en,https://books.google.com/books/content?id=mNcBEAAAQBAJ&printsec=frontcover&img=1&zoom=1&edge=curl&source=gbs_api,AUTO_KEEP,,auto_keep_annotation,457,1
467,5EhKCgAAQBAJ,Valuation,Measuring and Managing the Value of Companies,"McKinsey & Company Inc., Tim Koller, Marc Goedhart, David Wessels",9781118873939,9781118873939,"McKinsey & Company's #1 best-selling guide to corporate valuation, now in its sixth edition Valuation is the single best guide of its kind, helping financial professionals worldwide excel at measuring, managing, and maximizing shareholder and company value. This new sixth edition provides insights on the strategic advantages of value-based management, complete detailed instruction, and nuances managers should know about valuation and valuation techniques as applied to different industries, emerging markets, and other special situations. Valuation lies at the crossroads of corporate strategy and finance. In today's economy, it has become an essential role — and one that requires excellence at all points. This guide shows you everything you need to know, and gives you the understanding you need to be effective. Estimate the value of business strategies to drive better decision making Understand which business units a corporate parent is best positioned to own Assess major transactions, including acquisitions, divestitures, and restructurings Design a capital structure that supports strategy and minimizes risk As the valuation function becomes ever more central to long- and short-term strategy, analysts and managers need an authoritative reference to turn to for answers to challenging situations. Valuation stands ahead of the field for its reputation, quality, and prestige, putting the solutions you need right at your fingertips.",John Wiley & Sons,2015,Business & Economics,en,https://books.google.com/books/content?id=5EhKCgAAQBAJ&printsec=frontcover&img=1&zoom=1&edge=curl&source=gbs_api,AUTO_KEEP,,auto_keep_annotation,458,1
468,4vrIAgAAQBAJ,Against the Gods,The Remarkable Story of Risk,Peter L. Bernstein,9780471121046,9780471121046,"A Business Week, New York Times Business, and USA Today Bestseller ""Ambitious and readable . . . an engaging introduction to the oddsmakers, whom Bernstein regards as true humanists helping to release mankind from the choke holds of superstition and fatalism."" —The New York Times ""An extraordinarily entertaining and informative book."" —The Wall Street Journal ""A lively panoramic book . . . Against the Gods sets up an ambitious premise and then delivers on it."" —Business Week ""Deserves to be, and surely will be, widely read."" —The Economist ""[A] challenging book, one that may change forever the way people think about the world."" —Worth ""No one else could have written a book of such central importance with so much charm and excitement."" —Robert Heilbroner author, The Worldly Philosophers ""With his wonderful knowledge of the history and current manifestations of risk, Peter Bernstein brings us Against the Gods. Nothing like it will come out of the financial world this year or ever. I speak carefully: no one should miss it."" —John Kenneth Galbraith Professor of Economics Emeritus, Harvard University In this unique exploration of the role of risk in our society, Peter Bernstein argues that the notion of bringing risk under control is one of the central ideas that distinguishes modern times from the distant past. Against the Gods chronicles the remarkable intellectual adventure that liberated humanity from oracles and soothsayers by means of the powerful tools of risk management that are available to us today. ""An extremely readable history of risk."" —Barron's ""Fascinating . . . this challenging volume will help you understand the uncertainties that every investor must face."" —Money ""A singular achievement."" —Times Literary Supplement ""There's a growing market for savants who can render the recondite intelligibly-witness Stephen Jay Gould (natural history), Oliver Sacks (disease), Richard Dawkins (heredity), James Gleick (physics), Paul Krugman (economics)-and Bernstein would mingle well in their company."" —The Australian",John Wiley & Sons,1996,Business & Economics,en,https://books.google.com/books/content?id=4vrIAgAAQBAJ&printsec=frontcover&img=1&zoom=1&edge=curl&source=gbs_api,AUTO_KEEP,,auto_keep_annotation,459,1
